=== pull attempt 1 ===
 target-m Pulling 
 43cf3a9e2a40 Pulling fs layer 
 47fb2fcd8445 Pulling fs layer 
 84da87a98ea3 Pulling fs layer 
 7aee18c98c59 Pulling fs layer 
 8b6e3bfdb228 Pulling fs layer 
 b1494b474174 Pulling fs layer 
 da9129f8f7ad Pulling fs layer 
 36d703894057 Pulling fs layer 
 8b6e3bfdb228 Download complete 
 47fb2fcd8445 Downloading [================>                                  ]  1.049MB/3.163MB
 47fb2fcd8445 Downloading [================>                                  ]  1.049MB/3.163MB
 47fb2fcd8445 Downloading [=================================>                 ]  2.097MB/3.163MB
 47fb2fcd8445 Downloading [==================================================>]  3.163MB/3.163MB
 b1494b474174 Download complete 
 47fb2fcd8445 Download complete 
 36d703894057 Downloading [====================>                              ]  1.049MB/2.618MB
 36d703894057 Downloading [====================>                              ]  1.049MB/2.618MB
 36d703894057 Downloading [====================>                              ]  1.049MB/2.618MB
 36d703894057 Downloading [========================================>          ]  2.097MB/2.618MB
 36d703894057 Downloading [========================================>          ]  2.097MB/2.618MB
 36d703894057 Download complete 
 43cf3a9e2a40 Downloading [====================>                              ]  1.049MB/2.616MB
 84da87a98ea3 Downloading [====================>                              ]  1.049MB/2.611MB
 43cf3a9e2a40 Downloading [====================>                              ]  1.049MB/2.616MB
 84da87a98ea3 Downloading [====================>                              ]  1.049MB/2.611MB
 43cf3a9e2a40 Downloading [====================>                              ]  1.049MB/2.616MB
 84da87a98ea3 Downloading [====================>                              ]  1.049MB/2.611MB
 84da87a98ea3 Downloading [====================>                              ]  1.049MB/2.611MB
 43cf3a9e2a40 Downloading [====================>                              ]  1.049MB/2.616MB
 43cf3a9e2a40 Downloading [====================>                              ]  1.049MB/2.616MB
 84da87a98ea3 Downloading [====================>                              ]  1.049MB/2.611MB
 43cf3a9e2a40 Downloading [====================>                              ]  1.049MB/2.616MB
 84da87a98ea3 Downloading [====================>                              ]  1.049MB/2.611MB
 43cf3a9e2a40 Downloading [====================>                              ]  1.049MB/2.616MB
 84da87a98ea3 Downloading [========================================>          ]  2.097MB/2.611MB
 84da87a98ea3 Downloading [========================================>          ]  2.097MB/2.611MB
 da9129f8f7ad Downloading [==>                                                ]  1.049MB/25.62MB
 43cf3a9e2a40 Downloading [====================>                              ]  1.049MB/2.616MB
 43cf3a9e2a40 Downloading [========================================>          ]  2.097MB/2.616MB
 84da87a98ea3 Download complete 
 da9129f8f7ad Downloading [==>                                                ]  1.049MB/25.62MB
 43cf3a9e2a40 Downloading [========================================>          ]  2.097MB/2.616MB
 7aee18c98c59 Downloading [>                                                  ]  1.049MB/595.5MB
 da9129f8f7ad Downloading [==>                                                ]  1.049MB/25.62MB
 da9129f8f7ad Downloading [==>                                                ]  1.049MB/25.62MB
 43cf3a9e2a40 Downloading [========================================>          ]  2.097MB/2.616MB
 7aee18c98c59 Downloading [>                                                  ]  1.049MB/595.5MB
 43cf3a9e2a40 Downloading [========================================>          ]  2.097MB/2.616MB
 7aee18c98c59 Downloading [>                                                  ]  1.049MB/595.5MB
 da9129f8f7ad Downloading [==>                                                ]  1.049MB/25.62MB
 43cf3a9e2a40 Download complete 
 7aee18c98c59 Downloading [>                                                  ]  1.049MB/595.5MB
 da9129f8f7ad Downloading [==>                                                ]  1.049MB/25.62MB
 7aee18c98c59 Downloading [>                                                  ]  1.049MB/595.5MB
 da9129f8f7ad Downloading [==>                                                ]  1.049MB/25.62MB
 7aee18c98c59 Downloading [>                                                  ]  1.049MB/595.5MB
 da9129f8f7ad Downloading [==>                                                ]  1.049MB/25.62MB
 7aee18c98c59 Downloading [>                                                  ]  2.097MB/595.5MB
 da9129f8f7ad Downloading [==>                                                ]  1.049MB/25.62MB
 7aee18c98c59 Downloading [>                                                  ]  2.097MB/595.5MB
 da9129f8f7ad Downloading [====>                                              ]  2.097MB/25.62MB
 7aee18c98c59 Downloading [>                                                  ]  2.097MB/595.5MB
 da9129f8f7ad Downloading [====>                                              ]  2.097MB/25.62MB
 7aee18c98c59 Downloading [>                                                  ]  2.097MB/595.5MB
 da9129f8f7ad Downloading [====>                                              ]  2.097MB/25.62MB
 7aee18c98c59 Downloading [>                                                  ]  2.097MB/595.5MB
 da9129f8f7ad Downloading [====>                                              ]  2.097MB/25.62MB
 7aee18c98c59 Downloading [>                                                  ]  3.146MB/595.5MB
 da9129f8f7ad Downloading [====>                                              ]  2.097MB/25.62MB
 7aee18c98c59 Downloading [>                                                  ]  3.146MB/595.5MB
 da9129f8f7ad Downloading [====>                                              ]  2.097MB/25.62MB
 7aee18c98c59 Downloading [>                                                  ]  3.146MB/595.5MB
 da9129f8f7ad Downloading [====>                                              ]  2.097MB/25.62MB
 7aee18c98c59 Downloading [>                                                  ]  3.146MB/595.5MB
 da9129f8f7ad Downloading [====>                                              ]  2.097MB/25.62MB
 7aee18c98c59 Downloading [>                                                  ]  3.146MB/595.5MB
 da9129f8f7ad Downloading [======>                                            ]  3.146MB/25.62MB
 da9129f8f7ad Downloading [======>                                            ]  3.146MB/25.62MB
 7aee18c98c59 Downloading [>                                                  ]  4.194MB/595.5MB
 da9129f8f7ad Downloading [======>                                            ]  3.146MB/25.62MB
 7aee18c98c59 Downloading [>                                                  ]  4.194MB/595.5MB
 7aee18c98c59 Downloading [>                                                  ]  4.194MB/595.5MB
 da9129f8f7ad Downloading [======>                                            ]  3.146MB/25.62MB
 da9129f8f7ad Downloading [======>                                            ]  3.146MB/25.62MB
 7aee18c98c59 Downloading [>                                                  ]  4.194MB/595.5MB
 7aee18c98c59 Downloading [>                                                  ]  5.243MB/595.5MB
 da9129f8f7ad Downloading [======>                                            ]  3.146MB/25.62MB
 da9129f8f7ad Downloading [========>                                          ]  4.194MB/25.62MB
 7aee18c98c59 Downloading [>                                                  ]  5.243MB/595.5MB
 7aee18c98c59 Downloading [>                                                  ]  5.243MB/595.5MB
 da9129f8f7ad Downloading [========>                                          ]  4.194MB/25.62MB
 7aee18c98c59 Downloading [>                                                  ]  5.243MB/595.5MB
 da9129f8f7ad Downloading [========>                                          ]  4.194MB/25.62MB
 7aee18c98c59 Downloading [>                                                  ]  6.291MB/595.5MB
 da9129f8f7ad Downloading [========>                                          ]  4.194MB/25.62MB
 7aee18c98c59 Downloading [>                                                  ]  6.291MB/595.5MB
 da9129f8f7ad Downloading [========>                                          ]  4.194MB/25.62MB
 7aee18c98c59 Downloading [>                                                  ]  6.291MB/595.5MB
 da9129f8f7ad Downloading [==========>                                        ]  5.243MB/25.62MB
 da9129f8f7ad Downloading [==========>                                        ]  5.243MB/25.62MB
 7aee18c98c59 Downloading [>                                                  ]  6.291MB/595.5MB
 7aee18c98c59 Downloading [>                                                  ]   7.34MB/595.5MB
 da9129f8f7ad Downloading [==========>                                        ]  5.243MB/25.62MB
 da9129f8f7ad Downloading [==========>                                        ]  5.243MB/25.62MB
 7aee18c98c59 Downloading [>                                                  ]   7.34MB/595.5MB
 7aee18c98c59 Downloading [>                                                  ]   7.34MB/595.5MB
 da9129f8f7ad Downloading [==========>                                        ]  5.243MB/25.62MB
 7aee18c98c59 Downloading [>                                                  ]   7.34MB/595.5MB
 da9129f8f7ad Downloading [==========>                                        ]  5.243MB/25.62MB
 7aee18c98c59 Downloading [>                                                  ]   7.34MB/595.5MB
 da9129f8f7ad Downloading [==========>                                        ]  5.243MB/25.62MB
 7aee18c98c59 Downloading [>                                                  ]  8.389MB/595.5MB
 da9129f8f7ad Downloading [============>                                      ]  6.291MB/25.62MB
 da9129f8f7ad Downloading [============>                                      ]  6.291MB/25.62MB
 7aee18c98c59 Downloading [>                                                  ]  8.389MB/595.5MB
 da9129f8f7ad Downloading [============>                                      ]  6.291MB/25.62MB
 7aee18c98c59 Downloading [>                                                  ]  8.389MB/595.5MB
 da9129f8f7ad Downloading [============>                                      ]  6.291MB/25.62MB
 7aee18c98c59 Downloading [>                                                  ]  8.389MB/595.5MB
 7aee18c98c59 Downloading [>                                                  ]  8.389MB/595.5MB
 da9129f8f7ad Downloading [============>                                      ]  6.291MB/25.62MB
 7aee18c98c59 Downloading [>                                                  ]  9.437MB/595.5MB
 da9129f8f7ad Downloading [============>                                      ]  6.291MB/25.62MB
 da9129f8f7ad Downloading [==============>                                    ]   7.34MB/25.62MB
 7aee18c98c59 Downloading [>                                                  ]  9.437MB/595.5MB
 da9129f8f7ad Downloading [==============>                                    ]   7.34MB/25.62MB
 7aee18c98c59 Downloading [>                                                  ]  9.437MB/595.5MB
 da9129f8f7ad Downloading [==============>                                    ]   7.34MB/25.62MB
 7aee18c98c59 Downloading [>                                                  ]  9.437MB/595.5MB
 7aee18c98c59 Downloading [>                                                  ]  10.49MB/595.5MB
 da9129f8f7ad Downloading [==============>                                    ]   7.34MB/25.62MB
 da9129f8f7ad Downloading [==============>                                    ]   7.34MB/25.62MB
 7aee18c98c59 Downloading [>                                                  ]  10.49MB/595.5MB
 7aee18c98c59 Downloading [>                                                  ]  10.49MB/595.5MB
 da9129f8f7ad Downloading [==============>                                    ]   7.34MB/25.62MB
 da9129f8f7ad Downloading [================>                                  ]  8.389MB/25.62MB
 7aee18c98c59 Downloading [>                                                  ]  10.49MB/595.5MB
 7aee18c98c59 Downloading [>                                                  ]  11.53MB/595.5MB
 da9129f8f7ad Downloading [================>                                  ]  8.389MB/25.62MB
 7aee18c98c59 Downloading [>                                                  ]  11.53MB/595.5MB
 da9129f8f7ad Downloading [================>                                  ]  8.389MB/25.62MB
 da9129f8f7ad Downloading [================>                                  ]  8.389MB/25.62MB
 7aee18c98c59 Downloading [>                                                  ]  11.53MB/595.5MB
 7aee18c98c59 Downloading [>                                                  ]  11.53MB/595.5MB
 da9129f8f7ad Downloading [================>                                  ]  8.389MB/25.62MB
 da9129f8f7ad Downloading [================>                                  ]  8.389MB/25.62MB
 7aee18c98c59 Downloading [>                                                  ]  11.53MB/595.5MB
 da9129f8f7ad Downloading [==================>                                ]  9.437MB/25.62MB
 7aee18c98c59 Downloading [=>                                                 ]  12.58MB/595.5MB
 da9129f8f7ad Downloading [==================>                                ]  9.437MB/25.62MB
 7aee18c98c59 Downloading [=>                                                 ]  12.58MB/595.5MB
 da9129f8f7ad Downloading [==================>                                ]  9.437MB/25.62MB
 7aee18c98c59 Downloading [=>                                                 ]  12.58MB/595.5MB
 7aee18c98c59 Downloading [=>                                                 ]  12.58MB/595.5MB
 da9129f8f7ad Downloading [==================>                                ]  9.437MB/25.62MB
 7aee18c98c59 Downloading [=>                                                 ]  13.63MB/595.5MB
 da9129f8f7ad Downloading [==================>                                ]  9.437MB/25.62MB
 da9129f8f7ad Downloading [==================>                                ]  9.437MB/25.62MB
 7aee18c98c59 Downloading [=>                                                 ]  13.63MB/595.5MB
 7aee18c98c59 Downloading [=>                                                 ]  13.63MB/595.5MB
 da9129f8f7ad Downloading [====================>                              ]  10.49MB/25.62MB
 da9129f8f7ad Downloading [====================>                              ]  10.49MB/25.62MB
 7aee18c98c59 Downloading [=>                                                 ]  13.63MB/595.5MB
 da9129f8f7ad Downloading [====================>                              ]  10.49MB/25.62MB
 7aee18c98c59 Downloading [=>                                                 ]  14.68MB/595.5MB
 7aee18c98c59 Downloading [=>                                                 ]  14.68MB/595.5MB
 da9129f8f7ad Downloading [====================>                              ]  10.49MB/25.62MB
 7aee18c98c59 Downloading [=>                                                 ]  14.68MB/595.5MB
 da9129f8f7ad Downloading [====================>                              ]  10.49MB/25.62MB
 7aee18c98c59 Downloading [=>                                                 ]  14.68MB/595.5MB
 da9129f8f7ad Downloading [====================>                              ]  10.49MB/25.62MB
 7aee18c98c59 Downloading [=>                                                 ]  14.68MB/595.5MB
 da9129f8f7ad Downloading [======================>                            ]  11.53MB/25.62MB
 7aee18c98c59 Downloading [=>                                                 ]  15.73MB/595.5MB
 da9129f8f7ad Downloading [======================>                            ]  11.53MB/25.62MB
 da9129f8f7ad Downloading [======================>                            ]  11.53MB/25.62MB
 7aee18c98c59 Downloading [=>                                                 ]  15.73MB/595.5MB
 7aee18c98c59 Downloading [=>                                                 ]  15.73MB/595.5MB
 da9129f8f7ad Downloading [======================>                            ]  11.53MB/25.62MB
 7aee18c98c59 Downloading [=>                                                 ]  15.73MB/595.5MB
 da9129f8f7ad Downloading [======================>                            ]  11.53MB/25.62MB
 7aee18c98c59 Downloading [=>                                                 ]  16.78MB/595.5MB
 da9129f8f7ad Downloading [======================>                            ]  11.53MB/25.62MB
 7aee18c98c59 Downloading [=>                                                 ]  16.78MB/595.5MB
 da9129f8f7ad Downloading [========================>                          ]  12.58MB/25.62MB
 7aee18c98c59 Downloading [=>                                                 ]  16.78MB/595.5MB
 da9129f8f7ad Downloading [========================>                          ]  12.58MB/25.62MB
 da9129f8f7ad Downloading [========================>                          ]  12.58MB/25.62MB
 7aee18c98c59 Downloading [=>                                                 ]  16.78MB/595.5MB
 da9129f8f7ad Downloading [========================>                          ]  12.58MB/25.62MB
 7aee18c98c59 Downloading [=>                                                 ]  17.83MB/595.5MB
 da9129f8f7ad Downloading [========================>                          ]  12.58MB/25.62MB
 7aee18c98c59 Downloading [=>                                                 ]  17.83MB/595.5MB
 7aee18c98c59 Downloading [=>                                                 ]  17.83MB/595.5MB
 da9129f8f7ad Downloading [========================>                          ]  12.58MB/25.62MB
 da9129f8f7ad Downloading [========================>                          ]  12.58MB/25.62MB
 7aee18c98c59 Downloading [=>                                                 ]  17.83MB/595.5MB
 da9129f8f7ad Downloading [==========================>                        ]  13.63MB/25.62MB
 7aee18c98c59 Downloading [=>                                                 ]  17.83MB/595.5MB
 7aee18c98c59 Downloading [=>                                                 ]  18.87MB/595.5MB
 da9129f8f7ad Downloading [==========================>                        ]  13.63MB/25.62MB
 7aee18c98c59 Downloading [=>                                                 ]  18.87MB/595.5MB
 da9129f8f7ad Downloading [==========================>                        ]  13.63MB/25.62MB
 7aee18c98c59 Downloading [=>                                                 ]  18.87MB/595.5MB
 da9129f8f7ad Downloading [==========================>                        ]  13.63MB/25.62MB
 da9129f8f7ad Downloading [==========================>                        ]  13.63MB/25.62MB
 7aee18c98c59 Downloading [=>                                                 ]  18.87MB/595.5MB
 7aee18c98c59 Downloading [=>                                                 ]  19.92MB/595.5MB
 da9129f8f7ad Downloading [==========================>                        ]  13.63MB/25.62MB
 7aee18c98c59 Downloading [=>                                                 ]  19.92MB/595.5MB
 da9129f8f7ad Downloading [============================>                      ]  14.68MB/25.62MB
 da9129f8f7ad Downloading [============================>                      ]  14.68MB/25.62MB
 7aee18c98c59 Downloading [=>                                                 ]  19.92MB/595.5MB
 da9129f8f7ad Downloading [============================>                      ]  14.68MB/25.62MB
 7aee18c98c59 Downloading [=>                                                 ]  19.92MB/595.5MB
 7aee18c98c59 Downloading [=>                                                 ]  20.97MB/595.5MB
 da9129f8f7ad Downloading [============================>                      ]  14.68MB/25.62MB
 7aee18c98c59 Downloading [=>                                                 ]  20.97MB/595.5MB
 da9129f8f7ad Downloading [============================>                      ]  14.68MB/25.62MB
 da9129f8f7ad Downloading [============================>                      ]  14.68MB/25.62MB
 7aee18c98c59 Downloading [=>                                                 ]  20.97MB/595.5MB
 7aee18c98c59 Downloading [=>                                                 ]  22.02MB/595.5MB
 da9129f8f7ad Downloading [============================>                      ]  14.68MB/25.62MB
 7aee18c98c59 Downloading [=>                                                 ]  22.02MB/595.5MB
 da9129f8f7ad Downloading [============================>                      ]  14.68MB/25.62MB
 da9129f8f7ad Downloading [==============================>                    ]  15.73MB/25.62MB
 7aee18c98c59 Downloading [=>                                                 ]  22.02MB/595.5MB
 da9129f8f7ad Downloading [==============================>                    ]  15.73MB/25.62MB
 7aee18c98c59 Downloading [=>                                                 ]  22.02MB/595.5MB
 7aee18c98c59 Downloading [=>                                                 ]  22.02MB/595.5MB
 da9129f8f7ad Downloading [==============================>                    ]  15.73MB/25.62MB
 7aee18c98c59 Downloading [=>                                                 ]  22.02MB/595.5MB
 da9129f8f7ad Downloading [==============================>                    ]  15.73MB/25.62MB
 7aee18c98c59 Downloading [=>                                                 ]  22.02MB/595.5MB
 da9129f8f7ad Downloading [==============================>                    ]  15.73MB/25.62MB
 7aee18c98c59 Downloading [=>                                                 ]  22.02MB/595.5MB
 da9129f8f7ad Downloading [==============================>                    ]  15.73MB/25.62MB
 7aee18c98c59 Downloading [=>                                                 ]  23.07MB/595.5MB
 da9129f8f7ad Downloading [==============================>                    ]  15.73MB/25.62MB
 7aee18c98c59 Downloading [=>                                                 ]  23.07MB/595.5MB
 da9129f8f7ad Downloading [================================>                  ]  16.78MB/25.62MB
 7aee18c98c59 Downloading [=>                                                 ]  23.07MB/595.5MB
 da9129f8f7ad Downloading [================================>                  ]  16.78MB/25.62MB
 da9129f8f7ad Downloading [================================>                  ]  16.78MB/25.62MB
 7aee18c98c59 Downloading [=>                                                 ]  23.07MB/595.5MB
 7aee18c98c59 Downloading [=>                                                 ]  23.07MB/595.5MB
 da9129f8f7ad Downloading [================================>                  ]  16.78MB/25.62MB
 da9129f8f7ad Downloading [================================>                  ]  16.78MB/25.62MB
 7aee18c98c59 Downloading [==>                                                ]  24.12MB/595.5MB
 7aee18c98c59 Downloading [==>                                                ]  24.12MB/595.5MB
 da9129f8f7ad Downloading [================================>                  ]  16.78MB/25.62MB
 da9129f8f7ad Downloading [================================>                  ]  16.78MB/25.62MB
 7aee18c98c59 Downloading [==>                                                ]  24.12MB/595.5MB
 da9129f8f7ad Downloading [================================>                  ]  16.78MB/25.62MB
 7aee18c98c59 Downloading [==>                                                ]  24.12MB/595.5MB
 7aee18c98c59 Downloading [==>                                                ]  24.12MB/595.5MB
 da9129f8f7ad Downloading [==================================>                ]  17.83MB/25.62MB
 7aee18c98c59 Downloading [==>                                                ]  25.17MB/595.5MB
 da9129f8f7ad Downloading [==================================>                ]  17.83MB/25.62MB
 7aee18c98c59 Downloading [==>                                                ]  25.17MB/595.5MB
 da9129f8f7ad Downloading [==================================>                ]  17.83MB/25.62MB
 7aee18c98c59 Downloading [==>                                                ]  25.17MB/595.5MB
 da9129f8f7ad Downloading [==================================>                ]  17.83MB/25.62MB
 7aee18c98c59 Downloading [==>                                                ]  25.17MB/595.5MB
 da9129f8f7ad Downloading [==================================>                ]  17.83MB/25.62MB
 da9129f8f7ad Downloading [==================================>                ]  17.83MB/25.62MB
 7aee18c98c59 Downloading [==>                                                ]  26.21MB/595.5MB
 7aee18c98c59 Downloading [==>                                                ]  26.21MB/595.5MB
 da9129f8f7ad Downloading [====================================>              ]  18.87MB/25.62MB
 da9129f8f7ad Downloading [====================================>              ]  18.87MB/25.62MB
 7aee18c98c59 Downloading [==>                                                ]  26.21MB/595.5MB
 da9129f8f7ad Downloading [====================================>              ]  18.87MB/25.62MB
 7aee18c98c59 Downloading [==>                                                ]  26.21MB/595.5MB
 7aee18c98c59 Downloading [==>                                                ]  26.21MB/595.5MB
 da9129f8f7ad Downloading [====================================>              ]  18.87MB/25.62MB
 7aee18c98c59 Downloading [==>                                                ]  26.21MB/595.5MB
 da9129f8f7ad Downloading [====================================>              ]  18.87MB/25.62MB
 7aee18c98c59 Downloading [==>                                                ]  26.21MB/595.5MB
 da9129f8f7ad Downloading [====================================>              ]  18.87MB/25.62MB
 7aee18c98c59 Downloading [==>                                                ]  27.26MB/595.5MB
 da9129f8f7ad Downloading [======================================>            ]  19.92MB/25.62MB
 7aee18c98c59 Downloading [==>                                                ]  27.26MB/595.5MB
 da9129f8f7ad Downloading [======================================>            ]  19.92MB/25.62MB
 7aee18c98c59 Downloading [==>                                                ]  27.26MB/595.5MB
 da9129f8f7ad Downloading [======================================>            ]  19.92MB/25.62MB
 da9129f8f7ad Downloading [======================================>            ]  19.92MB/25.62MB
 7aee18c98c59 Downloading [==>                                                ]  27.26MB/595.5MB
 da9129f8f7ad Downloading [======================================>            ]  19.92MB/25.62MB
 7aee18c98c59 Downloading [==>                                                ]  27.26MB/595.5MB
 7aee18c98c59 Downloading [==>                                                ]  28.31MB/595.5MB
 da9129f8f7ad Downloading [======================================>            ]  19.92MB/25.62MB
 da9129f8f7ad Downloading [========================================>          ]  20.97MB/25.62MB
 7aee18c98c59 Downloading [==>                                                ]  28.31MB/595.5MB
 da9129f8f7ad Downloading [========================================>          ]  20.97MB/25.62MB
 7aee18c98c59 Downloading [==>                                                ]  28.31MB/595.5MB
 7aee18c98c59 Downloading [==>                                                ]  28.31MB/595.5MB
 da9129f8f7ad Downloading [========================================>          ]  20.97MB/25.62MB
 da9129f8f7ad Downloading [========================================>          ]  20.97MB/25.62MB
 7aee18c98c59 Downloading [==>                                                ]  29.36MB/595.5MB
 da9129f8f7ad Downloading [========================================>          ]  20.97MB/25.62MB
 7aee18c98c59 Downloading [==>                                                ]  29.36MB/595.5MB
 da9129f8f7ad Downloading [==========================================>        ]  22.02MB/25.62MB
 7aee18c98c59 Downloading [==>                                                ]  29.36MB/595.5MB
 da9129f8f7ad Downloading [==========================================>        ]  22.02MB/25.62MB
 7aee18c98c59 Downloading [==>                                                ]  30.41MB/595.5MB
 7aee18c98c59 Downloading [==>                                                ]  30.41MB/595.5MB
 da9129f8f7ad Downloading [==========================================>        ]  22.02MB/25.62MB
 da9129f8f7ad Downloading [==========================================>        ]  22.02MB/25.62MB
 7aee18c98c59 Downloading [==>                                                ]  30.41MB/595.5MB
 da9129f8f7ad Downloading [==========================================>        ]  22.02MB/25.62MB
 7aee18c98c59 Downloading [==>                                                ]  30.41MB/595.5MB
 da9129f8f7ad Downloading [=============================================>     ]  23.07MB/25.62MB
 7aee18c98c59 Downloading [==>                                                ]  31.46MB/595.5MB
 da9129f8f7ad Downloading [=============================================>     ]  23.07MB/25.62MB
 7aee18c98c59 Downloading [==>                                                ]  31.46MB/595.5MB
 7aee18c98c59 Downloading [==>                                                ]  31.46MB/595.5MB
 da9129f8f7ad Downloading [=============================================>     ]  23.07MB/25.62MB
 7aee18c98c59 Downloading [==>                                                ]  31.46MB/595.5MB
 da9129f8f7ad Downloading [=============================================>     ]  23.07MB/25.62MB
 da9129f8f7ad Downloading [=============================================>     ]  23.07MB/25.62MB
 7aee18c98c59 Downloading [==>                                                ]  31.69MB/595.5MB
 7aee18c98c59 Downloading [==>                                                ]  32.51MB/595.5MB
 da9129f8f7ad Downloading [===============================================>   ]  24.12MB/25.62MB
 7aee18c98c59 Downloading [==>                                                ]  32.51MB/595.5MB
 da9129f8f7ad Downloading [===============================================>   ]  24.12MB/25.62MB
 da9129f8f7ad Downloading [===============================================>   ]  24.12MB/25.62MB
 7aee18c98c59 Downloading [==>                                                ]  32.51MB/595.5MB
 7aee18c98c59 Downloading [==>                                                ]  33.55MB/595.5MB
 da9129f8f7ad Downloading [===============================================>   ]  24.12MB/25.62MB
 7aee18c98c59 Downloading [==>                                                ]  33.55MB/595.5MB
 da9129f8f7ad Downloading [===============================================>   ]  24.12MB/25.62MB
 da9129f8f7ad Downloading [=================================================> ]  25.17MB/25.62MB
 7aee18c98c59 Downloading [==>                                                ]  33.55MB/595.5MB
 da9129f8f7ad Downloading [=================================================> ]  25.17MB/25.62MB
 7aee18c98c59 Downloading [==>                                                ]  33.55MB/595.5MB
 7aee18c98c59 Downloading [==>                                                ]   34.6MB/595.5MB
 da9129f8f7ad Download complete 
 7aee18c98c59 Downloading [==>                                                ]   34.6MB/595.5MB
 7aee18c98c59 Downloading [==>                                                ]   34.6MB/595.5MB
 7aee18c98c59 Downloading [==>                                                ]  35.65MB/595.5MB
 7aee18c98c59 Downloading [==>                                                ]  35.65MB/595.5MB
 7aee18c98c59 Downloading [==>                                                ]  35.65MB/595.5MB
 7aee18c98c59 Downloading [===>                                               ]   36.7MB/595.5MB
 7aee18c98c59 Downloading [===>                                               ]   36.7MB/595.5MB
 7aee18c98c59 Downloading [===>                                               ]   36.7MB/595.5MB
 7aee18c98c59 Downloading [===>                                               ]  37.75MB/595.5MB
 7aee18c98c59 Downloading [===>                                               ]  37.75MB/595.5MB
 7aee18c98c59 Downloading [===>                                               ]   38.8MB/595.5MB
 7aee18c98c59 Downloading [===>                                               ]   38.8MB/595.5MB
 7aee18c98c59 Downloading [===>                                               ]   38.8MB/595.5MB
 7aee18c98c59 Downloading [===>                                               ]  39.85MB/595.5MB
 7aee18c98c59 Downloading [===>                                               ]  39.85MB/595.5MB
 7aee18c98c59 Downloading [===>                                               ]  40.89MB/595.5MB
 7aee18c98c59 Downloading [===>                                               ]  40.89MB/595.5MB
 7aee18c98c59 Downloading [===>                                               ]  41.94MB/595.5MB
 7aee18c98c59 Downloading [===>                                               ]  41.94MB/595.5MB
 7aee18c98c59 Downloading [===>                                               ]  42.99MB/595.5MB
 7aee18c98c59 Downloading [===>                                               ]  42.99MB/595.5MB
 7aee18c98c59 Downloading [===>                                               ]  44.04MB/595.5MB
 7aee18c98c59 Downloading [===>                                               ]  44.04MB/595.5MB
 7aee18c98c59 Downloading [===>                                               ]  44.04MB/595.5MB
 7aee18c98c59 Downloading [===>                                               ]  45.09MB/595.5MB
 7aee18c98c59 Downloading [===>                                               ]  45.09MB/595.5MB
 7aee18c98c59 Downloading [===>                                               ]  45.09MB/595.5MB
 7aee18c98c59 Downloading [===>                                               ]  45.09MB/595.5MB
 7aee18c98c59 Downloading [===>                                               ]  46.14MB/595.5MB
 7aee18c98c59 Downloading [===>                                               ]  46.14MB/595.5MB
 7aee18c98c59 Downloading [===>                                               ]  47.19MB/595.5MB
 7aee18c98c59 Downloading [===>                                               ]  47.19MB/595.5MB
 7aee18c98c59 Downloading [====>                                              ]  48.23MB/595.5MB
 7aee18c98c59 Downloading [====>                                              ]  48.23MB/595.5MB
 7aee18c98c59 Downloading [====>                                              ]  49.28MB/595.5MB
 7aee18c98c59 Downloading [====>                                              ]  49.28MB/595.5MB
 7aee18c98c59 Downloading [====>                                              ]  50.33MB/595.5MB
 7aee18c98c59 Downloading [====>                                              ]  50.33MB/595.5MB
 7aee18c98c59 Downloading [====>                                              ]  51.38MB/595.5MB
 7aee18c98c59 Downloading [====>                                              ]  51.38MB/595.5MB
 7aee18c98c59 Downloading [====>                                              ]  51.38MB/595.5MB
 7aee18c98c59 Downloading [====>                                              ]  51.38MB/595.5MB
 7aee18c98c59 Downloading [====>                                              ]  51.38MB/595.5MB
 7aee18c98c59 Downloading [====>                                              ]  52.43MB/595.5MB
 7aee18c98c59 Downloading [====>                                              ]  52.43MB/595.5MB
 7aee18c98c59 Downloading [====>                                              ]  53.48MB/595.5MB
 7aee18c98c59 Downloading [====>                                              ]  53.48MB/595.5MB
 7aee18c98c59 Downloading [====>                                              ]  54.53MB/595.5MB
 7aee18c98c59 Downloading [====>                                              ]  54.53MB/595.5MB
 7aee18c98c59 Downloading [====>                                              ]  55.57MB/595.5MB
 7aee18c98c59 Downloading [====>                                              ]  55.57MB/595.5MB
 7aee18c98c59 Downloading [====>                                              ]  56.62MB/595.5MB
 7aee18c98c59 Downloading [====>                                              ]  56.62MB/595.5MB
 7aee18c98c59 Downloading [====>                                              ]  57.67MB/595.5MB
 7aee18c98c59 Downloading [====>                                              ]  57.67MB/595.5MB
 7aee18c98c59 Downloading [====>                                              ]  58.72MB/595.5MB
 7aee18c98c59 Downloading [====>                                              ]  58.72MB/595.5MB
 7aee18c98c59 Downloading [=====>                                             ]  59.77MB/595.5MB
 7aee18c98c59 Downloading [=====>                                             ]  59.77MB/595.5MB
 7aee18c98c59 Downloading [=====>                                             ]  59.77MB/595.5MB
 7aee18c98c59 Downloading [=====>                                             ]  60.82MB/595.5MB
 7aee18c98c59 Downloading [=====>                                             ]  60.82MB/595.5MB
 7aee18c98c59 Downloading [=====>                                             ]  61.87MB/595.5MB
 7aee18c98c59 Downloading [=====>                                             ]  61.87MB/595.5MB
 7aee18c98c59 Downloading [=====>                                             ]  61.87MB/595.5MB
 7aee18c98c59 Downloading [=====>                                             ]  62.91MB/595.5MB
 7aee18c98c59 Downloading [=====>                                             ]  62.91MB/595.5MB
 7aee18c98c59 Downloading [=====>                                             ]  63.96MB/595.5MB
 7aee18c98c59 Downloading [=====>                                             ]  63.96MB/595.5MB
 7aee18c98c59 Downloading [=====>                                             ]  63.96MB/595.5MB
 7aee18c98c59 Downloading [=====>                                             ]  65.01MB/595.5MB
 7aee18c98c59 Downloading [=====>                                             ]  65.01MB/595.5MB
 7aee18c98c59 Downloading [=====>                                             ]  66.06MB/595.5MB
 7aee18c98c59 Downloading [=====>                                             ]  66.06MB/595.5MB
 7aee18c98c59 Downloading [=====>                                             ]  66.06MB/595.5MB
 7aee18c98c59 Downloading [=====>                                             ]  67.11MB/595.5MB
 7aee18c98c59 Downloading [=====>                                             ]  67.11MB/595.5MB
 7aee18c98c59 Downloading [=====>                                             ]  67.11MB/595.5MB
 7aee18c98c59 Downloading [=====>                                             ]  68.16MB/595.5MB
 7aee18c98c59 Downloading [=====>                                             ]  68.16MB/595.5MB
 7aee18c98c59 Downloading [=====>                                             ]  69.21MB/595.5MB
 7aee18c98c59 Downloading [=====>                                             ]  69.21MB/595.5MB
 7aee18c98c59 Downloading [=====>                                             ]  69.21MB/595.5MB
 7aee18c98c59 Downloading [=====>                                             ]  70.25MB/595.5MB
 7aee18c98c59 Downloading [=====>                                             ]  70.25MB/595.5MB
 7aee18c98c59 Downloading [=====>                                             ]  70.25MB/595.5MB
 7aee18c98c59 Downloading [=====>                                             ]   71.3MB/595.5MB
 7aee18c98c59 Downloading [=====>                                             ]   71.3MB/595.5MB
 7aee18c98c59 Downloading [======>                                            ]  72.35MB/595.5MB
 7aee18c98c59 Downloading [======>                                            ]  72.35MB/595.5MB
 7aee18c98c59 Downloading [======>                                            ]   73.4MB/595.5MB
 7aee18c98c59 Downloading [======>                                            ]   73.4MB/595.5MB
 7aee18c98c59 Downloading [======>                                            ]  74.45MB/595.5MB
 7aee18c98c59 Downloading [======>                                            ]  74.45MB/595.5MB
 7aee18c98c59 Downloading [======>                                            ]   75.5MB/595.5MB
 7aee18c98c59 Downloading [======>                                            ]   75.5MB/595.5MB
 7aee18c98c59 Downloading [======>                                            ]   75.5MB/595.5MB
 7aee18c98c59 Downloading [======>                                            ]  76.55MB/595.5MB
 7aee18c98c59 Downloading [======>                                            ]  76.55MB/595.5MB
 7aee18c98c59 Downloading [======>                                            ]  77.59MB/595.5MB
 7aee18c98c59 Downloading [======>                                            ]  77.59MB/595.5MB
 7aee18c98c59 Downloading [======>                                            ]  78.64MB/595.5MB
 7aee18c98c59 Downloading [======>                                            ]  78.64MB/595.5MB
 7aee18c98c59 Downloading [======>                                            ]  78.64MB/595.5MB
 7aee18c98c59 Downloading [======>                                            ]  78.64MB/595.5MB
 7aee18c98c59 Downloading [======>                                            ]  78.64MB/595.5MB
 7aee18c98c59 Downloading [======>                                            ]  79.69MB/595.5MB
 7aee18c98c59 Downloading [======>                                            ]  79.69MB/595.5MB
 7aee18c98c59 Downloading [======>                                            ]  80.74MB/595.5MB
 7aee18c98c59 Downloading [======>                                            ]  80.74MB/595.5MB
 7aee18c98c59 Downloading [======>                                            ]  81.79MB/595.5MB
 7aee18c98c59 Downloading [======>                                            ]  81.79MB/595.5MB
 7aee18c98c59 Downloading [======>                                            ]  82.84MB/595.5MB
 7aee18c98c59 Downloading [======>                                            ]  82.84MB/595.5MB
 7aee18c98c59 Downloading [=======>                                           ]  83.89MB/595.5MB
 7aee18c98c59 Downloading [=======>                                           ]  83.89MB/595.5MB
 7aee18c98c59 Downloading [=======>                                           ]  83.89MB/595.5MB
 7aee18c98c59 Downloading [=======>                                           ]  84.93MB/595.5MB
 7aee18c98c59 Downloading [=======>                                           ]  85.98MB/595.5MB
 7aee18c98c59 Downloading [=======>                                           ]  85.98MB/595.5MB
 7aee18c98c59 Downloading [=======>                                           ]  85.98MB/595.5MB
 7aee18c98c59 Downloading [=======>                                           ]  87.03MB/595.5MB
 7aee18c98c59 Downloading [=======>                                           ]  88.08MB/595.5MB
 7aee18c98c59 Downloading [=======>                                           ]  88.08MB/595.5MB
 7aee18c98c59 Downloading [=======>                                           ]  88.08MB/595.5MB
 7aee18c98c59 Downloading [=======>                                           ]  89.13MB/595.5MB
 7aee18c98c59 Downloading [=======>                                           ]  89.13MB/595.5MB
 7aee18c98c59 Downloading [=======>                                           ]  90.18MB/595.5MB
 7aee18c98c59 Downloading [=======>                                           ]  90.18MB/595.5MB
 7aee18c98c59 Downloading [=======>                                           ]  91.23MB/595.5MB
 7aee18c98c59 Downloading [=======>                                           ]  91.23MB/595.5MB
 7aee18c98c59 Downloading [=======>                                           ]  92.27MB/595.5MB
 7aee18c98c59 Downloading [=======>                                           ]  92.27MB/595.5MB
 7aee18c98c59 Downloading [=======>                                           ]  93.32MB/595.5MB
 7aee18c98c59 Downloading [=======>                                           ]  93.32MB/595.5MB
 7aee18c98c59 Downloading [=======>                                           ]  93.32MB/595.5MB
 7aee18c98c59 Downloading [=======>                                           ]  94.37MB/595.5MB
 7aee18c98c59 Downloading [=======>                                           ]  94.37MB/595.5MB
 7aee18c98c59 Downloading [=======>                                           ]  94.37MB/595.5MB
 7aee18c98c59 Downloading [========>                                          ]  95.42MB/595.5MB
 7aee18c98c59 Downloading [========>                                          ]  95.42MB/595.5MB
 7aee18c98c59 Downloading [========>                                          ]  96.47MB/595.5MB
 7aee18c98c59 Downloading [========>                                          ]  96.47MB/595.5MB
 7aee18c98c59 Downloading [========>                                          ]  96.47MB/595.5MB
 7aee18c98c59 Downloading [========>                                          ]  97.52MB/595.5MB
 7aee18c98c59 Downloading [========>                                          ]  97.52MB/595.5MB
 7aee18c98c59 Downloading [========>                                          ]  98.57MB/595.5MB
 7aee18c98c59 Downloading [========>                                          ]  98.57MB/595.5MB
 7aee18c98c59 Downloading [========>                                          ]  99.61MB/595.5MB
 7aee18c98c59 Downloading [========>                                          ]  99.61MB/595.5MB
 7aee18c98c59 Downloading [========>                                          ]  100.7MB/595.5MB
 7aee18c98c59 Downloading [========>                                          ]  100.7MB/595.5MB
 7aee18c98c59 Downloading [========>                                          ]  101.7MB/595.5MB
 7aee18c98c59 Downloading [========>                                          ]  101.7MB/595.5MB
 7aee18c98c59 Downloading [========>                                          ]  101.7MB/595.5MB
 7aee18c98c59 Downloading [========>                                          ]  102.8MB/595.5MB
 7aee18c98c59 Downloading [========>                                          ]  102.8MB/595.5MB
 7aee18c98c59 Downloading [========>                                          ]  102.8MB/595.5MB
 7aee18c98c59 Downloading [========>                                          ]  103.8MB/595.5MB
 7aee18c98c59 Downloading [========>                                          ]  103.8MB/595.5MB
 7aee18c98c59 Downloading [========>                                          ]  104.9MB/595.5MB
 7aee18c98c59 Downloading [========>                                          ]  104.9MB/595.5MB
 7aee18c98c59 Downloading [========>                                          ]  104.9MB/595.5MB
 7aee18c98c59 Downloading [========>                                          ]  105.9MB/595.5MB
 7aee18c98c59 Downloading [========>                                          ]  105.9MB/595.5MB
 7aee18c98c59 Downloading [========>                                          ]  105.9MB/595.5MB
 7aee18c98c59 Downloading [========>                                          ]    107MB/595.5MB
 7aee18c98c59 Downloading [========>                                          ]    107MB/595.5MB
 7aee18c98c59 Downloading [=========>                                         ]    108MB/595.5MB
 7aee18c98c59 Downloading [=========>                                         ]    108MB/595.5MB
 7aee18c98c59 Downloading [=========>                                         ]  109.1MB/595.5MB
 7aee18c98c59 Downloading [=========>                                         ]  109.1MB/595.5MB
 7aee18c98c59 Downloading [=========>                                         ]  109.1MB/595.5MB
 7aee18c98c59 Downloading [=========>                                         ]  110.1MB/595.5MB
 7aee18c98c59 Downloading [=========>                                         ]  110.1MB/595.5MB
 7aee18c98c59 Downloading [=========>                                         ]  111.1MB/595.5MB
 7aee18c98c59 Downloading [=========>                                         ]  111.1MB/595.5MB
 7aee18c98c59 Downloading [=========>                                         ]  111.1MB/595.5MB
 7aee18c98c59 Downloading [=========>                                         ]  112.2MB/595.5MB
 7aee18c98c59 Downloading [=========>                                         ]  112.2MB/595.5MB
 7aee18c98c59 Downloading [=========>                                         ]  113.2MB/595.5MB
 7aee18c98c59 Downloading [=========>                                         ]  113.2MB/595.5MB
 7aee18c98c59 Downloading [=========>                                         ]  113.2MB/595.5MB
 7aee18c98c59 Downloading [=========>                                         ]  114.3MB/595.5MB
 7aee18c98c59 Downloading [=========>                                         ]  114.3MB/595.5MB
 7aee18c98c59 Downloading [=========>                                         ]  114.3MB/595.5MB
 7aee18c98c59 Downloading [=========>                                         ]  115.3MB/595.5MB
 7aee18c98c59 Downloading [=========>                                         ]  115.3MB/595.5MB
 7aee18c98c59 Downloading [=========>                                         ]  115.3MB/595.5MB
 7aee18c98c59 Downloading [=========>                                         ]  116.4MB/595.5MB
 7aee18c98c59 Downloading [=========>                                         ]  116.4MB/595.5MB
 7aee18c98c59 Downloading [=========>                                         ]  116.4MB/595.5MB
 7aee18c98c59 Downloading [=========>                                         ]  117.4MB/595.5MB
 7aee18c98c59 Downloading [=========>                                         ]  117.4MB/595.5MB
 7aee18c98c59 Downloading [=========>                                         ]  117.4MB/595.5MB
 7aee18c98c59 Downloading [=========>                                         ]  118.5MB/595.5MB
 7aee18c98c59 Downloading [=========>                                         ]  118.5MB/595.5MB
 7aee18c98c59 Downloading [==========>                                        ]  119.5MB/595.5MB
 7aee18c98c59 Downloading [==========>                                        ]  119.5MB/595.5MB
 7aee18c98c59 Downloading [==========>                                        ]  119.5MB/595.5MB
 7aee18c98c59 Downloading [==========>                                        ]  120.6MB/595.5MB
 7aee18c98c59 Downloading [==========>                                        ]  120.6MB/595.5MB
 7aee18c98c59 Downloading [==========>                                        ]  121.6MB/595.5MB
 7aee18c98c59 Downloading [==========>                                        ]  121.6MB/595.5MB
 7aee18c98c59 Downloading [==========>                                        ]  122.7MB/595.5MB
 7aee18c98c59 Downloading [==========>                                        ]  122.7MB/595.5MB
 7aee18c98c59 Downloading [==========>                                        ]  122.7MB/595.5MB
 7aee18c98c59 Downloading [==========>                                        ]  122.7MB/595.5MB
 7aee18c98c59 Downloading [==========>                                        ]  122.7MB/595.5MB
 7aee18c98c59 Downloading [==========>                                        ]  122.7MB/595.5MB
 7aee18c98c59 Downloading [==========>                                        ]  123.7MB/595.5MB
 7aee18c98c59 Downloading [==========>                                        ]  123.7MB/595.5MB
 7aee18c98c59 Downloading [==========>                                        ]  124.8MB/595.5MB
 7aee18c98c59 Downloading [==========>                                        ]  124.8MB/595.5MB
 7aee18c98c59 Downloading [==========>                                        ]  124.8MB/595.5MB
 7aee18c98c59 Downloading [==========>                                        ]  125.8MB/595.5MB
 7aee18c98c59 Downloading [==========>                                        ]  125.8MB/595.5MB
 7aee18c98c59 Downloading [==========>                                        ]  125.8MB/595.5MB
 7aee18c98c59 Downloading [==========>                                        ]  126.9MB/595.5MB
 7aee18c98c59 Downloading [==========>                                        ]  127.9MB/595.5MB
 7aee18c98c59 Downloading [==========>                                        ]  127.9MB/595.5MB
 7aee18c98c59 Downloading [==========>                                        ]  127.9MB/595.5MB
 7aee18c98c59 Downloading [==========>                                        ]    129MB/595.5MB
 7aee18c98c59 Downloading [==========>                                        ]    129MB/595.5MB
 7aee18c98c59 Downloading [==========>                                        ]    129MB/595.5MB
 7aee18c98c59 Downloading [==========>                                        ]    130MB/595.5MB
 7aee18c98c59 Downloading [==========>                                        ]    130MB/595.5MB
 7aee18c98c59 Downloading [==========>                                        ]    130MB/595.5MB
 7aee18c98c59 Downloading [===========>                                       ]  131.1MB/595.5MB
 7aee18c98c59 Downloading [===========>                                       ]  131.1MB/595.5MB
 7aee18c98c59 Downloading [===========>                                       ]  131.1MB/595.5MB
 7aee18c98c59 Downloading [===========>                                       ]  132.1MB/595.5MB
 7aee18c98c59 Downloading [===========>                                       ]  132.1MB/595.5MB
 7aee18c98c59 Downloading [===========>                                       ]  133.2MB/595.5MB
 7aee18c98c59 Downloading [===========>                                       ]  133.2MB/595.5MB
 7aee18c98c59 Downloading [===========>                                       ]  133.2MB/595.5MB
 7aee18c98c59 Downloading [===========>                                       ]  134.2MB/595.5MB
 7aee18c98c59 Downloading [===========>                                       ]  134.2MB/595.5MB
 7aee18c98c59 Downloading [===========>                                       ]  134.2MB/595.5MB
 7aee18c98c59 Downloading [===========>                                       ]  135.3MB/595.5MB
 7aee18c98c59 Downloading [===========>                                       ]  135.3MB/595.5MB
 7aee18c98c59 Downloading [===========>                                       ]  135.3MB/595.5MB
 7aee18c98c59 Downloading [===========>                                       ]  136.3MB/595.5MB
 7aee18c98c59 Downloading [===========>                                       ]  136.3MB/595.5MB
 7aee18c98c59 Downloading [===========>                                       ]  136.3MB/595.5MB
 7aee18c98c59 Downloading [===========>                                       ]  137.4MB/595.5MB
 7aee18c98c59 Downloading [===========>                                       ]  137.4MB/595.5MB
 7aee18c98c59 Downloading [===========>                                       ]  137.4MB/595.5MB
 7aee18c98c59 Downloading [===========>                                       ]  138.4MB/595.5MB
 7aee18c98c59 Downloading [===========>                                       ]  138.4MB/595.5MB
 7aee18c98c59 Downloading [===========>                                       ]  138.4MB/595.5MB
 7aee18c98c59 Downloading [===========>                                       ]  139.5MB/595.5MB
 7aee18c98c59 Downloading [===========>                                       ]  139.5MB/595.5MB
 7aee18c98c59 Downloading [===========>                                       ]  140.5MB/595.5MB
 7aee18c98c59 Downloading [===========>                                       ]  140.5MB/595.5MB
 7aee18c98c59 Downloading [===========>                                       ]  140.5MB/595.5MB
 7aee18c98c59 Downloading [===========>                                       ]  141.6MB/595.5MB
 7aee18c98c59 Downloading [===========>                                       ]  141.6MB/595.5MB
 7aee18c98c59 Downloading [===========>                                       ]  142.6MB/595.5MB
 7aee18c98c59 Downloading [===========>                                       ]  142.6MB/595.5MB
 7aee18c98c59 Downloading [============>                                      ]  143.7MB/595.5MB
 7aee18c98c59 Downloading [============>                                      ]  143.7MB/595.5MB
 7aee18c98c59 Downloading [============>                                      ]  144.7MB/595.5MB
 7aee18c98c59 Downloading [============>                                      ]  144.7MB/595.5MB
 7aee18c98c59 Downloading [============>                                      ]  145.8MB/595.5MB
 7aee18c98c59 Downloading [============>                                      ]  145.8MB/595.5MB
 7aee18c98c59 Downloading [============>                                      ]  146.8MB/595.5MB
 7aee18c98c59 Downloading [============>                                      ]  146.8MB/595.5MB
 7aee18c98c59 Downloading [============>                                      ]  147.8MB/595.5MB
 7aee18c98c59 Downloading [============>                                      ]  147.8MB/595.5MB
 7aee18c98c59 Downloading [============>                                      ]  148.9MB/595.5MB
 7aee18c98c59 Downloading [============>                                      ]  148.9MB/595.5MB
 7aee18c98c59 Downloading [============>                                      ]  149.9MB/595.5MB
 7aee18c98c59 Downloading [============>                                      ]  149.9MB/595.5MB
 7aee18c98c59 Downloading [============>                                      ]    151MB/595.5MB
 7aee18c98c59 Downloading [============>                                      ]    151MB/595.5MB
 7aee18c98c59 Downloading [============>                                      ]    151MB/595.5MB
 7aee18c98c59 Downloading [============>                                      ]    152MB/595.5MB
 7aee18c98c59 Downloading [============>                                      ]    152MB/595.5MB
 7aee18c98c59 Downloading [============>                                      ]  153.1MB/595.5MB
 7aee18c98c59 Downloading [============>                                      ]  153.1MB/595.5MB
 7aee18c98c59 Downloading [============>                                      ]  153.1MB/595.5MB
 7aee18c98c59 Downloading [============>                                      ]  154.1MB/595.5MB
 7aee18c98c59 Downloading [============>                                      ]  154.1MB/595.5MB
 7aee18c98c59 Downloading [=============>                                     ]  155.2MB/595.5MB
 7aee18c98c59 Downloading [=============>                                     ]  155.2MB/595.5MB
 7aee18c98c59 Downloading [=============>                                     ]  155.2MB/595.5MB
 7aee18c98c59 Downloading [=============>                                     ]  156.2MB/595.5MB
 7aee18c98c59 Downloading [=============>                                     ]  156.2MB/595.5MB
 7aee18c98c59 Downloading [=============>                                     ]  157.3MB/595.5MB
 7aee18c98c59 Downloading [=============>                                     ]  157.3MB/595.5MB
 7aee18c98c59 Downloading [=============>                                     ]  158.3MB/595.5MB
 7aee18c98c59 Downloading [=============>                                     ]  158.3MB/595.5MB
 7aee18c98c59 Downloading [=============>                                     ]  159.4MB/595.5MB
 7aee18c98c59 Downloading [=============>                                     ]  159.4MB/595.5MB
 7aee18c98c59 Downloading [=============>                                     ]  160.4MB/595.5MB
 7aee18c98c59 Downloading [=============>                                     ]  160.4MB/595.5MB
 7aee18c98c59 Downloading [=============>                                     ]  160.4MB/595.5MB
 7aee18c98c59 Downloading [=============>                                     ]  161.5MB/595.5MB
 7aee18c98c59 Downloading [=============>                                     ]  161.5MB/595.5MB
 7aee18c98c59 Downloading [=============>                                     ]  161.5MB/595.5MB
 7aee18c98c59 Downloading [=============>                                     ]  162.5MB/595.5MB
 7aee18c98c59 Downloading [=============>                                     ]  162.5MB/595.5MB
 7aee18c98c59 Downloading [=============>                                     ]  163.6MB/595.5MB
 7aee18c98c59 Downloading [=============>                                     ]  163.6MB/595.5MB
 7aee18c98c59 Downloading [=============>                                     ]  163.6MB/595.5MB
 7aee18c98c59 Downloading [=============>                                     ]  164.6MB/595.5MB
 7aee18c98c59 Downloading [=============>                                     ]  164.6MB/595.5MB
 7aee18c98c59 Downloading [=============>                                     ]  165.7MB/595.5MB
 7aee18c98c59 Downloading [=============>                                     ]  166.7MB/595.5MB
 7aee18c98c59 Downloading [=============>                                     ]  166.7MB/595.5MB
 7aee18c98c59 Downloading [=============>                                     ]  166.7MB/595.5MB
 7aee18c98c59 Downloading [=============>                                     ]  166.7MB/595.5MB
 7aee18c98c59 Downloading [=============>                                     ]  166.7MB/595.5MB
 7aee18c98c59 Downloading [==============>                                    ]  167.8MB/595.5MB
 7aee18c98c59 Downloading [==============>                                    ]  167.8MB/595.5MB
 7aee18c98c59 Downloading [==============>                                    ]  168.8MB/595.5MB
 7aee18c98c59 Downloading [==============>                                    ]  168.8MB/595.5MB
 7aee18c98c59 Downloading [==============>                                    ]  168.8MB/595.5MB
 7aee18c98c59 Downloading [==============>                                    ]  169.9MB/595.5MB
 7aee18c98c59 Downloading [==============>                                    ]  169.9MB/595.5MB
 7aee18c98c59 Downloading [==============>                                    ]  170.9MB/595.5MB
 7aee18c98c59 Downloading [==============>                                    ]  170.9MB/595.5MB
 7aee18c98c59 Downloading [==============>                                    ]    172MB/595.5MB
 7aee18c98c59 Downloading [==============>                                    ]    172MB/595.5MB
 7aee18c98c59 Downloading [==============>                                    ]    172MB/595.5MB
 7aee18c98c59 Downloading [==============>                                    ]    172MB/595.5MB
 7aee18c98c59 Downloading [==============>                                    ]    173MB/595.5MB
 7aee18c98c59 Downloading [==============>                                    ]    173MB/595.5MB
 7aee18c98c59 Downloading [==============>                                    ]  174.1MB/595.5MB
 7aee18c98c59 Downloading [==============>                                    ]  174.1MB/595.5MB
 7aee18c98c59 Downloading [==============>                                    ]  175.1MB/595.5MB
 7aee18c98c59 Downloading [==============>                                    ]  175.1MB/595.5MB
 7aee18c98c59 Downloading [==============>                                    ]  175.1MB/595.5MB
 7aee18c98c59 Downloading [==============>                                    ]  176.2MB/595.5MB
 7aee18c98c59 Downloading [==============>                                    ]  176.2MB/595.5MB
 7aee18c98c59 Downloading [==============>                                    ]  177.2MB/595.5MB
 7aee18c98c59 Downloading [==============>                                    ]  177.2MB/595.5MB
 7aee18c98c59 Downloading [==============>                                    ]  178.3MB/595.5MB
 7aee18c98c59 Downloading [==============>                                    ]  178.3MB/595.5MB
 7aee18c98c59 Downloading [===============>                                   ]  179.3MB/595.5MB
 7aee18c98c59 Downloading [===============>                                   ]  179.3MB/595.5MB
 7aee18c98c59 Downloading [===============>                                   ]  180.4MB/595.5MB
 7aee18c98c59 Downloading [===============>                                   ]  180.4MB/595.5MB
 7aee18c98c59 Downloading [===============>                                   ]  180.4MB/595.5MB
 7aee18c98c59 Downloading [===============>                                   ]  181.4MB/595.5MB
 7aee18c98c59 Downloading [===============>                                   ]  181.4MB/595.5MB
 7aee18c98c59 Downloading [===============>                                   ]  182.5MB/595.5MB
 7aee18c98c59 Downloading [===============>                                   ]  182.5MB/595.5MB
 7aee18c98c59 Downloading [===============>                                   ]  182.5MB/595.5MB
 7aee18c98c59 Downloading [===============>                                   ]  183.5MB/595.5MB
 7aee18c98c59 Downloading [===============>                                   ]  183.5MB/595.5MB
 7aee18c98c59 Downloading [===============>                                   ]  184.5MB/595.5MB
 7aee18c98c59 Downloading [===============>                                   ]  184.5MB/595.5MB
 7aee18c98c59 Downloading [===============>                                   ]  184.5MB/595.5MB
 7aee18c98c59 Downloading [===============>                                   ]  185.6MB/595.5MB
 7aee18c98c59 Downloading [===============>                                   ]  185.6MB/595.5MB
 7aee18c98c59 Downloading [===============>                                   ]  185.6MB/595.5MB
 7aee18c98c59 Downloading [===============>                                   ]  186.6MB/595.5MB
 7aee18c98c59 Downloading [===============>                                   ]  186.6MB/595.5MB
 7aee18c98c59 Downloading [===============>                                   ]  187.7MB/595.5MB
 7aee18c98c59 Downloading [===============>                                   ]  187.7MB/595.5MB
 7aee18c98c59 Downloading [===============>                                   ]  187.7MB/595.5MB
 7aee18c98c59 Downloading [===============>                                   ]  188.7MB/595.5MB
 7aee18c98c59 Downloading [===============>                                   ]  188.7MB/595.5MB
 7aee18c98c59 Downloading [===============>                                   ]  189.8MB/595.5MB
 7aee18c98c59 Downloading [===============>                                   ]  189.8MB/595.5MB
 7aee18c98c59 Downloading [================>                                  ]  190.8MB/595.5MB
 7aee18c98c59 Downloading [================>                                  ]  190.8MB/595.5MB
 7aee18c98c59 Downloading [================>                                  ]  191.9MB/595.5MB
 7aee18c98c59 Downloading [================>                                  ]  191.9MB/595.5MB
 7aee18c98c59 Downloading [================>                                  ]  192.9MB/595.5MB
 7aee18c98c59 Downloading [================>                                  ]  192.9MB/595.5MB
 7aee18c98c59 Downloading [================>                                  ]    194MB/595.5MB
 7aee18c98c59 Downloading [================>                                  ]    194MB/595.5MB
 7aee18c98c59 Downloading [================>                                  ]    195MB/595.5MB
 7aee18c98c59 Downloading [================>                                  ]    195MB/595.5MB
 7aee18c98c59 Downloading [================>                                  ]    195MB/595.5MB
 7aee18c98c59 Downloading [================>                                  ]  196.1MB/595.5MB
 7aee18c98c59 Downloading [================>                                  ]  196.1MB/595.5MB
 7aee18c98c59 Downloading [================>                                  ]  197.1MB/595.5MB
 7aee18c98c59 Downloading [================>                                  ]  197.1MB/595.5MB
 7aee18c98c59 Downloading [================>                                  ]  198.2MB/595.5MB
 7aee18c98c59 Downloading [================>                                  ]  198.2MB/595.5MB
 7aee18c98c59 Downloading [================>                                  ]  199.2MB/595.5MB
 7aee18c98c59 Downloading [================>                                  ]  199.2MB/595.5MB
 7aee18c98c59 Downloading [================>                                  ]  199.2MB/595.5MB
 7aee18c98c59 Downloading [================>                                  ]  200.3MB/595.5MB
 7aee18c98c59 Downloading [================>                                  ]  200.3MB/595.5MB
 7aee18c98c59 Downloading [================>                                  ]  201.3MB/595.5MB
 7aee18c98c59 Downloading [================>                                  ]  201.3MB/595.5MB
 7aee18c98c59 Downloading [================>                                  ]  202.4MB/595.5MB
 7aee18c98c59 Downloading [================>                                  ]  202.4MB/595.5MB
 7aee18c98c59 Downloading [=================>                                 ]  203.4MB/595.5MB
 7aee18c98c59 Downloading [=================>                                 ]  203.4MB/595.5MB
 7aee18c98c59 Downloading [=================>                                 ]  203.4MB/595.5MB
 7aee18c98c59 Downloading [=================>                                 ]  204.5MB/595.5MB
 7aee18c98c59 Downloading [=================>                                 ]  204.5MB/595.5MB
 7aee18c98c59 Downloading [=================>                                 ]  205.5MB/595.5MB
 7aee18c98c59 Downloading [=================>                                 ]  205.5MB/595.5MB
 7aee18c98c59 Downloading [=================>                                 ]  205.5MB/595.5MB
 7aee18c98c59 Downloading [=================>                                 ]  206.6MB/595.5MB
 7aee18c98c59 Downloading [=================>                                 ]  206.6MB/595.5MB
 7aee18c98c59 Downloading [=================>                                 ]  206.6MB/595.5MB
 7aee18c98c59 Downloading [=================>                                 ]  207.6MB/595.5MB
 7aee18c98c59 Downloading [=================>                                 ]  207.6MB/595.5MB
 7aee18c98c59 Downloading [=================>                                 ]  207.6MB/595.5MB
 7aee18c98c59 Downloading [=================>                                 ]  208.7MB/595.5MB
 7aee18c98c59 Downloading [=================>                                 ]  208.7MB/595.5MB
 7aee18c98c59 Downloading [=================>                                 ]  208.7MB/595.5MB
 7aee18c98c59 Downloading [=================>                                 ]  209.7MB/595.5MB
 7aee18c98c59 Downloading [=================>                                 ]  209.7MB/595.5MB
 7aee18c98c59 Downloading [=================>                                 ]  210.8MB/595.5MB
 7aee18c98c59 Downloading [=================>                                 ]  210.8MB/595.5MB
 7aee18c98c59 Downloading [=================>                                 ]  211.8MB/595.5MB
 7aee18c98c59 Downloading [=================>                                 ]  211.8MB/595.5MB
 7aee18c98c59 Downloading [=================>                                 ]  211.8MB/595.5MB
 7aee18c98c59 Downloading [=================>                                 ]  211.8MB/595.5MB
 7aee18c98c59 Downloading [=================>                                 ]  211.8MB/595.5MB
 7aee18c98c59 Downloading [=================>                                 ]  211.8MB/595.5MB
 7aee18c98c59 Downloading [=================>                                 ]  212.9MB/595.5MB
 7aee18c98c59 Downloading [=================>                                 ]  212.9MB/595.5MB
 7aee18c98c59 Downloading [=================>                                 ]  212.9MB/595.5MB
 7aee18c98c59 Downloading [=================>                                 ]  213.9MB/595.5MB
 7aee18c98c59 Downloading [=================>                                 ]  213.9MB/595.5MB
 7aee18c98c59 Downloading [==================>                                ]    215MB/595.5MB
 7aee18c98c59 Downloading [==================>                                ]    215MB/595.5MB
 7aee18c98c59 Downloading [==================>                                ]    215MB/595.5MB
 7aee18c98c59 Downloading [==================>                                ]    216MB/595.5MB
 7aee18c98c59 Downloading [==================>                                ]    216MB/595.5MB
 7aee18c98c59 Downloading [==================>                                ]    216MB/595.5MB
 7aee18c98c59 Downloading [==================>                                ]    216MB/595.5MB
 7aee18c98c59 Downloading [==================>                                ]  217.1MB/595.5MB
 7aee18c98c59 Downloading [==================>                                ]  217.1MB/595.5MB
 7aee18c98c59 Downloading [==================>                                ]  218.1MB/595.5MB
 7aee18c98c59 Downloading [==================>                                ]  218.1MB/595.5MB
 7aee18c98c59 Downloading [==================>                                ]  218.1MB/595.5MB
 7aee18c98c59 Downloading [==================>                                ]  218.1MB/595.5MB
 7aee18c98c59 Downloading [==================>                                ]  219.2MB/595.5MB
 7aee18c98c59 Downloading [==================>                                ]  219.2MB/595.5MB
 7aee18c98c59 Downloading [==================>                                ]  219.2MB/595.5MB
 7aee18c98c59 Downloading [==================>                                ]  220.2MB/595.5MB
 7aee18c98c59 Downloading [==================>                                ]  220.2MB/595.5MB
 7aee18c98c59 Downloading [==================>                                ]  221.2MB/595.5MB
 7aee18c98c59 Downloading [==================>                                ]  221.2MB/595.5MB
 7aee18c98c59 Downloading [==================>                                ]  221.2MB/595.5MB
 7aee18c98c59 Downloading [==================>                                ]  222.3MB/595.5MB
 7aee18c98c59 Downloading [==================>                                ]  222.3MB/595.5MB
 7aee18c98c59 Downloading [==================>                                ]  222.3MB/595.5MB
 7aee18c98c59 Downloading [==================>                                ]  223.3MB/595.5MB
 7aee18c98c59 Downloading [==================>                                ]  223.3MB/595.5MB
 7aee18c98c59 Downloading [==================>                                ]  223.3MB/595.5MB
 7aee18c98c59 Downloading [==================>                                ]  224.4MB/595.5MB
 7aee18c98c59 Downloading [==================>                                ]  224.4MB/595.5MB
 7aee18c98c59 Downloading [==================>                                ]  225.4MB/595.5MB
 7aee18c98c59 Downloading [==================>                                ]  225.4MB/595.5MB
 7aee18c98c59 Downloading [===================>                               ]  226.5MB/595.5MB
 7aee18c98c59 Downloading [===================>                               ]  226.5MB/595.5MB
 7aee18c98c59 Downloading [===================>                               ]  227.5MB/595.5MB
 7aee18c98c59 Downloading [===================>                               ]  227.5MB/595.5MB
 7aee18c98c59 Downloading [===================>                               ]  228.6MB/595.5MB
 7aee18c98c59 Downloading [===================>                               ]  228.6MB/595.5MB
 7aee18c98c59 Downloading [===================>                               ]  228.6MB/595.5MB
 7aee18c98c59 Downloading [===================>                               ]  229.6MB/595.5MB
 7aee18c98c59 Downloading [===================>                               ]  229.6MB/595.5MB
 7aee18c98c59 Downloading [===================>                               ]  230.7MB/595.5MB
 7aee18c98c59 Downloading [===================>                               ]  230.7MB/595.5MB
 7aee18c98c59 Downloading [===================>                               ]  231.7MB/595.5MB
 7aee18c98c59 Downloading [===================>                               ]  232.8MB/595.5MB
 7aee18c98c59 Downloading [===================>                               ]  232.8MB/595.5MB
 7aee18c98c59 Downloading [===================>                               ]  233.8MB/595.5MB
 7aee18c98c59 Downloading [===================>                               ]  233.8MB/595.5MB
 7aee18c98c59 Downloading [===================>                               ]  234.9MB/595.5MB
 7aee18c98c59 Downloading [===================>                               ]  234.9MB/595.5MB
 7aee18c98c59 Downloading [===================>                               ]  235.9MB/595.5MB
 7aee18c98c59 Downloading [===================>                               ]  235.9MB/595.5MB
 7aee18c98c59 Downloading [===================>                               ]    237MB/595.5MB
 7aee18c98c59 Downloading [===================>                               ]    237MB/595.5MB
 7aee18c98c59 Downloading [===================>                               ]    238MB/595.5MB
 7aee18c98c59 Downloading [===================>                               ]    238MB/595.5MB
 7aee18c98c59 Downloading [====================>                              ]  239.1MB/595.5MB
 7aee18c98c59 Downloading [====================>                              ]  240.1MB/595.5MB
 7aee18c98c59 Downloading [====================>                              ]  240.1MB/595.5MB
 7aee18c98c59 Downloading [====================>                              ]  241.2MB/595.5MB
 7aee18c98c59 Downloading [====================>                              ]  241.2MB/595.5MB
 7aee18c98c59 Downloading [====================>                              ]  242.2MB/595.5MB
 7aee18c98c59 Downloading [====================>                              ]  242.2MB/595.5MB
 7aee18c98c59 Downloading [====================>                              ]  243.3MB/595.5MB
 7aee18c98c59 Downloading [====================>                              ]  243.3MB/595.5MB
 7aee18c98c59 Downloading [====================>                              ]  244.3MB/595.5MB
 7aee18c98c59 Downloading [====================>                              ]  244.3MB/595.5MB
 7aee18c98c59 Downloading [====================>                              ]  245.4MB/595.5MB
 7aee18c98c59 Downloading [====================>                              ]  245.4MB/595.5MB
 7aee18c98c59 Downloading [====================>                              ]  246.4MB/595.5MB
 7aee18c98c59 Downloading [====================>                              ]  246.4MB/595.5MB
 7aee18c98c59 Downloading [====================>                              ]  247.5MB/595.5MB
 7aee18c98c59 Downloading [====================>                              ]  247.5MB/595.5MB
 7aee18c98c59 Downloading [====================>                              ]  247.5MB/595.5MB
 7aee18c98c59 Downloading [====================>                              ]  248.5MB/595.5MB
 7aee18c98c59 Downloading [====================>                              ]  248.5MB/595.5MB
 7aee18c98c59 Downloading [====================>                              ]  249.6MB/595.5MB
 7aee18c98c59 Downloading [====================>                              ]  249.6MB/595.5MB
 7aee18c98c59 Downloading [=====================>                             ]  250.6MB/595.5MB
 7aee18c98c59 Downloading [=====================>                             ]  250.6MB/595.5MB
 7aee18c98c59 Downloading [=====================>                             ]  250.6MB/595.5MB
 7aee18c98c59 Downloading [=====================>                             ]  251.7MB/595.5MB
 7aee18c98c59 Downloading [=====================>                             ]  251.7MB/595.5MB
 7aee18c98c59 Downloading [=====================>                             ]  251.7MB/595.5MB
 7aee18c98c59 Downloading [=====================>                             ]  252.7MB/595.5MB
 7aee18c98c59 Downloading [=====================>                             ]  252.7MB/595.5MB
 7aee18c98c59 Downloading [=====================>                             ]  253.8MB/595.5MB
 7aee18c98c59 Downloading [=====================>                             ]  253.8MB/595.5MB
 7aee18c98c59 Downloading [=====================>                             ]  254.8MB/595.5MB
 7aee18c98c59 Downloading [=====================>                             ]  255.9MB/595.5MB
 7aee18c98c59 Downloading [=====================>                             ]  255.9MB/595.5MB
 7aee18c98c59 Downloading [=====================>                             ]  256.9MB/595.5MB
 7aee18c98c59 Downloading [=====================>                             ]  256.9MB/595.5MB
 7aee18c98c59 Downloading [=====================>                             ]  257.9MB/595.5MB
 7aee18c98c59 Downloading [=====================>                             ]  257.9MB/595.5MB
 7aee18c98c59 Downloading [=====================>                             ]    259MB/595.5MB
 7aee18c98c59 Downloading [=====================>                             ]    259MB/595.5MB
 7aee18c98c59 Downloading [=====================>                             ]    260MB/595.5MB
 7aee18c98c59 Downloading [=====================>                             ]  261.1MB/595.5MB
 7aee18c98c59 Downloading [=====================>                             ]  261.1MB/595.5MB
 7aee18c98c59 Downloading [======================>                            ]  262.1MB/595.5MB
 7aee18c98c59 Downloading [======================>                            ]  262.1MB/595.5MB
 7aee18c98c59 Downloading [======================>                            ]  262.1MB/595.5MB
 7aee18c98c59 Downloading [======================>                            ]  263.2MB/595.5MB
 7aee18c98c59 Downloading [======================>                            ]  263.2MB/595.5MB
 7aee18c98c59 Downloading [======================>                            ]  264.2MB/595.5MB
 7aee18c98c59 Downloading [======================>                            ]  264.2MB/595.5MB
 7aee18c98c59 Downloading [======================>                            ]  265.3MB/595.5MB
 7aee18c98c59 Downloading [======================>                            ]  265.3MB/595.5MB
 7aee18c98c59 Downloading [======================>                            ]  266.3MB/595.5MB
 7aee18c98c59 Downloading [======================>                            ]  266.3MB/595.5MB
 7aee18c98c59 Downloading [======================>                            ]  267.4MB/595.5MB
 7aee18c98c59 Downloading [======================>                            ]  267.4MB/595.5MB
 7aee18c98c59 Downloading [======================>                            ]  268.4MB/595.5MB
 7aee18c98c59 Downloading [======================>                            ]  268.4MB/595.5MB
 7aee18c98c59 Downloading [======================>                            ]  269.5MB/595.5MB
 7aee18c98c59 Downloading [======================>                            ]  269.5MB/595.5MB
 7aee18c98c59 Downloading [======================>                            ]  270.5MB/595.5MB
 7aee18c98c59 Downloading [======================>                            ]  270.5MB/595.5MB
 7aee18c98c59 Downloading [======================>                            ]  271.6MB/595.5MB
 7aee18c98c59 Downloading [======================>                            ]  271.6MB/595.5MB
 7aee18c98c59 Downloading [======================>                            ]  272.6MB/595.5MB
 7aee18c98c59 Downloading [======================>                            ]  273.7MB/595.5MB
 7aee18c98c59 Downloading [======================>                            ]  273.7MB/595.5MB
 7aee18c98c59 Downloading [======================>                            ]  273.7MB/595.5MB
 7aee18c98c59 Downloading [=======================>                           ]  274.7MB/595.5MB
 7aee18c98c59 Downloading [=======================>                           ]  274.7MB/595.5MB
 7aee18c98c59 Downloading [=======================>                           ]  274.7MB/595.5MB
 7aee18c98c59 Downloading [=======================>                           ]  275.8MB/595.5MB
 7aee18c98c59 Downloading [=======================>                           ]  275.8MB/595.5MB
 7aee18c98c59 Downloading [=======================>                           ]  276.8MB/595.5MB
 7aee18c98c59 Downloading [=======================>                           ]  276.8MB/595.5MB
 7aee18c98c59 Downloading [=======================>                           ]  277.9MB/595.5MB
 7aee18c98c59 Downloading [=======================>                           ]  277.9MB/595.5MB
 7aee18c98c59 Downloading [=======================>                           ]  278.9MB/595.5MB
 7aee18c98c59 Downloading [=======================>                           ]  278.9MB/595.5MB
 7aee18c98c59 Downloading [=======================>                           ]    280MB/595.5MB
 7aee18c98c59 Downloading [=======================>                           ]    281MB/595.5MB
 7aee18c98c59 Downloading [=======================>                           ]    281MB/595.5MB
 7aee18c98c59 Downloading [=======================>                           ]  282.1MB/595.5MB
 7aee18c98c59 Downloading [=======================>                           ]  282.1MB/595.5MB
 7aee18c98c59 Downloading [=======================>                           ]  282.1MB/595.5MB
 7aee18c98c59 Downloading [=======================>                           ]  282.1MB/595.5MB
 7aee18c98c59 Downloading [=======================>                           ]  282.1MB/595.5MB
 7aee18c98c59 Downloading [=======================>                           ]  283.1MB/595.5MB
 7aee18c98c59 Downloading [=======================>                           ]  283.1MB/595.5MB
 7aee18c98c59 Downloading [=======================>                           ]  284.2MB/595.5MB
 7aee18c98c59 Downloading [=======================>                           ]  284.2MB/595.5MB
 7aee18c98c59 Downloading [=======================>                           ]  285.2MB/595.5MB
 7aee18c98c59 Downloading [=======================>                           ]  285.2MB/595.5MB
 7aee18c98c59 Downloading [=======================>                           ]  285.2MB/595.5MB
 7aee18c98c59 Downloading [========================>                          ]  286.3MB/595.5MB
 7aee18c98c59 Downloading [========================>                          ]  286.3MB/595.5MB
 7aee18c98c59 Downloading [========================>                          ]  286.3MB/595.5MB
 7aee18c98c59 Downloading [========================>                          ]  287.3MB/595.5MB
 7aee18c98c59 Downloading [========================>                          ]  287.3MB/595.5MB
 7aee18c98c59 Downloading [========================>                          ]  288.4MB/595.5MB
 7aee18c98c59 Downloading [========================>                          ]  288.4MB/595.5MB
 7aee18c98c59 Downloading [========================>                          ]  289.4MB/595.5MB
 7aee18c98c59 Downloading [========================>                          ]  289.4MB/595.5MB
 7aee18c98c59 Downloading [========================>                          ]  290.5MB/595.5MB
 7aee18c98c59 Downloading [========================>                          ]  291.5MB/595.5MB
 7aee18c98c59 Downloading [========================>                          ]  291.5MB/595.5MB
 7aee18c98c59 Downloading [========================>                          ]  292.6MB/595.5MB
 7aee18c98c59 Downloading [========================>                          ]  293.6MB/595.5MB
 7aee18c98c59 Downloading [========================>                          ]  293.6MB/595.5MB
 7aee18c98c59 Downloading [========================>                          ]  294.6MB/595.5MB
 7aee18c98c59 Downloading [========================>                          ]  294.6MB/595.5MB
 7aee18c98c59 Downloading [========================>                          ]  295.7MB/595.5MB
 7aee18c98c59 Downloading [========================>                          ]  295.7MB/595.5MB
 7aee18c98c59 Downloading [========================>                          ]  295.7MB/595.5MB
 7aee18c98c59 Downloading [========================>                          ]  296.7MB/595.5MB
 7aee18c98c59 Downloading [========================>                          ]  296.7MB/595.5MB
 7aee18c98c59 Downloading [=========================>                         ]  297.8MB/595.5MB
 7aee18c98c59 Downloading [=========================>                         ]  297.8MB/595.5MB
 7aee18c98c59 Downloading [=========================>                         ]  297.8MB/595.5MB
 7aee18c98c59 Downloading [=========================>                         ]  298.8MB/595.5MB
 7aee18c98c59 Downloading [=========================>                         ]  299.9MB/595.5MB
 7aee18c98c59 Downloading [=========================>                         ]  299.9MB/595.5MB
 7aee18c98c59 Downloading [=========================>                         ]  299.9MB/595.5MB
 7aee18c98c59 Downloading [=========================>                         ]  300.9MB/595.5MB
 7aee18c98c59 Downloading [=========================>                         ]  300.9MB/595.5MB
 7aee18c98c59 Downloading [=========================>                         ]    302MB/595.5MB
 7aee18c98c59 Downloading [=========================>                         ]    302MB/595.5MB
 7aee18c98c59 Downloading [=========================>                         ]    303MB/595.5MB
 7aee18c98c59 Downloading [=========================>                         ]    303MB/595.5MB
 7aee18c98c59 Downloading [=========================>                         ]  304.1MB/595.5MB
 7aee18c98c59 Downloading [=========================>                         ]  304.1MB/595.5MB
 7aee18c98c59 Downloading [=========================>                         ]  305.1MB/595.5MB
 7aee18c98c59 Downloading [=========================>                         ]  305.1MB/595.5MB
 7aee18c98c59 Downloading [=========================>                         ]  306.2MB/595.5MB
 7aee18c98c59 Downloading [=========================>                         ]  306.2MB/595.5MB
 7aee18c98c59 Downloading [=========================>                         ]  306.2MB/595.5MB
 7aee18c98c59 Downloading [=========================>                         ]  307.2MB/595.5MB
 7aee18c98c59 Downloading [=========================>                         ]  307.2MB/595.5MB
 7aee18c98c59 Downloading [=========================>                         ]  307.2MB/595.5MB
 7aee18c98c59 Downloading [=========================>                         ]  308.3MB/595.5MB
 7aee18c98c59 Downloading [=========================>                         ]  309.3MB/595.5MB
 7aee18c98c59 Downloading [=========================>                         ]  309.3MB/595.5MB
 7aee18c98c59 Downloading [==========================>                        ]  310.4MB/595.5MB
 7aee18c98c59 Downloading [==========================>                        ]  310.4MB/595.5MB
 7aee18c98c59 Downloading [==========================>                        ]  311.4MB/595.5MB
 7aee18c98c59 Downloading [==========================>                        ]  311.4MB/595.5MB
 7aee18c98c59 Downloading [==========================>                        ]  312.5MB/595.5MB
 7aee18c98c59 Downloading [==========================>                        ]  312.5MB/595.5MB
 7aee18c98c59 Downloading [==========================>                        ]  313.5MB/595.5MB
 7aee18c98c59 Downloading [==========================>                        ]  313.5MB/595.5MB
 7aee18c98c59 Downloading [==========================>                        ]  314.6MB/595.5MB
 7aee18c98c59 Downloading [==========================>                        ]  314.6MB/595.5MB
 7aee18c98c59 Downloading [==========================>                        ]  314.6MB/595.5MB
 7aee18c98c59 Downloading [==========================>                        ]  315.6MB/595.5MB
 7aee18c98c59 Downloading [==========================>                        ]  315.6MB/595.5MB
 7aee18c98c59 Downloading [==========================>                        ]  315.6MB/595.5MB
 7aee18c98c59 Downloading [==========================>                        ]  315.6MB/595.5MB
 7aee18c98c59 Downloading [==========================>                        ]  316.7MB/595.5MB
 7aee18c98c59 Downloading [==========================>                        ]  316.7MB/595.5MB
 7aee18c98c59 Downloading [==========================>                        ]  317.7MB/595.5MB
 7aee18c98c59 Downloading [==========================>                        ]  317.7MB/595.5MB
 7aee18c98c59 Downloading [==========================>                        ]  318.8MB/595.5MB
 7aee18c98c59 Downloading [==========================>                        ]  318.8MB/595.5MB
 7aee18c98c59 Downloading [==========================>                        ]  319.8MB/595.5MB
 7aee18c98c59 Downloading [==========================>                        ]  319.8MB/595.5MB
 7aee18c98c59 Downloading [==========================>                        ]  320.9MB/595.5MB
 7aee18c98c59 Downloading [==========================>                        ]  320.9MB/595.5MB
 7aee18c98c59 Downloading [===========================>                       ]  321.9MB/595.5MB
 7aee18c98c59 Downloading [===========================>                       ]  321.9MB/595.5MB
 7aee18c98c59 Downloading [===========================>                       ]    323MB/595.5MB
 7aee18c98c59 Downloading [===========================>                       ]    323MB/595.5MB
 7aee18c98c59 Downloading [===========================>                       ]    324MB/595.5MB
 7aee18c98c59 Downloading [===========================>                       ]    324MB/595.5MB
 7aee18c98c59 Downloading [===========================>                       ]    324MB/595.5MB
 7aee18c98c59 Downloading [===========================>                       ]    324MB/595.5MB
 7aee18c98c59 Downloading [===========================>                       ]    324MB/595.5MB
 7aee18c98c59 Downloading [===========================>                       ]    324MB/595.5MB
 7aee18c98c59 Downloading [===========================>                       ]    324MB/595.5MB
 7aee18c98c59 Downloading [===========================>                       ]    324MB/595.5MB
 7aee18c98c59 Downloading [===========================>                       ]  325.1MB/595.5MB
 7aee18c98c59 Downloading [===========================>                       ]  325.1MB/595.5MB
 7aee18c98c59 Downloading [===========================>                       ]  325.1MB/595.5MB
 7aee18c98c59 Downloading [===========================>                       ]  326.1MB/595.5MB
 7aee18c98c59 Downloading [===========================>                       ]  326.1MB/595.5MB
 7aee18c98c59 Downloading [===========================>                       ]  327.2MB/595.5MB
 7aee18c98c59 Downloading [===========================>                       ]  327.2MB/595.5MB
 7aee18c98c59 Downloading [===========================>                       ]  328.2MB/595.5MB
 7aee18c98c59 Downloading [===========================>                       ]  328.2MB/595.5MB
 7aee18c98c59 Downloading [===========================>                       ]  328.2MB/595.5MB
 7aee18c98c59 Downloading [===========================>                       ]  328.2MB/595.5MB
 7aee18c98c59 Downloading [===========================>                       ]  328.2MB/595.5MB
 7aee18c98c59 Downloading [===========================>                       ]  328.2MB/595.5MB
 7aee18c98c59 Downloading [===========================>                       ]  329.3MB/595.5MB
 7aee18c98c59 Downloading [===========================>                       ]  329.3MB/595.5MB
 7aee18c98c59 Downloading [===========================>                       ]  329.3MB/595.5MB
 7aee18c98c59 Downloading [===========================>                       ]  330.3MB/595.5MB
 7aee18c98c59 Downloading [===========================>                       ]  330.3MB/595.5MB
 7aee18c98c59 Downloading [===========================>                       ]  330.3MB/595.5MB
 7aee18c98c59 Downloading [===========================>                       ]  330.3MB/595.5MB
 7aee18c98c59 Downloading [===========================>                       ]  331.4MB/595.5MB
 7aee18c98c59 Downloading [===========================>                       ]  331.4MB/595.5MB
 7aee18c98c59 Downloading [===========================>                       ]  332.4MB/595.5MB
 7aee18c98c59 Downloading [===========================>                       ]  332.4MB/595.5MB
 7aee18c98c59 Downloading [===========================>                       ]  332.4MB/595.5MB
 7aee18c98c59 Downloading [===========================>                       ]  333.4MB/595.5MB
 7aee18c98c59 Downloading [===========================>                       ]  333.4MB/595.5MB
 7aee18c98c59 Downloading [============================>                      ]  334.5MB/595.5MB
 7aee18c98c59 Downloading [============================>                      ]  334.5MB/595.5MB
 7aee18c98c59 Downloading [============================>                      ]  334.5MB/595.5MB
 7aee18c98c59 Downloading [============================>                      ]  335.5MB/595.5MB
 7aee18c98c59 Downloading [============================>                      ]  335.5MB/595.5MB
 7aee18c98c59 Downloading [============================>                      ]  336.6MB/595.5MB
 7aee18c98c59 Downloading [============================>                      ]  336.6MB/595.5MB
 7aee18c98c59 Downloading [============================>                      ]  337.6MB/595.5MB
 7aee18c98c59 Downloading [============================>                      ]  337.6MB/595.5MB
 7aee18c98c59 Downloading [============================>                      ]  338.7MB/595.5MB
 7aee18c98c59 Downloading [============================>                      ]  338.7MB/595.5MB
 7aee18c98c59 Downloading [============================>                      ]  338.7MB/595.5MB
 7aee18c98c59 Downloading [============================>                      ]  338.7MB/595.5MB
 7aee18c98c59 Downloading [============================>                      ]  339.7MB/595.5MB
 7aee18c98c59 Downloading [============================>                      ]  339.7MB/595.5MB
 7aee18c98c59 Downloading [============================>                      ]  339.7MB/595.5MB
 7aee18c98c59 Downloading [============================>                      ]  340.8MB/595.5MB
 7aee18c98c59 Downloading [============================>                      ]  340.8MB/595.5MB
 7aee18c98c59 Downloading [============================>                      ]  340.8MB/595.5MB
 7aee18c98c59 Downloading [============================>                      ]  341.8MB/595.5MB
 7aee18c98c59 Downloading [============================>                      ]  341.8MB/595.5MB
 7aee18c98c59 Downloading [============================>                      ]  342.9MB/595.5MB
 7aee18c98c59 Downloading [============================>                      ]  342.9MB/595.5MB
 7aee18c98c59 Downloading [============================>                      ]  343.9MB/595.5MB
 7aee18c98c59 Downloading [============================>                      ]  343.9MB/595.5MB
 7aee18c98c59 Downloading [============================>                      ]    345MB/595.5MB
 7aee18c98c59 Downloading [============================>                      ]    345MB/595.5MB
 7aee18c98c59 Downloading [=============================>                     ]    346MB/595.5MB
 7aee18c98c59 Downloading [=============================>                     ]    346MB/595.5MB
 7aee18c98c59 Downloading [=============================>                     ]  347.1MB/595.5MB
 7aee18c98c59 Downloading [=============================>                     ]  347.1MB/595.5MB
 7aee18c98c59 Downloading [=============================>                     ]  348.1MB/595.5MB
 7aee18c98c59 Downloading [=============================>                     ]  348.1MB/595.5MB
 7aee18c98c59 Downloading [=============================>                     ]  348.1MB/595.5MB
 7aee18c98c59 Downloading [=============================>                     ]  349.2MB/595.5MB
 7aee18c98c59 Downloading [=============================>                     ]  349.2MB/595.5MB
 7aee18c98c59 Downloading [=============================>                     ]  349.2MB/595.5MB
 7aee18c98c59 Downloading [=============================>                     ]  350.2MB/595.5MB
 7aee18c98c59 Downloading [=============================>                     ]  350.2MB/595.5MB
 7aee18c98c59 Downloading [=============================>                     ]  350.2MB/595.5MB
 7aee18c98c59 Downloading [=============================>                     ]  351.3MB/595.5MB
 7aee18c98c59 Downloading [=============================>                     ]  351.3MB/595.5MB
 7aee18c98c59 Downloading [=============================>                     ]  352.3MB/595.5MB
 7aee18c98c59 Downloading [=============================>                     ]  352.3MB/595.5MB
 7aee18c98c59 Downloading [=============================>                     ]  353.4MB/595.5MB
 7aee18c98c59 Downloading [=============================>                     ]  353.4MB/595.5MB
 7aee18c98c59 Downloading [=============================>                     ]  354.4MB/595.5MB
 7aee18c98c59 Downloading [=============================>                     ]  354.4MB/595.5MB
 7aee18c98c59 Downloading [=============================>                     ]  355.5MB/595.5MB
 7aee18c98c59 Downloading [=============================>                     ]  355.5MB/595.5MB
 7aee18c98c59 Downloading [=============================>                     ]  355.5MB/595.5MB
 7aee18c98c59 Downloading [=============================>                     ]  356.5MB/595.5MB
 7aee18c98c59 Downloading [=============================>                     ]  356.5MB/595.5MB
 7aee18c98c59 Downloading [==============================>                    ]  357.6MB/595.5MB
 7aee18c98c59 Downloading [==============================>                    ]  357.6MB/595.5MB
 7aee18c98c59 Downloading [==============================>                    ]  357.6MB/595.5MB
 7aee18c98c59 Downloading [==============================>                    ]  357.6MB/595.5MB
 7aee18c98c59 Downloading [==============================>                    ]  357.6MB/595.5MB
 7aee18c98c59 Downloading [==============================>                    ]  357.6MB/595.5MB
 7aee18c98c59 Downloading [==============================>                    ]  357.6MB/595.5MB
 7aee18c98c59 Downloading [==============================>                    ]  358.6MB/595.5MB
 7aee18c98c59 Downloading [==============================>                    ]  358.6MB/595.5MB
 7aee18c98c59 Downloading [==============================>                    ]  359.7MB/595.5MB
 7aee18c98c59 Downloading [==============================>                    ]  359.7MB/595.5MB
 7aee18c98c59 Downloading [==============================>                    ]  360.7MB/595.5MB
 7aee18c98c59 Downloading [==============================>                    ]  360.7MB/595.5MB
 7aee18c98c59 Downloading [==============================>                    ]  360.7MB/595.5MB
 7aee18c98c59 Downloading [==============================>                    ]  361.8MB/595.5MB
 7aee18c98c59 Downloading [==============================>                    ]  361.8MB/595.5MB
 7aee18c98c59 Downloading [==============================>                    ]  362.8MB/595.5MB
 7aee18c98c59 Downloading [==============================>                    ]  362.8MB/595.5MB
 7aee18c98c59 Downloading [==============================>                    ]  362.8MB/595.5MB
 7aee18c98c59 Downloading [==============================>                    ]  363.9MB/595.5MB
 7aee18c98c59 Downloading [==============================>                    ]  363.9MB/595.5MB
 7aee18c98c59 Downloading [==============================>                    ]  363.9MB/595.5MB
 7aee18c98c59 Downloading [==============================>                    ]  364.9MB/595.5MB
 7aee18c98c59 Downloading [==============================>                    ]  364.9MB/595.5MB
 7aee18c98c59 Downloading [==============================>                    ]  364.9MB/595.5MB
 7aee18c98c59 Downloading [==============================>                    ]    366MB/595.5MB
 7aee18c98c59 Downloading [==============================>                    ]    366MB/595.5MB
 7aee18c98c59 Downloading [==============================>                    ]    366MB/595.5MB
 7aee18c98c59 Downloading [==============================>                    ]    366MB/595.5MB
 7aee18c98c59 Downloading [==============================>                    ]    367MB/595.5MB
 7aee18c98c59 Downloading [==============================>                    ]    367MB/595.5MB
 7aee18c98c59 Downloading [==============================>                    ]  368.1MB/595.5MB
 7aee18c98c59 Downloading [==============================>                    ]  368.1MB/595.5MB
 7aee18c98c59 Downloading [==============================>                    ]  368.1MB/595.5MB
 7aee18c98c59 Downloading [==============================>                    ]  368.1MB/595.5MB
 7aee18c98c59 Downloading [==============================>                    ]  369.1MB/595.5MB
 7aee18c98c59 Downloading [==============================>                    ]  369.1MB/595.5MB
 7aee18c98c59 Downloading [==============================>                    ]  369.1MB/595.5MB
 7aee18c98c59 Downloading [===============================>                   ]  370.1MB/595.5MB
 7aee18c98c59 Downloading [===============================>                   ]  370.1MB/595.5MB
 7aee18c98c59 Downloading [===============================>                   ]  371.2MB/595.5MB
 7aee18c98c59 Downloading [===============================>                   ]  371.2MB/595.5MB
 7aee18c98c59 Downloading [===============================>                   ]  372.2MB/595.5MB
 7aee18c98c59 Downloading [===============================>                   ]  372.2MB/595.5MB
 7aee18c98c59 Downloading [===============================>                   ]  373.3MB/595.5MB
 7aee18c98c59 Downloading [===============================>                   ]  373.3MB/595.5MB
 7aee18c98c59 Downloading [===============================>                   ]  373.3MB/595.5MB
 7aee18c98c59 Downloading [===============================>                   ]  374.3MB/595.5MB
 7aee18c98c59 Downloading [===============================>                   ]  374.3MB/595.5MB
 7aee18c98c59 Downloading [===============================>                   ]  374.3MB/595.5MB
 7aee18c98c59 Downloading [===============================>                   ]  375.4MB/595.5MB
 7aee18c98c59 Downloading [===============================>                   ]  375.4MB/595.5MB
 7aee18c98c59 Downloading [===============================>                   ]  376.4MB/595.5MB
 7aee18c98c59 Downloading [===============================>                   ]  376.4MB/595.5MB
 7aee18c98c59 Downloading [===============================>                   ]  377.5MB/595.5MB
 7aee18c98c59 Downloading [===============================>                   ]  377.5MB/595.5MB
 7aee18c98c59 Downloading [===============================>                   ]  377.5MB/595.5MB
 7aee18c98c59 Downloading [===============================>                   ]  378.5MB/595.5MB
 7aee18c98c59 Downloading [===============================>                   ]  378.5MB/595.5MB
 7aee18c98c59 Downloading [===============================>                   ]  379.6MB/595.5MB
 7aee18c98c59 Downloading [===============================>                   ]  379.6MB/595.5MB
 7aee18c98c59 Downloading [===============================>                   ]  379.6MB/595.5MB
 7aee18c98c59 Downloading [===============================>                   ]  380.6MB/595.5MB
 7aee18c98c59 Downloading [===============================>                   ]  380.6MB/595.5MB
 7aee18c98c59 Downloading [================================>                  ]  381.7MB/595.5MB
 7aee18c98c59 Downloading [================================>                  ]  381.7MB/595.5MB
 7aee18c98c59 Downloading [================================>                  ]  381.7MB/595.5MB
 7aee18c98c59 Downloading [================================>                  ]  382.7MB/595.5MB
 7aee18c98c59 Downloading [================================>                  ]  382.7MB/595.5MB
 7aee18c98c59 Downloading [================================>                  ]  382.7MB/595.5MB
 7aee18c98c59 Downloading [================================>                  ]  383.8MB/595.5MB
 7aee18c98c59 Downloading [================================>                  ]  383.8MB/595.5MB
 7aee18c98c59 Downloading [================================>                  ]  384.8MB/595.5MB
 7aee18c98c59 Downloading [================================>                  ]  384.8MB/595.5MB
 7aee18c98c59 Downloading [================================>                  ]  385.9MB/595.5MB
 7aee18c98c59 Downloading [================================>                  ]  385.9MB/595.5MB
 7aee18c98c59 Downloading [================================>                  ]  385.9MB/595.5MB
 7aee18c98c59 Downloading [================================>                  ]  386.9MB/595.5MB
 7aee18c98c59 Downloading [================================>                  ]  386.9MB/595.5MB
 7aee18c98c59 Downloading [================================>                  ]    388MB/595.5MB
 7aee18c98c59 Downloading [================================>                  ]    388MB/595.5MB
 7aee18c98c59 Downloading [================================>                  ]    388MB/595.5MB
 7aee18c98c59 Downloading [================================>                  ]    389MB/595.5MB
 7aee18c98c59 Downloading [================================>                  ]    389MB/595.5MB
 7aee18c98c59 Downloading [================================>                  ]  390.1MB/595.5MB
 7aee18c98c59 Downloading [================================>                  ]  390.1MB/595.5MB
 7aee18c98c59 Downloading [================================>                  ]  390.1MB/595.5MB
 7aee18c98c59 Downloading [================================>                  ]  391.1MB/595.5MB
 7aee18c98c59 Downloading [================================>                  ]  391.1MB/595.5MB
 7aee18c98c59 Downloading [================================>                  ]  391.1MB/595.5MB
 7aee18c98c59 Downloading [================================>                  ]  392.2MB/595.5MB
 7aee18c98c59 Downloading [================================>                  ]  392.2MB/595.5MB
 7aee18c98c59 Downloading [=================================>                 ]  393.2MB/595.5MB
 7aee18c98c59 Downloading [=================================>                 ]  393.2MB/595.5MB
 7aee18c98c59 Downloading [=================================>                 ]  394.3MB/595.5MB
 7aee18c98c59 Downloading [=================================>                 ]  394.3MB/595.5MB
 7aee18c98c59 Downloading [=================================>                 ]  394.3MB/595.5MB
 7aee18c98c59 Downloading [=================================>                 ]  394.3MB/595.5MB
 7aee18c98c59 Downloading [=================================>                 ]  395.3MB/595.5MB
 7aee18c98c59 Downloading [=================================>                 ]  395.3MB/595.5MB
 7aee18c98c59 Downloading [=================================>                 ]  395.3MB/595.5MB
 7aee18c98c59 Downloading [=================================>                 ]  396.4MB/595.5MB
 7aee18c98c59 Downloading [=================================>                 ]  396.4MB/595.5MB
 7aee18c98c59 Downloading [=================================>                 ]  396.4MB/595.5MB
 7aee18c98c59 Downloading [=================================>                 ]  397.4MB/595.5MB
 7aee18c98c59 Downloading [=================================>                 ]  397.4MB/595.5MB
 7aee18c98c59 Downloading [=================================>                 ]  397.4MB/595.5MB
 7aee18c98c59 Downloading [=================================>                 ]  398.5MB/595.5MB
 7aee18c98c59 Downloading [=================================>                 ]  398.5MB/595.5MB
 7aee18c98c59 Downloading [=================================>                 ]  399.5MB/595.5MB
 7aee18c98c59 Downloading [=================================>                 ]  399.5MB/595.5MB
 7aee18c98c59 Downloading [=================================>                 ]  399.5MB/595.5MB
 7aee18c98c59 Downloading [=================================>                 ]  400.6MB/595.5MB
 7aee18c98c59 Downloading [=================================>                 ]  400.6MB/595.5MB
 7aee18c98c59 Downloading [=================================>                 ]  401.6MB/595.5MB
 7aee18c98c59 Downloading [=================================>                 ]  401.6MB/595.5MB
 7aee18c98c59 Downloading [=================================>                 ]  402.7MB/595.5MB
 7aee18c98c59 Downloading [=================================>                 ]  402.7MB/595.5MB
 7aee18c98c59 Downloading [=================================>                 ]  403.7MB/595.5MB
 7aee18c98c59 Downloading [=================================>                 ]  403.7MB/595.5MB
 7aee18c98c59 Downloading [=================================>                 ]  404.8MB/595.5MB
 7aee18c98c59 Downloading [=================================>                 ]  404.8MB/595.5MB
 7aee18c98c59 Downloading [==================================>                ]  405.8MB/595.5MB
 7aee18c98c59 Downloading [==================================>                ]  405.8MB/595.5MB
 7aee18c98c59 Downloading [==================================>                ]  406.8MB/595.5MB
 7aee18c98c59 Downloading [==================================>                ]  406.8MB/595.5MB
 7aee18c98c59 Downloading [==================================>                ]  406.8MB/595.5MB
 7aee18c98c59 Downloading [==================================>                ]  406.8MB/595.5MB
 7aee18c98c59 Downloading [==================================>                ]  407.9MB/595.5MB
 7aee18c98c59 Downloading [==================================>                ]  407.9MB/595.5MB
 7aee18c98c59 Downloading [==================================>                ]  408.9MB/595.5MB
 7aee18c98c59 Downloading [==================================>                ]  408.9MB/595.5MB
 7aee18c98c59 Downloading [==================================>                ]  408.9MB/595.5MB
 7aee18c98c59 Downloading [==================================>                ]  408.9MB/595.5MB
 7aee18c98c59 Downloading [==================================>                ]    410MB/595.5MB
 7aee18c98c59 Downloading [==================================>                ]    411MB/595.5MB
 7aee18c98c59 Downloading [==================================>                ]    411MB/595.5MB
 7aee18c98c59 Downloading [==================================>                ]    411MB/595.5MB
 7aee18c98c59 Downloading [==================================>                ]    411MB/595.5MB
 7aee18c98c59 Downloading [==================================>                ]    411MB/595.5MB
 7aee18c98c59 Downloading [==================================>                ]    411MB/595.5MB
 7aee18c98c59 Downloading [==================================>                ]  412.1MB/595.5MB
 7aee18c98c59 Downloading [==================================>                ]  412.1MB/595.5MB
 7aee18c98c59 Downloading [==================================>                ]  413.1MB/595.5MB
 7aee18c98c59 Downloading [==================================>                ]  413.1MB/595.5MB
 7aee18c98c59 Downloading [==================================>                ]  413.1MB/595.5MB
 7aee18c98c59 Downloading [==================================>                ]  414.2MB/595.5MB
 7aee18c98c59 Downloading [==================================>                ]  414.2MB/595.5MB
 7aee18c98c59 Downloading [==================================>                ]  415.2MB/595.5MB
 7aee18c98c59 Downloading [==================================>                ]  415.2MB/595.5MB
 7aee18c98c59 Downloading [==================================>                ]  416.3MB/595.5MB
 7aee18c98c59 Downloading [==================================>                ]  416.3MB/595.5MB
 7aee18c98c59 Downloading [==================================>                ]  416.3MB/595.5MB
 7aee18c98c59 Downloading [===================================>               ]  417.3MB/595.5MB
 7aee18c98c59 Downloading [===================================>               ]  417.3MB/595.5MB
 7aee18c98c59 Downloading [===================================>               ]  418.4MB/595.5MB
 7aee18c98c59 Downloading [===================================>               ]  418.4MB/595.5MB
 7aee18c98c59 Downloading [===================================>               ]  419.4MB/595.5MB
 7aee18c98c59 Downloading [===================================>               ]  419.4MB/595.5MB
 7aee18c98c59 Downloading [===================================>               ]  419.4MB/595.5MB
 7aee18c98c59 Downloading [===================================>               ]  420.5MB/595.5MB
 7aee18c98c59 Downloading [===================================>               ]  421.5MB/595.5MB
 7aee18c98c59 Downloading [===================================>               ]  421.5MB/595.5MB
 7aee18c98c59 Downloading [===================================>               ]  422.6MB/595.5MB
 7aee18c98c59 Downloading [===================================>               ]  422.6MB/595.5MB
 7aee18c98c59 Downloading [===================================>               ]  423.6MB/595.5MB
 7aee18c98c59 Downloading [===================================>               ]  423.6MB/595.5MB
 7aee18c98c59 Downloading [===================================>               ]  423.6MB/595.5MB
 7aee18c98c59 Downloading [===================================>               ]  424.7MB/595.5MB
 7aee18c98c59 Downloading [===================================>               ]  424.7MB/595.5MB
 7aee18c98c59 Downloading [===================================>               ]  425.7MB/595.5MB
 7aee18c98c59 Downloading [===================================>               ]  425.7MB/595.5MB
 7aee18c98c59 Downloading [===================================>               ]  425.7MB/595.5MB
 7aee18c98c59 Downloading [===================================>               ]  426.8MB/595.5MB
 7aee18c98c59 Downloading [===================================>               ]  426.8MB/595.5MB
 7aee18c98c59 Downloading [===================================>               ]  427.8MB/595.5MB
 7aee18c98c59 Downloading [===================================>               ]  427.8MB/595.5MB
 7aee18c98c59 Downloading [====================================>              ]  428.9MB/595.5MB
 7aee18c98c59 Downloading [====================================>              ]  428.9MB/595.5MB
 7aee18c98c59 Downloading [====================================>              ]  429.9MB/595.5MB
 7aee18c98c59 Downloading [====================================>              ]  429.9MB/595.5MB
 7aee18c98c59 Downloading [====================================>              ]    431MB/595.5MB
 7aee18c98c59 Downloading [====================================>              ]    431MB/595.5MB
 7aee18c98c59 Downloading [====================================>              ]    432MB/595.5MB
 7aee18c98c59 Downloading [====================================>              ]    432MB/595.5MB
 7aee18c98c59 Downloading [====================================>              ]  433.1MB/595.5MB
 7aee18c98c59 Downloading [====================================>              ]  433.1MB/595.5MB
 7aee18c98c59 Downloading [====================================>              ]  434.1MB/595.5MB
 7aee18c98c59 Downloading [====================================>              ]  434.1MB/595.5MB
 7aee18c98c59 Downloading [====================================>              ]  434.1MB/595.5MB
 7aee18c98c59 Downloading [====================================>              ]  435.2MB/595.5MB
 7aee18c98c59 Downloading [====================================>              ]  435.2MB/595.5MB
 7aee18c98c59 Downloading [====================================>              ]  435.2MB/595.5MB
 7aee18c98c59 Downloading [====================================>              ]  436.2MB/595.5MB
 7aee18c98c59 Downloading [====================================>              ]  436.2MB/595.5MB
 7aee18c98c59 Downloading [====================================>              ]  436.2MB/595.5MB
 7aee18c98c59 Downloading [====================================>              ]  436.2MB/595.5MB
 7aee18c98c59 Downloading [====================================>              ]  437.3MB/595.5MB
 7aee18c98c59 Downloading [====================================>              ]  437.3MB/595.5MB
 7aee18c98c59 Downloading [====================================>              ]  438.3MB/595.5MB
 7aee18c98c59 Downloading [====================================>              ]  438.3MB/595.5MB
 7aee18c98c59 Downloading [====================================>              ]  439.4MB/595.5MB
 7aee18c98c59 Downloading [====================================>              ]  439.4MB/595.5MB
 7aee18c98c59 Downloading [====================================>              ]  440.4MB/595.5MB
 7aee18c98c59 Downloading [====================================>              ]  440.4MB/595.5MB
 7aee18c98c59 Downloading [====================================>              ]  440.4MB/595.5MB
 7aee18c98c59 Downloading [=====================================>             ]  441.5MB/595.5MB
 7aee18c98c59 Downloading [=====================================>             ]  441.5MB/595.5MB
 7aee18c98c59 Downloading [=====================================>             ]  442.5MB/595.5MB
 7aee18c98c59 Downloading [=====================================>             ]  442.5MB/595.5MB
 7aee18c98c59 Downloading [=====================================>             ]  443.5MB/595.5MB
 7aee18c98c59 Downloading [=====================================>             ]  443.5MB/595.5MB
 7aee18c98c59 Downloading [=====================================>             ]  443.5MB/595.5MB
 7aee18c98c59 Downloading [=====================================>             ]  444.6MB/595.5MB
 7aee18c98c59 Downloading [=====================================>             ]  444.6MB/595.5MB
 7aee18c98c59 Downloading [=====================================>             ]  444.6MB/595.5MB
 7aee18c98c59 Downloading [=====================================>             ]  445.6MB/595.5MB
 7aee18c98c59 Downloading [=====================================>             ]  445.6MB/595.5MB
 7aee18c98c59 Downloading [=====================================>             ]  446.1MB/595.5MB
 7aee18c98c59 Downloading [=====================================>             ]  446.7MB/595.5MB
 7aee18c98c59 Downloading [=====================================>             ]  446.7MB/595.5MB
 7aee18c98c59 Downloading [=====================================>             ]  447.7MB/595.5MB
 7aee18c98c59 Downloading [=====================================>             ]  447.7MB/595.5MB
 7aee18c98c59 Downloading [=====================================>             ]  448.8MB/595.5MB
 7aee18c98c59 Downloading [=====================================>             ]  449.8MB/595.5MB
 7aee18c98c59 Downloading [=====================================>             ]  449.8MB/595.5MB
 7aee18c98c59 Downloading [=====================================>             ]  450.9MB/595.5MB
 7aee18c98c59 Downloading [=====================================>             ]  450.9MB/595.5MB
 7aee18c98c59 Downloading [=====================================>             ]  451.9MB/595.5MB
 7aee18c98c59 Downloading [=====================================>             ]  451.9MB/595.5MB
 7aee18c98c59 Downloading [======================================>            ]    453MB/595.5MB
 7aee18c98c59 Downloading [======================================>            ]    453MB/595.5MB
 7aee18c98c59 Downloading [======================================>            ]    454MB/595.5MB
 7aee18c98c59 Downloading [======================================>            ]    454MB/595.5MB
 7aee18c98c59 Downloading [======================================>            ]    454MB/595.5MB
 7aee18c98c59 Downloading [======================================>            ]  455.1MB/595.5MB
 7aee18c98c59 Downloading [======================================>            ]  455.1MB/595.5MB
 7aee18c98c59 Downloading [======================================>            ]  456.1MB/595.5MB
 7aee18c98c59 Downloading [======================================>            ]  456.1MB/595.5MB
 7aee18c98c59 Downloading [======================================>            ]  456.1MB/595.5MB
 7aee18c98c59 Downloading [======================================>            ]  457.2MB/595.5MB
 7aee18c98c59 Downloading [======================================>            ]  457.2MB/595.5MB
 7aee18c98c59 Downloading [======================================>            ]  457.2MB/595.5MB
 7aee18c98c59 Downloading [======================================>            ]  457.2MB/595.5MB
 7aee18c98c59 Downloading [======================================>            ]  457.2MB/595.5MB
 7aee18c98c59 Downloading [======================================>            ]  458.2MB/595.5MB
 7aee18c98c59 Downloading [======================================>            ]  458.2MB/595.5MB
 7aee18c98c59 Downloading [======================================>            ]  458.2MB/595.5MB
 7aee18c98c59 Downloading [======================================>            ]  459.3MB/595.5MB
 7aee18c98c59 Downloading [======================================>            ]  459.3MB/595.5MB
 7aee18c98c59 Downloading [======================================>            ]  460.3MB/595.5MB
 7aee18c98c59 Downloading [======================================>            ]  460.3MB/595.5MB
 7aee18c98c59 Downloading [======================================>            ]  461.4MB/595.5MB
 7aee18c98c59 Downloading [======================================>            ]  461.4MB/595.5MB
 7aee18c98c59 Downloading [======================================>            ]  462.4MB/595.5MB
 7aee18c98c59 Downloading [======================================>            ]  462.4MB/595.5MB
 7aee18c98c59 Downloading [======================================>            ]  463.5MB/595.5MB
 7aee18c98c59 Downloading [======================================>            ]  463.5MB/595.5MB
 7aee18c98c59 Downloading [======================================>            ]  463.5MB/595.5MB
 7aee18c98c59 Downloading [======================================>            ]  464.5MB/595.5MB
 7aee18c98c59 Downloading [======================================>            ]  464.5MB/595.5MB
 7aee18c98c59 Downloading [======================================>            ]  464.5MB/595.5MB
 7aee18c98c59 Downloading [=======================================>           ]  465.6MB/595.5MB
 7aee18c98c59 Downloading [=======================================>           ]  465.6MB/595.5MB
 7aee18c98c59 Downloading [=======================================>           ]  466.6MB/595.5MB
 7aee18c98c59 Downloading [=======================================>           ]  466.6MB/595.5MB
 7aee18c98c59 Downloading [=======================================>           ]  467.7MB/595.5MB
 7aee18c98c59 Downloading [=======================================>           ]  467.7MB/595.5MB
 7aee18c98c59 Downloading [=======================================>           ]  467.7MB/595.5MB
 7aee18c98c59 Downloading [=======================================>           ]  468.7MB/595.5MB
 7aee18c98c59 Downloading [=======================================>           ]  468.7MB/595.5MB
 7aee18c98c59 Downloading [=======================================>           ]  468.7MB/595.5MB
 7aee18c98c59 Downloading [=======================================>           ]  469.8MB/595.5MB
 7aee18c98c59 Downloading [=======================================>           ]  469.8MB/595.5MB
 7aee18c98c59 Downloading [=======================================>           ]  470.8MB/595.5MB
 7aee18c98c59 Downloading [=======================================>           ]  470.8MB/595.5MB
 7aee18c98c59 Downloading [=======================================>           ]  471.9MB/595.5MB
 7aee18c98c59 Downloading [=======================================>           ]  471.9MB/595.5MB
 7aee18c98c59 Downloading [=======================================>           ]  471.9MB/595.5MB
 7aee18c98c59 Downloading [=======================================>           ]  472.9MB/595.5MB
 7aee18c98c59 Downloading [=======================================>           ]  472.9MB/595.5MB
 7aee18c98c59 Downloading [=======================================>           ]  472.9MB/595.5MB
 7aee18c98c59 Downloading [=======================================>           ]    474MB/595.5MB
 7aee18c98c59 Downloading [=======================================>           ]    475MB/595.5MB
 7aee18c98c59 Downloading [=======================================>           ]    475MB/595.5MB
 7aee18c98c59 Downloading [=======================================>           ]  476.1MB/595.5MB
 7aee18c98c59 Downloading [=======================================>           ]  476.1MB/595.5MB
 7aee18c98c59 Downloading [========================================>          ]  477.1MB/595.5MB
 7aee18c98c59 Downloading [========================================>          ]  477.1MB/595.5MB
 7aee18c98c59 Downloading [========================================>          ]  478.2MB/595.5MB
 7aee18c98c59 Downloading [========================================>          ]  478.2MB/595.5MB
 7aee18c98c59 Downloading [========================================>          ]  478.2MB/595.5MB
 7aee18c98c59 Downloading [========================================>          ]  479.2MB/595.5MB
 7aee18c98c59 Downloading [========================================>          ]  480.2MB/595.5MB
 7aee18c98c59 Downloading [========================================>          ]  480.2MB/595.5MB
 7aee18c98c59 Downloading [========================================>          ]  481.3MB/595.5MB
 7aee18c98c59 Downloading [========================================>          ]  481.3MB/595.5MB
 7aee18c98c59 Downloading [========================================>          ]  482.3MB/595.5MB
 7aee18c98c59 Downloading [========================================>          ]  482.3MB/595.5MB
 7aee18c98c59 Downloading [========================================>          ]  482.3MB/595.5MB
 7aee18c98c59 Downloading [========================================>          ]  483.4MB/595.5MB
 7aee18c98c59 Downloading [========================================>          ]  483.4MB/595.5MB
 7aee18c98c59 Downloading [========================================>          ]  483.4MB/595.5MB
 7aee18c98c59 Downloading [========================================>          ]  484.4MB/595.5MB
 7aee18c98c59 Downloading [========================================>          ]  484.4MB/595.5MB
 7aee18c98c59 Downloading [========================================>          ]  485.5MB/595.5MB
 7aee18c98c59 Downloading [========================================>          ]  485.5MB/595.5MB
 7aee18c98c59 Downloading [========================================>          ]  486.5MB/595.5MB
 7aee18c98c59 Downloading [========================================>          ]  486.5MB/595.5MB
 7aee18c98c59 Downloading [========================================>          ]  487.6MB/595.5MB
 7aee18c98c59 Downloading [========================================>          ]  487.6MB/595.5MB
 7aee18c98c59 Downloading [=========================================>         ]  488.6MB/595.5MB
 7aee18c98c59 Downloading [=========================================>         ]  488.6MB/595.5MB
 7aee18c98c59 Downloading [=========================================>         ]  489.7MB/595.5MB
 7aee18c98c59 Downloading [=========================================>         ]  489.7MB/595.5MB
 7aee18c98c59 Downloading [=========================================>         ]  490.7MB/595.5MB
 7aee18c98c59 Downloading [=========================================>         ]  491.8MB/595.5MB
 7aee18c98c59 Downloading [=========================================>         ]  491.8MB/595.5MB
 7aee18c98c59 Downloading [=========================================>         ]  491.8MB/595.5MB
 7aee18c98c59 Downloading [=========================================>         ]  491.8MB/595.5MB
 7aee18c98c59 Downloading [=========================================>         ]  492.8MB/595.5MB
 7aee18c98c59 Downloading [=========================================>         ]  492.8MB/595.5MB
 7aee18c98c59 Downloading [=========================================>         ]  492.8MB/595.5MB
 7aee18c98c59 Downloading [=========================================>         ]  493.9MB/595.5MB
 7aee18c98c59 Downloading [=========================================>         ]  493.9MB/595.5MB
 7aee18c98c59 Downloading [=========================================>         ]  493.9MB/595.5MB
 7aee18c98c59 Downloading [=========================================>         ]  494.9MB/595.5MB
 7aee18c98c59 Downloading [=========================================>         ]  494.9MB/595.5MB
 7aee18c98c59 Downloading [=========================================>         ]    496MB/595.5MB
 7aee18c98c59 Downloading [=========================================>         ]    496MB/595.5MB
 7aee18c98c59 Downloading [=========================================>         ]    497MB/595.5MB
 7aee18c98c59 Downloading [=========================================>         ]    497MB/595.5MB
 7aee18c98c59 Downloading [=========================================>         ]  498.1MB/595.5MB
 7aee18c98c59 Downloading [=========================================>         ]  498.1MB/595.5MB
 7aee18c98c59 Downloading [=========================================>         ]  499.1MB/595.5MB
 7aee18c98c59 Downloading [=========================================>         ]  499.1MB/595.5MB
 7aee18c98c59 Downloading [=========================================>         ]  500.2MB/595.5MB
 7aee18c98c59 Downloading [=========================================>         ]  500.2MB/595.5MB
 7aee18c98c59 Downloading [==========================================>        ]  501.2MB/595.5MB
 7aee18c98c59 Downloading [==========================================>        ]  501.2MB/595.5MB
 7aee18c98c59 Downloading [==========================================>        ]  502.3MB/595.5MB
 7aee18c98c59 Downloading [==========================================>        ]  502.3MB/595.5MB
 7aee18c98c59 Downloading [==========================================>        ]  502.3MB/595.5MB
 7aee18c98c59 Downloading [==========================================>        ]  503.3MB/595.5MB
 7aee18c98c59 Downloading [==========================================>        ]  503.3MB/595.5MB
 7aee18c98c59 Downloading [==========================================>        ]  503.3MB/595.5MB
 7aee18c98c59 Downloading [==========================================>        ]  503.3MB/595.5MB
 7aee18c98c59 Downloading [==========================================>        ]  503.3MB/595.5MB
 7aee18c98c59 Downloading [==========================================>        ]  504.4MB/595.5MB
 7aee18c98c59 Downloading [==========================================>        ]  504.4MB/595.5MB
 7aee18c98c59 Downloading [==========================================>        ]  505.4MB/595.5MB
 7aee18c98c59 Downloading [==========================================>        ]  505.4MB/595.5MB
 7aee18c98c59 Downloading [==========================================>        ]  506.5MB/595.5MB
 7aee18c98c59 Downloading [==========================================>        ]  507.5MB/595.5MB
 7aee18c98c59 Downloading [==========================================>        ]  507.5MB/595.5MB
 7aee18c98c59 Downloading [==========================================>        ]  508.6MB/595.5MB
 7aee18c98c59 Downloading [==========================================>        ]  508.6MB/595.5MB
 7aee18c98c59 Downloading [==========================================>        ]  508.6MB/595.5MB
 7aee18c98c59 Downloading [==========================================>        ]  509.6MB/595.5MB
 7aee18c98c59 Downloading [==========================================>        ]  509.6MB/595.5MB
 7aee18c98c59 Downloading [==========================================>        ]  510.7MB/595.5MB
 7aee18c98c59 Downloading [==========================================>        ]  510.7MB/595.5MB
 7aee18c98c59 Downloading [==========================================>        ]  510.7MB/595.5MB
 7aee18c98c59 Downloading [==========================================>        ]  511.7MB/595.5MB
 7aee18c98c59 Downloading [==========================================>        ]  511.7MB/595.5MB
 7aee18c98c59 Downloading [===========================================>       ]  512.8MB/595.5MB
 7aee18c98c59 Downloading [===========================================>       ]  512.8MB/595.5MB
 7aee18c98c59 Downloading [===========================================>       ]  512.8MB/595.5MB
 7aee18c98c59 Downloading [===========================================>       ]  513.8MB/595.5MB
 7aee18c98c59 Downloading [===========================================>       ]  513.8MB/595.5MB
 7aee18c98c59 Downloading [===========================================>       ]  514.9MB/595.5MB
 7aee18c98c59 Downloading [===========================================>       ]  514.9MB/595.5MB
 7aee18c98c59 Downloading [===========================================>       ]  515.9MB/595.5MB
 7aee18c98c59 Downloading [===========================================>       ]  515.9MB/595.5MB
 7aee18c98c59 Downloading [===========================================>       ]  516.9MB/595.5MB
 7aee18c98c59 Downloading [===========================================>       ]    518MB/595.5MB
 7aee18c98c59 Downloading [===========================================>       ]    518MB/595.5MB
 7aee18c98c59 Downloading [===========================================>       ]    518MB/595.5MB
 7aee18c98c59 Downloading [===========================================>       ]    519MB/595.5MB
 7aee18c98c59 Downloading [===========================================>       ]  520.1MB/595.5MB
 7aee18c98c59 Downloading [===========================================>       ]  520.1MB/595.5MB
 7aee18c98c59 Downloading [===========================================>       ]  521.1MB/595.5MB
 7aee18c98c59 Downloading [===========================================>       ]  521.1MB/595.5MB
 7aee18c98c59 Downloading [===========================================>       ]  522.2MB/595.5MB
 7aee18c98c59 Downloading [===========================================>       ]  522.2MB/595.5MB
 7aee18c98c59 Downloading [===========================================>       ]  523.2MB/595.5MB
 7aee18c98c59 Downloading [===========================================>       ]  523.2MB/595.5MB
 7aee18c98c59 Downloading [===========================================>       ]  523.2MB/595.5MB
 7aee18c98c59 Downloading [============================================>      ]  524.3MB/595.5MB
 7aee18c98c59 Downloading [============================================>      ]  525.3MB/595.5MB
 7aee18c98c59 Downloading [============================================>      ]  525.3MB/595.5MB
 7aee18c98c59 Downloading [============================================>      ]  526.4MB/595.5MB
 7aee18c98c59 Downloading [============================================>      ]  526.4MB/595.5MB
 7aee18c98c59 Downloading [============================================>      ]  527.4MB/595.5MB
 7aee18c98c59 Downloading [============================================>      ]  527.4MB/595.5MB
 7aee18c98c59 Downloading [============================================>      ]  528.5MB/595.5MB
 7aee18c98c59 Downloading [============================================>      ]  528.5MB/595.5MB
 7aee18c98c59 Downloading [============================================>      ]  529.5MB/595.5MB
 7aee18c98c59 Downloading [============================================>      ]  529.5MB/595.5MB
 7aee18c98c59 Downloading [============================================>      ]  530.6MB/595.5MB
 7aee18c98c59 Downloading [============================================>      ]  530.6MB/595.5MB
 7aee18c98c59 Downloading [============================================>      ]  531.6MB/595.5MB
 7aee18c98c59 Downloading [============================================>      ]  531.6MB/595.5MB
 7aee18c98c59 Downloading [============================================>      ]  532.7MB/595.5MB
 7aee18c98c59 Downloading [============================================>      ]  532.7MB/595.5MB
 7aee18c98c59 Downloading [============================================>      ]  533.7MB/595.5MB
 7aee18c98c59 Downloading [============================================>      ]  533.7MB/595.5MB
 7aee18c98c59 Downloading [============================================>      ]  533.7MB/595.5MB
 7aee18c98c59 Downloading [============================================>      ]  534.8MB/595.5MB
 7aee18c98c59 Downloading [============================================>      ]  534.8MB/595.5MB
 7aee18c98c59 Downloading [============================================>      ]  534.8MB/595.5MB
 7aee18c98c59 Downloading [============================================>      ]  535.8MB/595.5MB
 7aee18c98c59 Downloading [============================================>      ]  535.8MB/595.5MB
 7aee18c98c59 Downloading [=============================================>     ]  536.9MB/595.5MB
 7aee18c98c59 Downloading [=============================================>     ]  536.9MB/595.5MB
 7aee18c98c59 Downloading [=============================================>     ]  536.9MB/595.5MB
 7aee18c98c59 Downloading [=============================================>     ]  537.9MB/595.5MB
 7aee18c98c59 Downloading [=============================================>     ]  537.9MB/595.5MB
 7aee18c98c59 Downloading [=============================================>     ]    539MB/595.5MB
 7aee18c98c59 Downloading [=============================================>     ]    539MB/595.5MB
 7aee18c98c59 Downloading [=============================================>     ]    540MB/595.5MB
 7aee18c98c59 Downloading [=============================================>     ]    540MB/595.5MB
 7aee18c98c59 Downloading [=============================================>     ]  541.1MB/595.5MB
 7aee18c98c59 Downloading [=============================================>     ]  541.1MB/595.5MB
 7aee18c98c59 Downloading [=============================================>     ]  542.1MB/595.5MB
 7aee18c98c59 Downloading [=============================================>     ]  542.3MB/595.5MB
 7aee18c98c59 Downloading [=============================================>     ]  543.2MB/595.5MB
 7aee18c98c59 Downloading [=============================================>     ]  543.2MB/595.5MB
 7aee18c98c59 Downloading [=============================================>     ]  544.2MB/595.5MB
 7aee18c98c59 Downloading [=============================================>     ]  545.3MB/595.5MB
 7aee18c98c59 Downloading [=============================================>     ]  545.3MB/595.5MB
 7aee18c98c59 Downloading [=============================================>     ]  546.3MB/595.5MB
 7aee18c98c59 Downloading [=============================================>     ]  547.4MB/595.5MB
 7aee18c98c59 Downloading [=============================================>     ]  547.4MB/595.5MB
 7aee18c98c59 Downloading [==============================================>    ]  548.4MB/595.5MB
 7aee18c98c59 Downloading [==============================================>    ]  548.4MB/595.5MB
 7aee18c98c59 Downloading [==============================================>    ]  549.5MB/595.5MB
 7aee18c98c59 Downloading [==============================================>    ]  549.5MB/595.5MB
 7aee18c98c59 Downloading [==============================================>    ]  550.5MB/595.5MB
 7aee18c98c59 Downloading [==============================================>    ]  550.5MB/595.5MB
 7aee18c98c59 Downloading [==============================================>    ]  550.5MB/595.5MB
 7aee18c98c59 Downloading [==============================================>    ]  551.6MB/595.5MB
 7aee18c98c59 Downloading [==============================================>    ]  551.6MB/595.5MB
 7aee18c98c59 Downloading [==============================================>    ]  552.6MB/595.5MB
 7aee18c98c59 Downloading [==============================================>    ]  552.6MB/595.5MB
 7aee18c98c59 Downloading [==============================================>    ]  553.6MB/595.5MB
 7aee18c98c59 Downloading [==============================================>    ]  553.6MB/595.5MB
 7aee18c98c59 Downloading [==============================================>    ]  553.6MB/595.5MB
 7aee18c98c59 Downloading [==============================================>    ]  553.6MB/595.5MB
 7aee18c98c59 Downloading [==============================================>    ]  554.7MB/595.5MB
 7aee18c98c59 Downloading [==============================================>    ]  554.7MB/595.5MB
 7aee18c98c59 Downloading [==============================================>    ]  554.7MB/595.5MB
 7aee18c98c59 Downloading [==============================================>    ]  554.7MB/595.5MB
 7aee18c98c59 Downloading [==============================================>    ]  555.7MB/595.5MB
 7aee18c98c59 Downloading [==============================================>    ]  555.7MB/595.5MB
 7aee18c98c59 Downloading [==============================================>    ]  556.8MB/595.5MB
 7aee18c98c59 Downloading [==============================================>    ]  556.8MB/595.5MB
 7aee18c98c59 Downloading [==============================================>    ]  557.8MB/595.5MB
 7aee18c98c59 Downloading [==============================================>    ]  557.8MB/595.5MB
 7aee18c98c59 Downloading [==============================================>    ]  558.9MB/595.5MB
 7aee18c98c59 Downloading [==============================================>    ]  558.9MB/595.5MB
 7aee18c98c59 Downloading [===============================================>   ]  559.9MB/595.5MB
 7aee18c98c59 Downloading [===============================================>   ]  559.9MB/595.5MB
 7aee18c98c59 Downloading [===============================================>   ]  559.9MB/595.5MB
 7aee18c98c59 Downloading [===============================================>   ]    561MB/595.5MB
 7aee18c98c59 Downloading [===============================================>   ]    561MB/595.5MB
 7aee18c98c59 Downloading [===============================================>   ]    561MB/595.5MB
 7aee18c98c59 Downloading [===============================================>   ]    561MB/595.5MB
 7aee18c98c59 Downloading [===============================================>   ]    561MB/595.5MB
 7aee18c98c59 Downloading [===============================================>   ]    562MB/595.5MB
 7aee18c98c59 Downloading [===============================================>   ]    562MB/595.5MB
 7aee18c98c59 Downloading [===============================================>   ]    562MB/595.5MB
 7aee18c98c59 Downloading [===============================================>   ]  563.1MB/595.5MB
 7aee18c98c59 Downloading [===============================================>   ]  563.1MB/595.5MB
 7aee18c98c59 Downloading [===============================================>   ]  564.1MB/595.5MB
 7aee18c98c59 Downloading [===============================================>   ]  564.1MB/595.5MB
 7aee18c98c59 Downloading [===============================================>   ]  565.2MB/595.5MB
 7aee18c98c59 Downloading [===============================================>   ]  565.2MB/595.5MB
 7aee18c98c59 Downloading [===============================================>   ]  565.2MB/595.5MB
 7aee18c98c59 Downloading [===============================================>   ]  566.2MB/595.5MB
 7aee18c98c59 Downloading [===============================================>   ]  566.2MB/595.5MB
 7aee18c98c59 Downloading [===============================================>   ]  566.2MB/595.5MB
 7aee18c98c59 Downloading [===============================================>   ]  567.3MB/595.5MB
 7aee18c98c59 Downloading [===============================================>   ]  567.3MB/595.5MB
 7aee18c98c59 Downloading [===============================================>   ]  567.3MB/595.5MB
 7aee18c98c59 Downloading [===============================================>   ]  567.3MB/595.5MB
 7aee18c98c59 Downloading [===============================================>   ]  568.3MB/595.5MB
 7aee18c98c59 Downloading [===============================================>   ]  568.3MB/595.5MB
 7aee18c98c59 Downloading [===============================================>   ]  568.3MB/595.5MB
 7aee18c98c59 Downloading [===============================================>   ]  569.4MB/595.5MB
 7aee18c98c59 Downloading [===============================================>   ]  569.4MB/595.5MB
 7aee18c98c59 Downloading [===============================================>   ]  569.4MB/595.5MB
 7aee18c98c59 Downloading [===============================================>   ]  570.4MB/595.5MB
 7aee18c98c59 Downloading [===============================================>   ]  570.4MB/595.5MB
 7aee18c98c59 Downloading [===============================================>   ]  571.5MB/595.5MB
 7aee18c98c59 Downloading [===============================================>   ]  571.5MB/595.5MB
 7aee18c98c59 Downloading [===============================================>   ]  571.5MB/595.5MB
 7aee18c98c59 Downloading [================================================>  ]  572.5MB/595.5MB
 7aee18c98c59 Downloading [================================================>  ]  572.5MB/595.5MB
 7aee18c98c59 Downloading [================================================>  ]  572.5MB/595.5MB
 7aee18c98c59 Downloading [================================================>  ]  573.6MB/595.5MB
 7aee18c98c59 Downloading [================================================>  ]  573.6MB/595.5MB
 7aee18c98c59 Downloading [================================================>  ]  573.6MB/595.5MB
 7aee18c98c59 Downloading [================================================>  ]  574.6MB/595.5MB
 7aee18c98c59 Downloading [================================================>  ]  574.6MB/595.5MB
 7aee18c98c59 Downloading [================================================>  ]  575.7MB/595.5MB
 7aee18c98c59 Downloading [================================================>  ]  575.7MB/595.5MB
 7aee18c98c59 Downloading [================================================>  ]  575.7MB/595.5MB
 7aee18c98c59 Downloading [================================================>  ]  576.7MB/595.5MB
 7aee18c98c59 Downloading [================================================>  ]  576.7MB/595.5MB
 7aee18c98c59 Downloading [================================================>  ]  576.7MB/595.5MB
 7aee18c98c59 Downloading [================================================>  ]  577.8MB/595.5MB
 7aee18c98c59 Downloading [================================================>  ]  577.8MB/595.5MB
 7aee18c98c59 Downloading [================================================>  ]  577.8MB/595.5MB
 7aee18c98c59 Downloading [================================================>  ]  578.8MB/595.5MB
 7aee18c98c59 Downloading [================================================>  ]  578.8MB/595.5MB
 7aee18c98c59 Downloading [================================================>  ]  579.9MB/595.5MB
 7aee18c98c59 Downloading [================================================>  ]  579.9MB/595.5MB
 7aee18c98c59 Downloading [================================================>  ]  579.9MB/595.5MB
 7aee18c98c59 Downloading [================================================>  ]  580.9MB/595.5MB
 7aee18c98c59 Downloading [================================================>  ]  580.9MB/595.5MB
 7aee18c98c59 Downloading [================================================>  ]    582MB/595.5MB
 7aee18c98c59 Downloading [================================================>  ]    582MB/595.5MB
 7aee18c98c59 Downloading [================================================>  ]    582MB/595.5MB
 7aee18c98c59 Downloading [================================================>  ]    583MB/595.5MB
 7aee18c98c59 Downloading [================================================>  ]    583MB/595.5MB
 7aee18c98c59 Downloading [=================================================> ]  584.1MB/595.5MB
 7aee18c98c59 Downloading [=================================================> ]  584.1MB/595.5MB
 7aee18c98c59 Downloading [=================================================> ]  585.1MB/595.5MB
 7aee18c98c59 Downloading [=================================================> ]  585.1MB/595.5MB
 7aee18c98c59 Downloading [=================================================> ]  586.2MB/595.5MB
 7aee18c98c59 Downloading [=================================================> ]  586.2MB/595.5MB
 7aee18c98c59 Downloading [=================================================> ]  587.2MB/595.5MB
 7aee18c98c59 Downloading [=================================================> ]  587.2MB/595.5MB
 7aee18c98c59 Downloading [=================================================> ]  588.3MB/595.5MB
 7aee18c98c59 Downloading [=================================================> ]  588.3MB/595.5MB
 7aee18c98c59 Downloading [=================================================> ]  588.3MB/595.5MB
 7aee18c98c59 Downloading [=================================================> ]  589.3MB/595.5MB
 7aee18c98c59 Downloading [=================================================> ]  589.3MB/595.5MB
 7aee18c98c59 Downloading [=================================================> ]  590.3MB/595.5MB
 7aee18c98c59 Downloading [=================================================> ]  590.3MB/595.5MB
 7aee18c98c59 Downloading [=================================================> ]  591.4MB/595.5MB
 7aee18c98c59 Downloading [=================================================> ]  591.4MB/595.5MB
 7aee18c98c59 Downloading [=================================================> ]  591.4MB/595.5MB
 7aee18c98c59 Downloading [=================================================> ]  592.4MB/595.5MB
 7aee18c98c59 Downloading [=================================================> ]  592.4MB/595.5MB
 7aee18c98c59 Downloading [=================================================> ]  593.5MB/595.5MB
 7aee18c98c59 Downloading [=================================================> ]  593.5MB/595.5MB
 7aee18c98c59 Downloading [=================================================> ]  594.5MB/595.5MB
 7aee18c98c59 Downloading [=================================================> ]  594.5MB/595.5MB
 7aee18c98c59 Downloading [=================================================> ]  594.5MB/595.5MB
 7aee18c98c59 Download complete 
 7aee18c98c59 Extracting 1 s
 7aee18c98c59 Extracting 1 s
 7aee18c98c59 Extracting 1 s
 7aee18c98c59 Extracting 1 s
 7aee18c98c59 Extracting 1 s
 7aee18c98c59 Extracting 1 s
 7aee18c98c59 Extracting 1 s
 7aee18c98c59 Extracting 1 s
 7aee18c98c59 Extracting 1 s
 7aee18c98c59 Extracting 1 s
 7aee18c98c59 Extracting 2 s
 7aee18c98c59 Extracting 2 s
 7aee18c98c59 Extracting 2 s
 7aee18c98c59 Extracting 2 s
 7aee18c98c59 Extracting 2 s
 7aee18c98c59 Extracting 2 s
 7aee18c98c59 Extracting 2 s
 7aee18c98c59 Extracting 2 s
 7aee18c98c59 Extracting 2 s
 7aee18c98c59 Extracting 2 s
 7aee18c98c59 Extracting 3 s
 7aee18c98c59 Extracting 3 s
 7aee18c98c59 Extracting 3 s
 7aee18c98c59 Extracting 3 s
 7aee18c98c59 Extracting 3 s
 7aee18c98c59 Extracting 3 s
 7aee18c98c59 Extracting 3 s
 7aee18c98c59 Extracting 3 s
 7aee18c98c59 Extracting 3 s
 7aee18c98c59 Extracting 3 s
 7aee18c98c59 Extracting 3 s
 7aee18c98c59 Extracting 4 s
 7aee18c98c59 Extracting 4 s
 7aee18c98c59 Extracting 4 s
 7aee18c98c59 Extracting 4 s
 7aee18c98c59 Extracting 4 s
 7aee18c98c59 Extracting 4 s
 7aee18c98c59 Extracting 4 s
 7aee18c98c59 Extracting 4 s
 7aee18c98c59 Extracting 4 s
 7aee18c98c59 Extracting 5 s
 7aee18c98c59 Extracting 5 s
 7aee18c98c59 Extracting 5 s
 7aee18c98c59 Extracting 5 s
 7aee18c98c59 Extracting 5 s
 7aee18c98c59 Extracting 5 s
 7aee18c98c59 Extracting 5 s
 7aee18c98c59 Extracting 5 s
 7aee18c98c59 Extracting 5 s
 7aee18c98c59 Extracting 5 s
 7aee18c98c59 Extracting 5 s
 7aee18c98c59 Extracting 6 s
 7aee18c98c59 Extracting 6 s
 7aee18c98c59 Extracting 6 s
 7aee18c98c59 Extracting 6 s
 7aee18c98c59 Extracting 6 s
 7aee18c98c59 Extracting 6 s
 7aee18c98c59 Extracting 6 s
 7aee18c98c59 Extracting 6 s
 7aee18c98c59 Extracting 6 s
 7aee18c98c59 Extracting 6 s
 7aee18c98c59 Extracting 7 s
 7aee18c98c59 Extracting 7 s
 7aee18c98c59 Extracting 7 s
 7aee18c98c59 Extracting 7 s
 7aee18c98c59 Extracting 7 s
 7aee18c98c59 Extracting 7 s
 7aee18c98c59 Extracting 7 s
 7aee18c98c59 Extracting 7 s
 da9129f8f7ad Extracting 1 s
 7aee18c98c59 Pull complete 
 da9129f8f7ad Extracting 1 s
 da9129f8f7ad Extracting 1 s
 da9129f8f7ad Extracting 1 s
 b1494b474174 Pull complete 
 84da87a98ea3 Extracting 1 s
 da9129f8f7ad Pull complete 
 84da87a98ea3 Extracting 1 s
 47fb2fcd8445 Extracting 1 s
 84da87a98ea3 Pull complete 
 47fb2fcd8445 Extracting 1 s
 8b6e3bfdb228 Pull complete 
 47fb2fcd8445 Pull complete 
 36d703894057 Extracting 1 s
 36d703894057 Pull complete 
 43cf3a9e2a40 Extracting 1 s
 43cf3a9e2a40 Extracting 1 s
 43cf3a9e2a40 Pull complete 
 target-m Pulled 
PULL_OK on attempt 1
