 target-m Pulling 
 7aee18c98c59 Pulling fs layer 
 47fb2fcd8445 Pulling fs layer 
 8b6e3bfdb228 Pulling fs layer 
 36d703894057 Pulling fs layer 
 43cf3a9e2a40 Pulling fs layer 
 da9129f8f7ad Pulling fs layer 
 b1494b474174 Pulling fs layer 
 84da87a98ea3 Pulling fs layer 
 8b6e3bfdb228 Download complete 
 b1494b474174 Download complete 
 36d703894057 Downloading [====================>                              ]  1.049MB/2.618MB
 36d703894057 Downloading [====================>                              ]  1.049MB/2.618MB
 36d703894057 Downloading [====================>                              ]  1.049MB/2.618MB
 36d703894057 Downloading [====================>                              ]  1.049MB/2.618MB
 36d703894057 Downloading [====================>                              ]  1.049MB/2.618MB
 36d703894057 Downloading [====================>                              ]  1.049MB/2.618MB
 36d703894057 Downloading [====================>                              ]  1.049MB/2.618MB
 36d703894057 Downloading [====================>                              ]  1.049MB/2.618MB
 36d703894057 Downloading [====================>                              ]  1.049MB/2.618MB
 36d703894057 Downloading [====================>                              ]  1.049MB/2.618MB
 36d703894057 Downloading [====================>                              ]  1.049MB/2.618MB
 36d703894057 Downloading [====================>                              ]  1.049MB/2.618MB
 36d703894057 Downloading [====================>                              ]  1.049MB/2.618MB
 36d703894057 Downloading [====================>                              ]  1.049MB/2.618MB
 36d703894057 Downloading [====================>                              ]  1.049MB/2.618MB
 36d703894057 Downloading [========================================>          ]  2.097MB/2.618MB
 36d703894057 Downloading [========================================>          ]  2.097MB/2.618MB
 36d703894057 Downloading [========================================>          ]  2.097MB/2.618MB
 36d703894057 Downloading [========================================>          ]  2.097MB/2.618MB
 36d703894057 Downloading [========================================>          ]  2.097MB/2.618MB
 36d703894057 Downloading [========================================>          ]  2.097MB/2.618MB
 36d703894057 Downloading [========================================>          ]  2.097MB/2.618MB
 36d703894057 Downloading [========================================>          ]  2.097MB/2.618MB
 36d703894057 Download complete 
 47fb2fcd8445 Downloading [================>                                  ]  1.049MB/3.163MB
 47fb2fcd8445 Downloading [================>                                  ]  1.049MB/3.163MB
 47fb2fcd8445 Downloading [================>                                  ]  1.049MB/3.163MB
 47fb2fcd8445 Downloading [================>                                  ]  1.049MB/3.163MB
 da9129f8f7ad Downloading [==>                                                ]  1.049MB/25.62MB
 47fb2fcd8445 Downloading [================>                                  ]  1.049MB/3.163MB
 da9129f8f7ad Downloading [==>                                                ]  1.049MB/25.62MB
 7aee18c98c59 Downloading [>                                                  ]  1.049MB/595.5MB
 da9129f8f7ad Downloading [==>                                                ]  1.049MB/25.62MB
 47fb2fcd8445 Downloading [================>                                  ]  1.049MB/3.163MB
 7aee18c98c59 Downloading [>                                                  ]  1.049MB/595.5MB
 da9129f8f7ad Downloading [==>                                                ]  1.049MB/25.62MB
 47fb2fcd8445 Downloading [================>                                  ]  1.049MB/3.163MB
 7aee18c98c59 Downloading [>                                                  ]  1.049MB/595.5MB
 da9129f8f7ad Downloading [==>                                                ]  1.049MB/25.62MB
 47fb2fcd8445 Downloading [================>                                  ]  1.049MB/3.163MB
 7aee18c98c59 Downloading [>                                                  ]  1.049MB/595.5MB
 da9129f8f7ad Downloading [==>                                                ]  1.049MB/25.62MB
 47fb2fcd8445 Downloading [================>                                  ]  1.049MB/3.163MB
 7aee18c98c59 Downloading [>                                                  ]  1.049MB/595.5MB
 da9129f8f7ad Downloading [==>                                                ]  1.049MB/25.62MB
 47fb2fcd8445 Downloading [================>                                  ]  1.049MB/3.163MB
 7aee18c98c59 Downloading [>                                                  ]  1.049MB/595.5MB
 da9129f8f7ad Downloading [==>                                                ]  1.049MB/25.62MB
 47fb2fcd8445 Downloading [================>                                  ]  1.049MB/3.163MB
 7aee18c98c59 Downloading [>                                                  ]  1.049MB/595.5MB
 da9129f8f7ad Downloading [==>                                                ]  1.049MB/25.62MB
 47fb2fcd8445 Downloading [================>                                  ]  1.049MB/3.163MB
 7aee18c98c59 Downloading [>                                                  ]  1.049MB/595.5MB
 da9129f8f7ad Downloading [==>                                                ]  1.049MB/25.62MB
 47fb2fcd8445 Downloading [================>                                  ]  1.049MB/3.163MB
 47fb2fcd8445 Downloading [================>                                  ]  1.049MB/3.163MB
 7aee18c98c59 Downloading [>                                                  ]  1.049MB/595.5MB
 da9129f8f7ad Downloading [==>                                                ]  1.049MB/25.62MB
 7aee18c98c59 Downloading [>                                                  ]  1.049MB/595.5MB
 da9129f8f7ad Downloading [==>                                                ]  1.049MB/25.62MB
 47fb2fcd8445 Downloading [================>                                  ]  1.049MB/3.163MB
 7aee18c98c59 Downloading [>                                                  ]  1.049MB/595.5MB
 da9129f8f7ad Downloading [==>                                                ]  1.049MB/25.62MB
 47fb2fcd8445 Downloading [================>                                  ]  1.049MB/3.163MB
 da9129f8f7ad Downloading [==>                                                ]  1.049MB/25.62MB
 47fb2fcd8445 Downloading [================>                                  ]  1.049MB/3.163MB
 7aee18c98c59 Downloading [>                                                  ]  1.049MB/595.5MB
 47fb2fcd8445 Downloading [================>                                  ]  1.049MB/3.163MB
 7aee18c98c59 Downloading [>                                                  ]  1.049MB/595.5MB
 da9129f8f7ad Downloading [==>                                                ]  1.049MB/25.62MB
 7aee18c98c59 Downloading [>                                                  ]  1.049MB/595.5MB
 da9129f8f7ad Downloading [==>                                                ]  1.049MB/25.62MB
 47fb2fcd8445 Downloading [================>                                  ]  1.049MB/3.163MB
 7aee18c98c59 Downloading [>                                                  ]  1.049MB/595.5MB
 da9129f8f7ad Downloading [==>                                                ]  1.049MB/25.62MB
 47fb2fcd8445 Downloading [================>                                  ]  1.049MB/3.163MB
 47fb2fcd8445 Downloading [================>                                  ]  1.049MB/3.163MB
 7aee18c98c59 Downloading [>                                                  ]  1.049MB/595.5MB
 da9129f8f7ad Downloading [==>                                                ]  1.049MB/25.62MB
 47fb2fcd8445 Downloading [================>                                  ]  1.049MB/3.163MB
 7aee18c98c59 Downloading [>                                                  ]  1.049MB/595.5MB
 da9129f8f7ad Downloading [==>                                                ]  1.049MB/25.62MB
 47fb2fcd8445 Downloading [================>                                  ]  1.049MB/3.163MB
 7aee18c98c59 Downloading [>                                                  ]  1.049MB/595.5MB
 da9129f8f7ad Downloading [==>                                                ]  1.049MB/25.62MB
 7aee18c98c59 Downloading [>                                                  ]  1.049MB/595.5MB
 da9129f8f7ad Downloading [==>                                                ]  1.049MB/25.62MB
 47fb2fcd8445 Downloading [================>                                  ]  1.049MB/3.163MB
 7aee18c98c59 Downloading [>                                                  ]  1.049MB/595.5MB
 da9129f8f7ad Downloading [==>                                                ]  1.049MB/25.62MB
 47fb2fcd8445 Downloading [================>                                  ]  1.049MB/3.163MB
 43cf3a9e2a40 Downloading [====================>                              ]  1.049MB/2.616MB
 7aee18c98c59 Downloading [>                                                  ]  1.049MB/595.5MB
 da9129f8f7ad Downloading [==>                                                ]  1.049MB/25.62MB
 47fb2fcd8445 Downloading [================>                                  ]  1.049MB/3.163MB
 7aee18c98c59 Downloading [>                                                  ]  1.049MB/595.5MB
 da9129f8f7ad Downloading [==>                                                ]  1.049MB/25.62MB
 47fb2fcd8445 Downloading [================>                                  ]  1.049MB/3.163MB
 43cf3a9e2a40 Downloading [====================>                              ]  1.049MB/2.616MB
 47fb2fcd8445 Downloading [================>                                  ]  1.049MB/3.163MB
 43cf3a9e2a40 Downloading [====================>                              ]  1.049MB/2.616MB
 7aee18c98c59 Downloading [>                                                  ]  1.049MB/595.5MB
 da9129f8f7ad Downloading [==>                                                ]  1.049MB/25.62MB
 43cf3a9e2a40 Downloading [====================>                              ]  1.049MB/2.616MB
 7aee18c98c59 Downloading [>                                                  ]  1.049MB/595.5MB
 da9129f8f7ad Downloading [==>                                                ]  1.049MB/25.62MB
 47fb2fcd8445 Downloading [================>                                  ]  1.049MB/3.163MB
 47fb2fcd8445 Downloading [================>                                  ]  1.049MB/3.163MB
 43cf3a9e2a40 Downloading [====================>                              ]  1.049MB/2.616MB
 7aee18c98c59 Downloading [>                                                  ]  1.049MB/595.5MB
 da9129f8f7ad Downloading [==>                                                ]  1.049MB/25.62MB
 da9129f8f7ad Downloading [==>                                                ]  1.049MB/25.62MB
 47fb2fcd8445 Downloading [================>                                  ]  1.049MB/3.163MB
 43cf3a9e2a40 Downloading [====================>                              ]  1.049MB/2.616MB
 7aee18c98c59 Downloading [>                                                  ]  1.049MB/595.5MB
 da9129f8f7ad Downloading [==>                                                ]  1.049MB/25.62MB
 47fb2fcd8445 Downloading [================>                                  ]  1.049MB/3.163MB
 43cf3a9e2a40 Downloading [====================>                              ]  1.049MB/2.616MB
 7aee18c98c59 Downloading [>                                                  ]  1.049MB/595.5MB
 43cf3a9e2a40 Downloading [====================>                              ]  1.049MB/2.616MB
 7aee18c98c59 Downloading [>                                                  ]  1.049MB/595.5MB
 da9129f8f7ad Downloading [==>                                                ]  1.049MB/25.62MB
 47fb2fcd8445 Downloading [================>                                  ]  1.049MB/3.163MB
 da9129f8f7ad Downloading [==>                                                ]  1.049MB/25.62MB
 47fb2fcd8445 Downloading [================>                                  ]  1.049MB/3.163MB
 43cf3a9e2a40 Downloading [====================>                              ]  1.049MB/2.616MB
 7aee18c98c59 Downloading [>                                                  ]  1.049MB/595.5MB
 47fb2fcd8445 Downloading [================>                                  ]  1.049MB/3.163MB
 43cf3a9e2a40 Downloading [====================>                              ]  1.049MB/2.616MB
 7aee18c98c59 Downloading [>                                                  ]  1.049MB/595.5MB
 da9129f8f7ad Downloading [==>                                                ]  1.049MB/25.62MB
 47fb2fcd8445 Downloading [================>                                  ]  1.049MB/3.163MB
 43cf3a9e2a40 Downloading [====================>                              ]  1.049MB/2.616MB
 7aee18c98c59 Downloading [>                                                  ]  1.049MB/595.5MB
 da9129f8f7ad Downloading [==>                                                ]  1.049MB/25.62MB
 7aee18c98c59 Downloading [>                                                  ]  1.049MB/595.5MB
 da9129f8f7ad Downloading [==>                                                ]  1.049MB/25.62MB
 47fb2fcd8445 Downloading [================>                                  ]  1.049MB/3.163MB
 43cf3a9e2a40 Downloading [====================>                              ]  1.049MB/2.616MB
 43cf3a9e2a40 Downloading [====================>                              ]  1.049MB/2.616MB
 7aee18c98c59 Downloading [>                                                  ]  1.049MB/595.5MB
 da9129f8f7ad Downloading [==>                                                ]  1.049MB/25.62MB
 47fb2fcd8445 Downloading [================>                                  ]  1.049MB/3.163MB
 43cf3a9e2a40 Downloading [====================>                              ]  1.049MB/2.616MB
 7aee18c98c59 Downloading [>                                                  ]  1.049MB/595.5MB
 da9129f8f7ad Downloading [==>                                                ]  1.049MB/25.62MB
 47fb2fcd8445 Downloading [================>                                  ]  1.049MB/3.163MB
 7aee18c98c59 Downloading [>                                                  ]  1.049MB/595.5MB
 da9129f8f7ad Downloading [==>                                                ]  1.049MB/25.62MB
 47fb2fcd8445 Downloading [================>                                  ]  1.049MB/3.163MB
 43cf3a9e2a40 Downloading [====================>                              ]  1.049MB/2.616MB
 43cf3a9e2a40 Downloading [====================>                              ]  1.049MB/2.616MB
 7aee18c98c59 Downloading [>                                                  ]  1.049MB/595.5MB
 da9129f8f7ad Downloading [==>                                                ]  1.049MB/25.62MB
 47fb2fcd8445 Downloading [================>                                  ]  1.049MB/3.163MB
 47fb2fcd8445 Downloading [================>                                  ]  1.049MB/3.163MB
 43cf3a9e2a40 Downloading [====================>                              ]  1.049MB/2.616MB
 7aee18c98c59 Downloading [>                                                  ]  1.049MB/595.5MB
 da9129f8f7ad Downloading [==>                                                ]  1.049MB/25.62MB
 da9129f8f7ad Downloading [==>                                                ]  1.049MB/25.62MB
 84da87a98ea3 Downloading [====================>                              ]  1.049MB/2.611MB
 47fb2fcd8445 Downloading [=================================>                 ]  2.097MB/3.163MB
 43cf3a9e2a40 Downloading [====================>                              ]  1.049MB/2.616MB
 7aee18c98c59 Downloading [>                                                  ]  1.049MB/595.5MB
 43cf3a9e2a40 Downloading [====================>                              ]  1.049MB/2.616MB
 7aee18c98c59 Downloading [>                                                  ]  1.049MB/595.5MB
 da9129f8f7ad Downloading [==>                                                ]  1.049MB/25.62MB
 84da87a98ea3 Downloading [====================>                              ]  1.049MB/2.611MB
 47fb2fcd8445 Downloading [=================================>                 ]  2.097MB/3.163MB
 da9129f8f7ad Downloading [==>                                                ]  1.049MB/25.62MB
 84da87a98ea3 Downloading [====================>                              ]  1.049MB/2.611MB
 47fb2fcd8445 Downloading [=================================>                 ]  2.097MB/3.163MB
 43cf3a9e2a40 Downloading [====================>                              ]  1.049MB/2.616MB
 7aee18c98c59 Downloading [>                                                  ]  1.049MB/595.5MB
 84da87a98ea3 Downloading [====================>                              ]  1.049MB/2.611MB
 47fb2fcd8445 Downloading [=================================>                 ]  2.097MB/3.163MB
 43cf3a9e2a40 Downloading [====================>                              ]  1.049MB/2.616MB
 7aee18c98c59 Downloading [>                                                  ]  1.049MB/595.5MB
 da9129f8f7ad Downloading [====>                                              ]  2.097MB/25.62MB
 84da87a98ea3 Downloading [====================>                              ]  1.049MB/2.611MB
 47fb2fcd8445 Downloading [=================================>                 ]  2.097MB/3.163MB
 43cf3a9e2a40 Downloading [====================>                              ]  1.049MB/2.616MB
 7aee18c98c59 Downloading [>                                                  ]  1.049MB/595.5MB
 da9129f8f7ad Downloading [====>                                              ]  2.097MB/25.62MB
 84da87a98ea3 Downloading [====================>                              ]  1.049MB/2.611MB
 47fb2fcd8445 Downloading [=================================>                 ]  2.097MB/3.163MB
 43cf3a9e2a40 Downloading [====================>                              ]  1.049MB/2.616MB
 7aee18c98c59 Downloading [>                                                  ]  1.049MB/595.5MB
 da9129f8f7ad Downloading [====>                                              ]  2.097MB/25.62MB
 da9129f8f7ad Downloading [====>                                              ]  2.097MB/25.62MB
 84da87a98ea3 Downloading [====================>                              ]  1.049MB/2.611MB
 47fb2fcd8445 Downloading [=================================>                 ]  2.097MB/3.163MB
 43cf3a9e2a40 Downloading [====================>                              ]  1.049MB/2.616MB
 7aee18c98c59 Downloading [>                                                  ]  1.049MB/595.5MB
 43cf3a9e2a40 Downloading [====================>                              ]  1.049MB/2.616MB
 7aee18c98c59 Downloading [>                                                  ]  1.049MB/595.5MB
 da9129f8f7ad Downloading [====>                                              ]  2.097MB/25.62MB
 84da87a98ea3 Downloading [====================>                              ]  1.049MB/2.611MB
 47fb2fcd8445 Downloading [=================================>                 ]  2.097MB/3.163MB
 43cf3a9e2a40 Downloading [====================>                              ]  1.049MB/2.616MB
 7aee18c98c59 Downloading [>                                                  ]  2.097MB/595.5MB
 da9129f8f7ad Downloading [====>                                              ]  2.097MB/25.62MB
 84da87a98ea3 Downloading [====================>                              ]  1.049MB/2.611MB
 47fb2fcd8445 Downloading [=================================>                 ]  2.097MB/3.163MB
 da9129f8f7ad Downloading [====>                                              ]  2.097MB/25.62MB
 84da87a98ea3 Downloading [====================>                              ]  1.049MB/2.611MB
 47fb2fcd8445 Downloading [=================================>                 ]  2.097MB/3.163MB
 43cf3a9e2a40 Downloading [====================>                              ]  1.049MB/2.616MB
 7aee18c98c59 Downloading [>                                                  ]  2.097MB/595.5MB
 43cf3a9e2a40 Downloading [====================>                              ]  1.049MB/2.616MB
 7aee18c98c59 Downloading [>                                                  ]  2.097MB/595.5MB
 da9129f8f7ad Downloading [====>                                              ]  2.097MB/25.62MB
 84da87a98ea3 Downloading [====================>                              ]  1.049MB/2.611MB
 47fb2fcd8445 Downloading [=================================>                 ]  2.097MB/3.163MB
 47fb2fcd8445 Downloading [=================================>                 ]  2.097MB/3.163MB
 43cf3a9e2a40 Downloading [====================>                              ]  1.049MB/2.616MB
 7aee18c98c59 Downloading [>                                                  ]  2.097MB/595.5MB
 da9129f8f7ad Downloading [====>                                              ]  2.097MB/25.62MB
 84da87a98ea3 Downloading [====================>                              ]  1.049MB/2.611MB
 43cf3a9e2a40 Downloading [====================>                              ]  1.049MB/2.616MB
 7aee18c98c59 Downloading [>                                                  ]  2.097MB/595.5MB
 da9129f8f7ad Downloading [====>                                              ]  2.097MB/25.62MB
 84da87a98ea3 Downloading [====================>                              ]  1.049MB/2.611MB
 47fb2fcd8445 Downloading [=================================>                 ]  2.097MB/3.163MB
 43cf3a9e2a40 Downloading [====================>                              ]  1.049MB/2.616MB
 7aee18c98c59 Downloading [>                                                  ]  2.097MB/595.5MB
 da9129f8f7ad Downloading [====>                                              ]  2.097MB/25.62MB
 84da87a98ea3 Downloading [====================>                              ]  1.049MB/2.611MB
 47fb2fcd8445 Downloading [=================================>                 ]  2.097MB/3.163MB
 47fb2fcd8445 Downloading [=================================>                 ]  2.097MB/3.163MB
 43cf3a9e2a40 Downloading [====================>                              ]  1.049MB/2.616MB
 7aee18c98c59 Downloading [>                                                  ]  2.097MB/595.5MB
 da9129f8f7ad Downloading [====>                                              ]  2.097MB/25.62MB
 84da87a98ea3 Downloading [====================>                              ]  1.049MB/2.611MB
 43cf3a9e2a40 Downloading [====================>                              ]  1.049MB/2.616MB
 7aee18c98c59 Downloading [>                                                  ]  2.097MB/595.5MB
 da9129f8f7ad Downloading [====>                                              ]  2.097MB/25.62MB
 84da87a98ea3 Downloading [====================>                              ]  1.049MB/2.611MB
 47fb2fcd8445 Downloading [=================================>                 ]  2.097MB/3.163MB
 43cf3a9e2a40 Downloading [====================>                              ]  1.049MB/2.616MB
 7aee18c98c59 Downloading [>                                                  ]  2.097MB/595.5MB
 da9129f8f7ad Downloading [====>                                              ]  2.097MB/25.62MB
 84da87a98ea3 Downloading [====================>                              ]  1.049MB/2.611MB
 47fb2fcd8445 Downloading [=================================>                 ]  2.097MB/3.163MB
 47fb2fcd8445 Downloading [=================================>                 ]  2.097MB/3.163MB
 43cf3a9e2a40 Downloading [====================>                              ]  1.049MB/2.616MB
 7aee18c98c59 Downloading [>                                                  ]  2.097MB/595.5MB
 da9129f8f7ad Downloading [====>                                              ]  2.097MB/25.62MB
 84da87a98ea3 Downloading [====================>                              ]  1.049MB/2.611MB
 da9129f8f7ad Downloading [====>                                              ]  2.097MB/25.62MB
 84da87a98ea3 Downloading [====================>                              ]  1.049MB/2.611MB
 47fb2fcd8445 Downloading [=================================>                 ]  2.097MB/3.163MB
 43cf3a9e2a40 Downloading [====================>                              ]  1.049MB/2.616MB
 7aee18c98c59 Downloading [>                                                  ]  2.097MB/595.5MB
 43cf3a9e2a40 Downloading [====================>                              ]  1.049MB/2.616MB
 7aee18c98c59 Downloading [>                                                  ]  2.097MB/595.5MB
 da9129f8f7ad Downloading [====>                                              ]  2.097MB/25.62MB
 84da87a98ea3 Downloading [====================>                              ]  1.049MB/2.611MB
 47fb2fcd8445 Downloading [=================================>                 ]  2.097MB/3.163MB
 da9129f8f7ad Downloading [====>                                              ]  2.097MB/25.62MB
 84da87a98ea3 Downloading [====================>                              ]  1.049MB/2.611MB
 47fb2fcd8445 Downloading [=================================>                 ]  2.097MB/3.163MB
 43cf3a9e2a40 Downloading [====================>                              ]  1.049MB/2.616MB
 7aee18c98c59 Downloading [>                                                  ]  2.097MB/595.5MB
 43cf3a9e2a40 Downloading [====================>                              ]  1.049MB/2.616MB
 7aee18c98c59 Downloading [>                                                  ]  2.097MB/595.5MB
 da9129f8f7ad Downloading [====>                                              ]  2.097MB/25.62MB
 84da87a98ea3 Downloading [====================>                              ]  1.049MB/2.611MB
 47fb2fcd8445 Downloading [=================================>                 ]  2.097MB/3.163MB
 da9129f8f7ad Downloading [====>                                              ]  2.097MB/25.62MB
 84da87a98ea3 Downloading [====================>                              ]  1.049MB/2.611MB
 47fb2fcd8445 Downloading [=================================>                 ]  2.097MB/3.163MB
 43cf3a9e2a40 Downloading [====================>                              ]  1.049MB/2.616MB
 7aee18c98c59 Downloading [>                                                  ]  2.097MB/595.5MB
 43cf3a9e2a40 Downloading [====================>                              ]  1.049MB/2.616MB
 7aee18c98c59 Downloading [>                                                  ]  2.097MB/595.5MB
 da9129f8f7ad Downloading [====>                                              ]  2.097MB/25.62MB
 84da87a98ea3 Downloading [====================>                              ]  1.049MB/2.611MB
 47fb2fcd8445 Downloading [=================================>                 ]  2.097MB/3.163MB
 43cf3a9e2a40 Downloading [====================>                              ]  1.049MB/2.616MB
 7aee18c98c59 Downloading [>                                                  ]  2.097MB/595.5MB
 da9129f8f7ad Downloading [====>                                              ]  2.097MB/25.62MB
 84da87a98ea3 Downloading [====================>                              ]  1.049MB/2.611MB
 47fb2fcd8445 Downloading [=================================>                 ]  2.097MB/3.163MB
 84da87a98ea3 Downloading [====================>                              ]  1.049MB/2.611MB
 47fb2fcd8445 Downloading [=================================>                 ]  2.097MB/3.163MB
 43cf3a9e2a40 Downloading [====================>                              ]  1.049MB/2.616MB
 7aee18c98c59 Downloading [>                                                  ]  2.097MB/595.5MB
 da9129f8f7ad Downloading [====>                                              ]  2.097MB/25.62MB
 43cf3a9e2a40 Downloading [====================>                              ]  1.049MB/2.616MB
 7aee18c98c59 Downloading [>                                                  ]  2.097MB/595.5MB
 da9129f8f7ad Downloading [====>                                              ]  2.097MB/25.62MB
 84da87a98ea3 Downloading [====================>                              ]  1.049MB/2.611MB
 47fb2fcd8445 Downloading [=================================>                 ]  2.097MB/3.163MB
 84da87a98ea3 Downloading [====================>                              ]  1.049MB/2.611MB
 47fb2fcd8445 Downloading [=================================>                 ]  2.097MB/3.163MB
 43cf3a9e2a40 Downloading [====================>                              ]  1.049MB/2.616MB
 7aee18c98c59 Downloading [>                                                  ]  2.097MB/595.5MB
 da9129f8f7ad Downloading [====>                                              ]  2.097MB/25.62MB
 43cf3a9e2a40 Downloading [====================>                              ]  1.049MB/2.616MB
 7aee18c98c59 Downloading [>                                                  ]  2.097MB/595.5MB
 da9129f8f7ad Downloading [====>                                              ]  2.097MB/25.62MB
 84da87a98ea3 Downloading [====================>                              ]  1.049MB/2.611MB
 47fb2fcd8445 Downloading [=================================>                 ]  2.097MB/3.163MB
 47fb2fcd8445 Downloading [=================================>                 ]  2.097MB/3.163MB
 43cf3a9e2a40 Downloading [====================>                              ]  1.049MB/2.616MB
 7aee18c98c59 Downloading [>                                                  ]  2.097MB/595.5MB
 da9129f8f7ad Downloading [====>                                              ]  2.097MB/25.62MB
 84da87a98ea3 Downloading [====================>                              ]  1.049MB/2.611MB
 43cf3a9e2a40 Downloading [====================>                              ]  1.049MB/2.616MB
 7aee18c98c59 Downloading [>                                                  ]  2.097MB/595.5MB
 da9129f8f7ad Downloading [====>                                              ]  2.097MB/25.62MB
 84da87a98ea3 Downloading [====================>                              ]  1.049MB/2.611MB
 47fb2fcd8445 Downloading [=================================>                 ]  2.097MB/3.163MB
 43cf3a9e2a40 Downloading [====================>                              ]  1.049MB/2.616MB
 7aee18c98c59 Downloading [>                                                  ]  2.097MB/595.5MB
 da9129f8f7ad Downloading [====>                                              ]  2.097MB/25.62MB
 84da87a98ea3 Downloading [====================>                              ]  1.049MB/2.611MB
 47fb2fcd8445 Downloading [=================================>                 ]  2.097MB/3.163MB
 84da87a98ea3 Downloading [====================>                              ]  1.049MB/2.611MB
 47fb2fcd8445 Downloading [=================================>                 ]  2.097MB/3.163MB
 43cf3a9e2a40 Downloading [====================>                              ]  1.049MB/2.616MB
 7aee18c98c59 Downloading [>                                                  ]  2.097MB/595.5MB
 da9129f8f7ad Downloading [====>                                              ]  2.097MB/25.62MB
 43cf3a9e2a40 Downloading [====================>                              ]  1.049MB/2.616MB
 7aee18c98c59 Downloading [>                                                  ]  2.097MB/595.5MB
 da9129f8f7ad Downloading [====>                                              ]  2.097MB/25.62MB
 84da87a98ea3 Downloading [====================>                              ]  1.049MB/2.611MB
 47fb2fcd8445 Downloading [=================================>                 ]  2.097MB/3.163MB
 84da87a98ea3 Downloading [====================>                              ]  1.049MB/2.611MB
 47fb2fcd8445 Downloading [=================================>                 ]  2.097MB/3.163MB
 43cf3a9e2a40 Downloading [====================>                              ]  1.049MB/2.616MB
 7aee18c98c59 Downloading [>                                                  ]  2.097MB/595.5MB
 da9129f8f7ad Downloading [====>                                              ]  2.097MB/25.62MB
 47fb2fcd8445 Downloading [=================================>                 ]  2.097MB/3.163MB
 43cf3a9e2a40 Downloading [====================>                              ]  1.049MB/2.616MB
 7aee18c98c59 Downloading [>                                                  ]  2.097MB/595.5MB
 da9129f8f7ad Downloading [====>                                              ]  2.097MB/25.62MB
 84da87a98ea3 Downloading [====================>                              ]  1.049MB/2.611MB
 84da87a98ea3 Downloading [====================>                              ]  1.049MB/2.611MB
 47fb2fcd8445 Downloading [=================================>                 ]  2.097MB/3.163MB
 43cf3a9e2a40 Downloading [====================>                              ]  1.049MB/2.616MB
 7aee18c98c59 Downloading [>                                                  ]  2.097MB/595.5MB
 da9129f8f7ad Downloading [====>                                              ]  2.097MB/25.62MB
 43cf3a9e2a40 Downloading [====================>                              ]  1.049MB/2.616MB
 7aee18c98c59 Downloading [>                                                  ]  2.097MB/595.5MB
 da9129f8f7ad Downloading [====>                                              ]  2.097MB/25.62MB
 84da87a98ea3 Downloading [====================>                              ]  1.049MB/2.611MB
 47fb2fcd8445 Downloading [=================================>                 ]  2.097MB/3.163MB
 43cf3a9e2a40 Downloading [====================>                              ]  1.049MB/2.616MB
 7aee18c98c59 Downloading [>                                                  ]  2.097MB/595.5MB
 da9129f8f7ad Downloading [====>                                              ]  2.097MB/25.62MB
 84da87a98ea3 Downloading [====================>                              ]  1.049MB/2.611MB
 47fb2fcd8445 Downloading [=================================>                 ]  2.097MB/3.163MB
 84da87a98ea3 Downloading [====================>                              ]  1.049MB/2.611MB
 47fb2fcd8445 Downloading [=================================>                 ]  2.097MB/3.163MB
 43cf3a9e2a40 Downloading [====================>                              ]  1.049MB/2.616MB
 7aee18c98c59 Downloading [>                                                  ]  2.097MB/595.5MB
 da9129f8f7ad Downloading [====>                                              ]  2.097MB/25.62MB
 43cf3a9e2a40 Downloading [====================>                              ]  1.049MB/2.616MB
 7aee18c98c59 Downloading [>                                                  ]  2.097MB/595.5MB
 da9129f8f7ad Downloading [====>                                              ]  2.097MB/25.62MB
 84da87a98ea3 Downloading [====================>                              ]  1.049MB/2.611MB
 47fb2fcd8445 Downloading [=================================>                 ]  2.097MB/3.163MB
 da9129f8f7ad Downloading [====>                                              ]  2.097MB/25.62MB
 84da87a98ea3 Downloading [====================>                              ]  1.049MB/2.611MB
 47fb2fcd8445 Downloading [=================================>                 ]  2.097MB/3.163MB
 43cf3a9e2a40 Downloading [====================>                              ]  1.049MB/2.616MB
 7aee18c98c59 Downloading [>                                                  ]  2.097MB/595.5MB
 43cf3a9e2a40 Downloading [====================>                              ]  1.049MB/2.616MB
 7aee18c98c59 Downloading [>                                                  ]  2.097MB/595.5MB
 da9129f8f7ad Downloading [====>                                              ]  2.097MB/25.62MB
 84da87a98ea3 Downloading [====================>                              ]  1.049MB/2.611MB
 47fb2fcd8445 Downloading [=================================>                 ]  2.097MB/3.163MB
 da9129f8f7ad Downloading [====>                                              ]  2.097MB/25.62MB
 84da87a98ea3 Downloading [====================>                              ]  1.049MB/2.611MB
 47fb2fcd8445 Downloading [=================================>                 ]  2.097MB/3.163MB
 43cf3a9e2a40 Downloading [====================>                              ]  1.049MB/2.616MB
 7aee18c98c59 Downloading [>                                                  ]  2.097MB/595.5MB
 43cf3a9e2a40 Downloading [====================>                              ]  1.049MB/2.616MB
 7aee18c98c59 Downloading [>                                                  ]  2.097MB/595.5MB
 da9129f8f7ad Downloading [====>                                              ]  2.097MB/25.62MB
 84da87a98ea3 Downloading [====================>                              ]  1.049MB/2.611MB
 47fb2fcd8445 Downloading [=================================>                 ]  2.097MB/3.163MB
 da9129f8f7ad Downloading [====>                                              ]  2.097MB/25.62MB
 84da87a98ea3 Downloading [====================>                              ]  1.049MB/2.611MB
 47fb2fcd8445 Downloading [=================================>                 ]  2.097MB/3.163MB
 43cf3a9e2a40 Downloading [====================>                              ]  1.049MB/2.616MB
 7aee18c98c59 Downloading [>                                                  ]  2.097MB/595.5MB
 43cf3a9e2a40 Downloading [====================>                              ]  1.049MB/2.616MB
 7aee18c98c59 Downloading [>                                                  ]  2.097MB/595.5MB
 da9129f8f7ad Downloading [====>                                              ]  2.097MB/25.62MB
 84da87a98ea3 Downloading [====================>                              ]  1.049MB/2.611MB
 47fb2fcd8445 Downloading [=================================>                 ]  2.097MB/3.163MB
 43cf3a9e2a40 Downloading [====================>                              ]  1.049MB/2.616MB
 7aee18c98c59 Downloading [>                                                  ]  2.097MB/595.5MB
 da9129f8f7ad Downloading [====>                                              ]  2.097MB/25.62MB
 84da87a98ea3 Downloading [====================>                              ]  1.049MB/2.611MB
 47fb2fcd8445 Downloading [=================================>                 ]  2.097MB/3.163MB
 43cf3a9e2a40 Downloading [====================>                              ]  1.049MB/2.616MB
 7aee18c98c59 Downloading [>                                                  ]  2.097MB/595.5MB
 da9129f8f7ad Downloading [====>                                              ]  2.097MB/25.62MB
 84da87a98ea3 Downloading [====================>                              ]  1.049MB/2.611MB
 47fb2fcd8445 Downloading [=================================>                 ]  2.097MB/3.163MB
 47fb2fcd8445 Downloading [=================================>                 ]  2.097MB/3.163MB
 43cf3a9e2a40 Downloading [====================>                              ]  1.049MB/2.616MB
 7aee18c98c59 Downloading [>                                                  ]  2.097MB/595.5MB
 da9129f8f7ad Downloading [====>                                              ]  2.097MB/25.62MB
 84da87a98ea3 Downloading [====================>                              ]  1.049MB/2.611MB
 47fb2fcd8445 Downloading [=================================>                 ]  2.097MB/3.163MB
 43cf3a9e2a40 Downloading [====================>                              ]  1.049MB/2.616MB
 7aee18c98c59 Downloading [>                                                  ]  2.097MB/595.5MB
 da9129f8f7ad Downloading [====>                                              ]  2.097MB/25.62MB
 84da87a98ea3 Downloading [====================>                              ]  1.049MB/2.611MB
 43cf3a9e2a40 Downloading [====================>                              ]  1.049MB/2.616MB
 7aee18c98c59 Downloading [>                                                  ]  2.097MB/595.5MB
 da9129f8f7ad Downloading [====>                                              ]  2.097MB/25.62MB
 84da87a98ea3 Downloading [====================>                              ]  1.049MB/2.611MB
 47fb2fcd8445 Downloading [=================================>                 ]  2.097MB/3.163MB
 43cf3a9e2a40 Downloading [====================>                              ]  1.049MB/2.616MB
 7aee18c98c59 Downloading [>                                                  ]  2.097MB/595.5MB
 da9129f8f7ad Downloading [====>                                              ]  2.097MB/25.62MB
 84da87a98ea3 Downloading [====================>                              ]  1.049MB/2.611MB
 47fb2fcd8445 Downloading [=================================>                 ]  2.097MB/3.163MB
 47fb2fcd8445 Downloading [=================================>                 ]  2.097MB/3.163MB
 43cf3a9e2a40 Downloading [====================>                              ]  1.049MB/2.616MB
 7aee18c98c59 Downloading [>                                                  ]  2.097MB/595.5MB
 da9129f8f7ad Downloading [====>                                              ]  2.097MB/25.62MB
 84da87a98ea3 Downloading [====================>                              ]  1.049MB/2.611MB
 da9129f8f7ad Downloading [====>                                              ]  2.097MB/25.62MB
 84da87a98ea3 Downloading [====================>                              ]  1.049MB/2.611MB
 47fb2fcd8445 Downloading [=================================>                 ]  2.097MB/3.163MB
 43cf3a9e2a40 Downloading [====================>                              ]  1.049MB/2.616MB
 7aee18c98c59 Downloading [>                                                  ]  2.097MB/595.5MB
 da9129f8f7ad Downloading [====>                                              ]  2.097MB/25.62MB
 84da87a98ea3 Downloading [====================>                              ]  1.049MB/2.611MB
 47fb2fcd8445 Downloading [=================================>                 ]  2.097MB/3.163MB
 43cf3a9e2a40 Downloading [====================>                              ]  1.049MB/2.616MB
 7aee18c98c59 Downloading [>                                                  ]  2.097MB/595.5MB
 43cf3a9e2a40 Downloading [====================>                              ]  1.049MB/2.616MB
 7aee18c98c59 Downloading [>                                                  ]  2.097MB/595.5MB
 da9129f8f7ad Downloading [====>                                              ]  2.097MB/25.62MB
 84da87a98ea3 Downloading [====================>                              ]  1.049MB/2.611MB
 47fb2fcd8445 Downloading [=================================>                 ]  2.097MB/3.163MB
 7aee18c98c59 Downloading [>                                                  ]  2.097MB/595.5MB
 da9129f8f7ad Downloading [====>                                              ]  2.097MB/25.62MB
 84da87a98ea3 Downloading [====================>                              ]  1.049MB/2.611MB
 47fb2fcd8445 Downloading [=================================>                 ]  2.097MB/3.163MB
 43cf3a9e2a40 Downloading [====================>                              ]  1.049MB/2.616MB
 43cf3a9e2a40 Downloading [====================>                              ]  1.049MB/2.616MB
 7aee18c98c59 Downloading [>                                                  ]  2.097MB/595.5MB
 da9129f8f7ad Downloading [====>                                              ]  2.097MB/25.62MB
 84da87a98ea3 Downloading [====================>                              ]  1.049MB/2.611MB
 47fb2fcd8445 Downloading [=================================>                 ]  2.097MB/3.163MB
 43cf3a9e2a40 Downloading [====================>                              ]  1.049MB/2.616MB
 7aee18c98c59 Downloading [>                                                  ]  2.097MB/595.5MB
 da9129f8f7ad Downloading [====>                                              ]  2.097MB/25.62MB
 84da87a98ea3 Downloading [====================>                              ]  1.049MB/2.611MB
 47fb2fcd8445 Downloading [=================================>                 ]  2.097MB/3.163MB
 43cf3a9e2a40 Downloading [====================>                              ]  1.049MB/2.616MB
 7aee18c98c59 Downloading [>                                                  ]  2.097MB/595.5MB
 da9129f8f7ad Downloading [====>                                              ]  2.097MB/25.62MB
 84da87a98ea3 Downloading [====================>                              ]  1.049MB/2.611MB
 47fb2fcd8445 Downloading [=================================>                 ]  2.097MB/3.163MB
 43cf3a9e2a40 Downloading [====================>                              ]  1.049MB/2.616MB
 7aee18c98c59 Downloading [>                                                  ]  2.097MB/595.5MB
 da9129f8f7ad Downloading [====>                                              ]  2.097MB/25.62MB
 84da87a98ea3 Downloading [====================>                              ]  1.049MB/2.611MB
 47fb2fcd8445 Downloading [=================================>                 ]  2.097MB/3.163MB
 84da87a98ea3 Downloading [====================>                              ]  1.049MB/2.611MB
 47fb2fcd8445 Downloading [=================================>                 ]  2.097MB/3.163MB
 43cf3a9e2a40 Downloading [====================>                              ]  1.049MB/2.616MB
 7aee18c98c59 Downloading [>                                                  ]  2.097MB/595.5MB
 da9129f8f7ad Downloading [====>                                              ]  2.097MB/25.62MB
 43cf3a9e2a40 Downloading [====================>                              ]  1.049MB/2.616MB
 7aee18c98c59 Downloading [>                                                  ]  2.097MB/595.5MB
 da9129f8f7ad Downloading [====>                                              ]  2.097MB/25.62MB
 84da87a98ea3 Downloading [====================>                              ]  1.049MB/2.611MB
 47fb2fcd8445 Downloading [=================================>                 ]  2.097MB/3.163MB
 43cf3a9e2a40 Downloading [====================>                              ]  1.049MB/2.616MB
 7aee18c98c59 Downloading [>                                                  ]  2.097MB/595.5MB
 da9129f8f7ad Downloading [====>                                              ]  2.097MB/25.62MB
 84da87a98ea3 Downloading [====================>                              ]  1.049MB/2.611MB
 47fb2fcd8445 Downloading [=================================>                 ]  2.097MB/3.163MB
 7aee18c98c59 Downloading [>                                                  ]  2.097MB/595.5MB
 da9129f8f7ad Downloading [======>                                            ]  3.146MB/25.62MB
 84da87a98ea3 Downloading [====================>                              ]  1.049MB/2.611MB
 47fb2fcd8445 Download complete 
 43cf3a9e2a40 Downloading [====================>                              ]  1.049MB/2.616MB
 43cf3a9e2a40 Downloading [====================>                              ]  1.049MB/2.616MB
 7aee18c98c59 Downloading [>                                                  ]  2.097MB/595.5MB
 da9129f8f7ad Downloading [======>                                            ]  3.146MB/25.62MB
 84da87a98ea3 Downloading [====================>                              ]  1.049MB/2.611MB
 43cf3a9e2a40 Downloading [========================================>          ]  2.097MB/2.616MB
 7aee18c98c59 Downloading [>                                                  ]  2.097MB/595.5MB
 da9129f8f7ad Downloading [======>                                            ]  3.146MB/25.62MB
 84da87a98ea3 Downloading [====================>                              ]  1.049MB/2.611MB
 43cf3a9e2a40 Downloading [========================================>          ]  2.097MB/2.616MB
 7aee18c98c59 Downloading [>                                                  ]  3.146MB/595.5MB
 da9129f8f7ad Downloading [======>                                            ]  3.146MB/25.62MB
 84da87a98ea3 Downloading [====================>                              ]  1.049MB/2.611MB
 84da87a98ea3 Downloading [====================>                              ]  1.049MB/2.611MB
 43cf3a9e2a40 Downloading [========================================>          ]  2.097MB/2.616MB
 7aee18c98c59 Downloading [>                                                  ]  3.146MB/595.5MB
 da9129f8f7ad Downloading [======>                                            ]  3.146MB/25.62MB
 da9129f8f7ad Downloading [======>                                            ]  3.146MB/25.62MB
 84da87a98ea3 Downloading [====================>                              ]  1.049MB/2.611MB
 43cf3a9e2a40 Downloading [========================================>          ]  2.097MB/2.616MB
 7aee18c98c59 Downloading [>                                                  ]  3.146MB/595.5MB
 43cf3a9e2a40 Downloading [========================================>          ]  2.097MB/2.616MB
 7aee18c98c59 Downloading [>                                                  ]  3.146MB/595.5MB
 da9129f8f7ad Downloading [======>                                            ]  3.146MB/25.62MB
 84da87a98ea3 Downloading [====================>                              ]  1.049MB/2.611MB
 da9129f8f7ad Downloading [======>                                            ]  3.146MB/25.62MB
 84da87a98ea3 Downloading [====================>                              ]  1.049MB/2.611MB
 43cf3a9e2a40 Downloading [========================================>          ]  2.097MB/2.616MB
 7aee18c98c59 Downloading [>                                                  ]  3.146MB/595.5MB
 84da87a98ea3 Downloading [====================>                              ]  1.049MB/2.611MB
 43cf3a9e2a40 Downloading [========================================>          ]  2.097MB/2.616MB
 7aee18c98c59 Downloading [>                                                  ]  3.146MB/595.5MB
 da9129f8f7ad Downloading [======>                                            ]  3.146MB/25.62MB
 7aee18c98c59 Downloading [>                                                  ]  3.146MB/595.5MB
 da9129f8f7ad Downloading [======>                                            ]  3.146MB/25.62MB
 84da87a98ea3 Downloading [====================>                              ]  1.049MB/2.611MB
 43cf3a9e2a40 Downloading [========================================>          ]  2.097MB/2.616MB
 43cf3a9e2a40 Downloading [========================================>          ]  2.097MB/2.616MB
 7aee18c98c59 Downloading [>                                                  ]  3.146MB/595.5MB
 da9129f8f7ad Downloading [======>                                            ]  3.146MB/25.62MB
 84da87a98ea3 Downloading [====================>                              ]  1.049MB/2.611MB
 43cf3a9e2a40 Downloading [========================================>          ]  2.097MB/2.616MB
 7aee18c98c59 Downloading [>                                                  ]  3.146MB/595.5MB
 da9129f8f7ad Downloading [======>                                            ]  3.146MB/25.62MB
 84da87a98ea3 Downloading [====================>                              ]  1.049MB/2.611MB
 da9129f8f7ad Downloading [======>                                            ]  3.146MB/25.62MB
 84da87a98ea3 Downloading [====================>                              ]  1.049MB/2.611MB
 43cf3a9e2a40 Downloading [========================================>          ]  2.097MB/2.616MB
 7aee18c98c59 Downloading [>                                                  ]  3.146MB/595.5MB
 84da87a98ea3 Downloading [====================>                              ]  1.049MB/2.611MB
 43cf3a9e2a40 Downloading [========================================>          ]  2.097MB/2.616MB
 7aee18c98c59 Downloading [>                                                  ]  3.146MB/595.5MB
 da9129f8f7ad Downloading [======>                                            ]  3.146MB/25.62MB
 43cf3a9e2a40 Downloading [========================================>          ]  2.097MB/2.616MB
 7aee18c98c59 Downloading [>                                                  ]  3.146MB/595.5MB
 da9129f8f7ad Downloading [======>                                            ]  3.146MB/25.62MB
 84da87a98ea3 Downloading [====================>                              ]  1.049MB/2.611MB
 da9129f8f7ad Downloading [======>                                            ]  3.146MB/25.62MB
 84da87a98ea3 Downloading [====================>                              ]  1.049MB/2.611MB
 43cf3a9e2a40 Downloading [========================================>          ]  2.097MB/2.616MB
 7aee18c98c59 Downloading [>                                                  ]  3.146MB/595.5MB
 da9129f8f7ad Downloading [======>                                            ]  3.146MB/25.62MB
 84da87a98ea3 Downloading [====================>                              ]  1.049MB/2.611MB
 43cf3a9e2a40 Downloading [========================================>          ]  2.097MB/2.616MB
 7aee18c98c59 Downloading [>                                                  ]  3.146MB/595.5MB
 43cf3a9e2a40 Downloading [========================================>          ]  2.097MB/2.616MB
 7aee18c98c59 Downloading [>                                                  ]  3.146MB/595.5MB
 da9129f8f7ad Downloading [======>                                            ]  3.146MB/25.62MB
 84da87a98ea3 Downloading [====================>                              ]  1.049MB/2.611MB
 43cf3a9e2a40 Downloading [========================================>          ]  2.097MB/2.616MB
 7aee18c98c59 Downloading [>                                                  ]  3.146MB/595.5MB
 da9129f8f7ad Downloading [======>                                            ]  3.146MB/25.62MB
 84da87a98ea3 Downloading [====================>                              ]  1.049MB/2.611MB
 da9129f8f7ad Downloading [======>                                            ]  3.146MB/25.62MB
 84da87a98ea3 Downloading [====================>                              ]  1.049MB/2.611MB
 43cf3a9e2a40 Downloading [========================================>          ]  2.097MB/2.616MB
 7aee18c98c59 Downloading [>                                                  ]  3.146MB/595.5MB
 43cf3a9e2a40 Downloading [========================================>          ]  2.097MB/2.616MB
 7aee18c98c59 Downloading [>                                                  ]  3.146MB/595.5MB
 da9129f8f7ad Downloading [======>                                            ]  3.146MB/25.62MB
 84da87a98ea3 Downloading [====================>                              ]  1.049MB/2.611MB
 43cf3a9e2a40 Downloading [========================================>          ]  2.097MB/2.616MB
 7aee18c98c59 Downloading [>                                                  ]  3.146MB/595.5MB
 da9129f8f7ad Downloading [======>                                            ]  3.146MB/25.62MB
 84da87a98ea3 Downloading [====================>                              ]  1.049MB/2.611MB
 84da87a98ea3 Downloading [====================>                              ]  1.049MB/2.611MB
 43cf3a9e2a40 Downloading [========================================>          ]  2.097MB/2.616MB
 7aee18c98c59 Downloading [>                                                  ]  3.146MB/595.5MB
 da9129f8f7ad Downloading [======>                                            ]  3.146MB/25.62MB
 da9129f8f7ad Downloading [======>                                            ]  3.146MB/25.62MB
 84da87a98ea3 Downloading [====================>                              ]  1.049MB/2.611MB
 43cf3a9e2a40 Downloading [========================================>          ]  2.097MB/2.616MB
 7aee18c98c59 Downloading [>                                                  ]  3.146MB/595.5MB
 84da87a98ea3 Downloading [====================>                              ]  1.049MB/2.611MB
 43cf3a9e2a40 Downloading [========================================>          ]  2.097MB/2.616MB
 7aee18c98c59 Downloading [>                                                  ]  3.146MB/595.5MB
 da9129f8f7ad Downloading [======>                                            ]  3.146MB/25.62MB
 43cf3a9e2a40 Downloading [========================================>          ]  2.097MB/2.616MB
 7aee18c98c59 Downloading [>                                                  ]  3.146MB/595.5MB
 da9129f8f7ad Downloading [======>                                            ]  3.146MB/25.62MB
 84da87a98ea3 Downloading [====================>                              ]  1.049MB/2.611MB
 43cf3a9e2a40 Downloading [========================================>          ]  2.097MB/2.616MB
 7aee18c98c59 Downloading [>                                                  ]  3.146MB/595.5MB
 da9129f8f7ad Downloading [======>                                            ]  3.146MB/25.62MB
 84da87a98ea3 Downloading [====================>                              ]  1.049MB/2.611MB
 84da87a98ea3 Downloading [====================>                              ]  1.049MB/2.611MB
 43cf3a9e2a40 Downloading [========================================>          ]  2.097MB/2.616MB
 7aee18c98c59 Downloading [>                                                  ]  3.146MB/595.5MB
 da9129f8f7ad Downloading [======>                                            ]  3.146MB/25.62MB
 da9129f8f7ad Downloading [======>                                            ]  3.146MB/25.62MB
 84da87a98ea3 Downloading [====================>                              ]  1.049MB/2.611MB
 43cf3a9e2a40 Download complete 
 7aee18c98c59 Downloading [>                                                  ]  3.146MB/595.5MB
 7aee18c98c59 Downloading [>                                                  ]  3.146MB/595.5MB
 da9129f8f7ad Downloading [======>                                            ]  3.146MB/25.62MB
 84da87a98ea3 Downloading [====================>                              ]  1.049MB/2.611MB
 7aee18c98c59 Downloading [>                                                  ]  3.146MB/595.5MB
 da9129f8f7ad Downloading [======>                                            ]  3.146MB/25.62MB
 84da87a98ea3 Downloading [====================>                              ]  1.049MB/2.611MB
 7aee18c98c59 Downloading [>                                                  ]  3.146MB/595.5MB
 da9129f8f7ad Downloading [======>                                            ]  3.146MB/25.62MB
 84da87a98ea3 Downloading [====================>                              ]  1.049MB/2.611MB
 7aee18c98c59 Downloading [>                                                  ]  3.146MB/595.5MB
 da9129f8f7ad Downloading [======>                                            ]  3.146MB/25.62MB
 84da87a98ea3 Downloading [====================>                              ]  1.049MB/2.611MB
 84da87a98ea3 Downloading [====================>                              ]  1.049MB/2.611MB
 7aee18c98c59 Downloading [>                                                  ]  3.146MB/595.5MB
 da9129f8f7ad Downloading [======>                                            ]  3.146MB/25.62MB
 7aee18c98c59 Downloading [>                                                  ]  3.146MB/595.5MB
 da9129f8f7ad Downloading [======>                                            ]  3.146MB/25.62MB
 84da87a98ea3 Downloading [====================>                              ]  1.049MB/2.611MB
 7aee18c98c59 Downloading [>                                                  ]  3.146MB/595.5MB
 da9129f8f7ad Downloading [======>                                            ]  3.146MB/25.62MB
 84da87a98ea3 Downloading [====================>                              ]  1.049MB/2.611MB
 84da87a98ea3 Downloading [====================>                              ]  1.049MB/2.611MB
 7aee18c98c59 Downloading [>                                                  ]  3.146MB/595.5MB
 da9129f8f7ad Downloading [======>                                            ]  3.146MB/25.62MB
 7aee18c98c59 Downloading [>                                                  ]  3.146MB/595.5MB
 da9129f8f7ad Downloading [======>                                            ]  3.146MB/25.62MB
 84da87a98ea3 Downloading [====================>                              ]  1.049MB/2.611MB
 84da87a98ea3 Downloading [====================>                              ]  1.049MB/2.611MB
 7aee18c98c59 Downloading [>                                                  ]  3.146MB/595.5MB
 da9129f8f7ad Downloading [======>                                            ]  3.146MB/25.62MB
 84da87a98ea3 Downloading [====================>                              ]  1.049MB/2.611MB
 7aee18c98c59 Downloading [>                                                  ]  3.146MB/595.5MB
 da9129f8f7ad Downloading [======>                                            ]  3.146MB/25.62MB
 7aee18c98c59 Downloading [>                                                  ]  3.146MB/595.5MB
 da9129f8f7ad Downloading [======>                                            ]  3.146MB/25.62MB
 84da87a98ea3 Downloading [====================>                              ]  1.049MB/2.611MB
 7aee18c98c59 Downloading [>                                                  ]  3.146MB/595.5MB
 da9129f8f7ad Downloading [======>                                            ]  3.146MB/25.62MB
 84da87a98ea3 Downloading [====================>                              ]  1.049MB/2.611MB
 7aee18c98c59 Downloading [>                                                  ]  3.146MB/595.5MB
 da9129f8f7ad Downloading [======>                                            ]  3.146MB/25.62MB
 84da87a98ea3 Downloading [====================>                              ]  1.049MB/2.611MB
 7aee18c98c59 Downloading [>                                                  ]  3.146MB/595.5MB
 da9129f8f7ad Downloading [========>                                          ]  4.194MB/25.62MB
 84da87a98ea3 Downloading [====================>                              ]  1.049MB/2.611MB
 7aee18c98c59 Downloading [>                                                  ]  3.146MB/595.5MB
 da9129f8f7ad Downloading [========>                                          ]  4.194MB/25.62MB
 84da87a98ea3 Downloading [====================>                              ]  1.049MB/2.611MB
 7aee18c98c59 Downloading [>                                                  ]  3.146MB/595.5MB
 da9129f8f7ad Downloading [========>                                          ]  4.194MB/25.62MB
 84da87a98ea3 Downloading [====================>                              ]  1.049MB/2.611MB
 7aee18c98c59 Downloading [>                                                  ]  3.146MB/595.5MB
 da9129f8f7ad Downloading [========>                                          ]  4.194MB/25.62MB
 84da87a98ea3 Downloading [====================>                              ]  1.049MB/2.611MB
 7aee18c98c59 Downloading [>                                                  ]  3.146MB/595.5MB
 da9129f8f7ad Downloading [========>                                          ]  4.194MB/25.62MB
 84da87a98ea3 Downloading [====================>                              ]  1.049MB/2.611MB
 7aee18c98c59 Downloading [>                                                  ]  3.146MB/595.5MB
 da9129f8f7ad Downloading [========>                                          ]  4.194MB/25.62MB
 84da87a98ea3 Downloading [====================>                              ]  1.049MB/2.611MB
 7aee18c98c59 Downloading [>                                                  ]  3.146MB/595.5MB
 da9129f8f7ad Downloading [========>                                          ]  4.194MB/25.62MB
 84da87a98ea3 Downloading [====================>                              ]  1.049MB/2.611MB
 84da87a98ea3 Downloading [====================>                              ]  1.049MB/2.611MB
 7aee18c98c59 Downloading [>                                                  ]  4.194MB/595.5MB
 da9129f8f7ad Downloading [========>                                          ]  4.194MB/25.62MB
 7aee18c98c59 Downloading [>                                                  ]  4.194MB/595.5MB
 da9129f8f7ad Downloading [========>                                          ]  4.194MB/25.62MB
 84da87a98ea3 Downloading [========================================>          ]  2.097MB/2.611MB
 7aee18c98c59 Downloading [>                                                  ]  4.194MB/595.5MB
 da9129f8f7ad Downloading [========>                                          ]  4.194MB/25.62MB
 84da87a98ea3 Downloading [========================================>          ]  2.097MB/2.611MB
 7aee18c98c59 Downloading [>                                                  ]  4.194MB/595.5MB
 da9129f8f7ad Downloading [========>                                          ]  4.194MB/25.62MB
 84da87a98ea3 Downloading [========================================>          ]  2.097MB/2.611MB
 7aee18c98c59 Downloading [>                                                  ]  4.194MB/595.5MB
 da9129f8f7ad Downloading [========>                                          ]  4.194MB/25.62MB
 84da87a98ea3 Downloading [========================================>          ]  2.097MB/2.611MB
 7aee18c98c59 Downloading [>                                                  ]  4.194MB/595.5MB
 da9129f8f7ad Downloading [========>                                          ]  4.194MB/25.62MB
 84da87a98ea3 Downloading [========================================>          ]  2.097MB/2.611MB
 7aee18c98c59 Downloading [>                                                  ]  4.194MB/595.5MB
 da9129f8f7ad Downloading [========>                                          ]  4.194MB/25.62MB
 84da87a98ea3 Downloading [========================================>          ]  2.097MB/2.611MB
 84da87a98ea3 Downloading [========================================>          ]  2.097MB/2.611MB
 7aee18c98c59 Downloading [>                                                  ]  4.194MB/595.5MB
 da9129f8f7ad Downloading [========>                                          ]  4.194MB/25.62MB
 84da87a98ea3 Downloading [========================================>          ]  2.097MB/2.611MB
 7aee18c98c59 Downloading [>                                                  ]  4.194MB/595.5MB
 da9129f8f7ad Downloading [========>                                          ]  4.194MB/25.62MB
 7aee18c98c59 Downloading [>                                                  ]  4.194MB/595.5MB
 da9129f8f7ad Downloading [========>                                          ]  4.194MB/25.62MB
 84da87a98ea3 Downloading [========================================>          ]  2.097MB/2.611MB
 84da87a98ea3 Downloading [========================================>          ]  2.097MB/2.611MB
 7aee18c98c59 Downloading [>                                                  ]  4.194MB/595.5MB
 da9129f8f7ad Downloading [========>                                          ]  4.194MB/25.62MB
 da9129f8f7ad Downloading [========>                                          ]  4.194MB/25.62MB
 84da87a98ea3 Downloading [========================================>          ]  2.097MB/2.611MB
 7aee18c98c59 Downloading [>                                                  ]  4.194MB/595.5MB
 7aee18c98c59 Downloading [>                                                  ]  4.194MB/595.5MB
 da9129f8f7ad Downloading [========>                                          ]  4.194MB/25.62MB
 84da87a98ea3 Downloading [========================================>          ]  2.097MB/2.611MB
 7aee18c98c59 Downloading [>                                                  ]  4.194MB/595.5MB
 da9129f8f7ad Downloading [========>                                          ]  4.194MB/25.62MB
 84da87a98ea3 Downloading [========================================>          ]  2.097MB/2.611MB
 7aee18c98c59 Downloading [>                                                  ]  4.194MB/595.5MB
 da9129f8f7ad Downloading [========>                                          ]  4.194MB/25.62MB
 84da87a98ea3 Downloading [========================================>          ]  2.097MB/2.611MB
 7aee18c98c59 Downloading [>                                                  ]  4.194MB/595.5MB
 da9129f8f7ad Downloading [========>                                          ]  4.194MB/25.62MB
 84da87a98ea3 Downloading [========================================>          ]  2.097MB/2.611MB
 7aee18c98c59 Downloading [>                                                  ]  4.194MB/595.5MB
 da9129f8f7ad Downloading [========>                                          ]  4.194MB/25.62MB
 84da87a98ea3 Downloading [========================================>          ]  2.097MB/2.611MB
 7aee18c98c59 Downloading [>                                                  ]  4.194MB/595.5MB
 da9129f8f7ad Downloading [========>                                          ]  4.194MB/25.62MB
 84da87a98ea3 Downloading [========================================>          ]  2.097MB/2.611MB
 da9129f8f7ad Downloading [========>                                          ]  4.194MB/25.62MB
 84da87a98ea3 Downloading [========================================>          ]  2.097MB/2.611MB
 7aee18c98c59 Downloading [>                                                  ]  4.194MB/595.5MB
 7aee18c98c59 Downloading [>                                                  ]  4.194MB/595.5MB
 da9129f8f7ad Downloading [========>                                          ]  4.194MB/25.62MB
 84da87a98ea3 Downloading [========================================>          ]  2.097MB/2.611MB
 7aee18c98c59 Downloading [>                                                  ]  4.194MB/595.5MB
 da9129f8f7ad Downloading [========>                                          ]  4.194MB/25.62MB
 84da87a98ea3 Downloading [========================================>          ]  2.097MB/2.611MB
 7aee18c98c59 Downloading [>                                                  ]  4.194MB/595.5MB
 da9129f8f7ad Downloading [==========>                                        ]  5.243MB/25.62MB
 84da87a98ea3 Downloading [========================================>          ]  2.097MB/2.611MB
 84da87a98ea3 Downloading [========================================>          ]  2.097MB/2.611MB
 7aee18c98c59 Downloading [>                                                  ]  4.194MB/595.5MB
 da9129f8f7ad Downloading [==========>                                        ]  5.243MB/25.62MB
 7aee18c98c59 Downloading [>                                                  ]  4.194MB/595.5MB
 da9129f8f7ad Downloading [==========>                                        ]  5.243MB/25.62MB
 84da87a98ea3 Downloading [========================================>          ]  2.097MB/2.611MB
 84da87a98ea3 Downloading [========================================>          ]  2.097MB/2.611MB
 7aee18c98c59 Downloading [>                                                  ]  4.194MB/595.5MB
 da9129f8f7ad Downloading [==========>                                        ]  5.243MB/25.62MB
 7aee18c98c59 Downloading [>                                                  ]  4.194MB/595.5MB
 da9129f8f7ad Downloading [==========>                                        ]  5.243MB/25.62MB
 84da87a98ea3 Downloading [========================================>          ]  2.097MB/2.611MB
 7aee18c98c59 Downloading [>                                                  ]  4.194MB/595.5MB
 da9129f8f7ad Downloading [==========>                                        ]  5.243MB/25.62MB
 84da87a98ea3 Downloading [========================================>          ]  2.097MB/2.611MB
 84da87a98ea3 Downloading [========================================>          ]  2.097MB/2.611MB
 7aee18c98c59 Downloading [>                                                  ]  4.194MB/595.5MB
 da9129f8f7ad Downloading [==========>                                        ]  5.243MB/25.62MB
 7aee18c98c59 Downloading [>                                                  ]  4.194MB/595.5MB
 da9129f8f7ad Downloading [==========>                                        ]  5.243MB/25.62MB
 84da87a98ea3 Downloading [========================================>          ]  2.097MB/2.611MB
 7aee18c98c59 Downloading [>                                                  ]  4.194MB/595.5MB
 da9129f8f7ad Downloading [==========>                                        ]  5.243MB/25.62MB
 84da87a98ea3 Download complete 
 7aee18c98c59 Downloading [>                                                  ]  4.194MB/595.5MB
 da9129f8f7ad Downloading [==========>                                        ]  5.243MB/25.62MB
 7aee18c98c59 Downloading [>                                                  ]  4.194MB/595.5MB
 da9129f8f7ad Downloading [==========>                                        ]  5.243MB/25.62MB
 7aee18c98c59 Downloading [>                                                  ]  4.194MB/595.5MB
 da9129f8f7ad Downloading [==========>                                        ]  5.243MB/25.62MB
 7aee18c98c59 Downloading [>                                                  ]  4.194MB/595.5MB
 da9129f8f7ad Downloading [==========>                                        ]  5.243MB/25.62MB
 7aee18c98c59 Downloading [>                                                  ]  5.243MB/595.5MB
 da9129f8f7ad Downloading [==========>                                        ]  5.243MB/25.62MB
 7aee18c98c59 Downloading [>                                                  ]  5.243MB/595.5MB
 da9129f8f7ad Downloading [==========>                                        ]  5.243MB/25.62MB
 7aee18c98c59 Downloading [>                                                  ]  5.243MB/595.5MB
 da9129f8f7ad Downloading [==========>                                        ]  5.243MB/25.62MB
 7aee18c98c59 Downloading [>                                                  ]  5.243MB/595.5MB
 da9129f8f7ad Downloading [==========>                                        ]  5.243MB/25.62MB
 7aee18c98c59 Downloading [>                                                  ]  5.243MB/595.5MB
 da9129f8f7ad Downloading [==========>                                        ]  5.243MB/25.62MB
 7aee18c98c59 Downloading [>                                                  ]  5.243MB/595.5MB
 da9129f8f7ad Downloading [==========>                                        ]  5.243MB/25.62MB
 7aee18c98c59 Downloading [>                                                  ]  5.243MB/595.5MB
 da9129f8f7ad Downloading [==========>                                        ]  5.243MB/25.62MB
 7aee18c98c59 Downloading [>                                                  ]  5.243MB/595.5MB
 da9129f8f7ad Downloading [==========>                                        ]  5.243MB/25.62MB
 7aee18c98c59 Downloading [>                                                  ]  5.243MB/595.5MB
 da9129f8f7ad Downloading [==========>                                        ]  5.243MB/25.62MB
 7aee18c98c59 Downloading [>                                                  ]  5.243MB/595.5MB
 da9129f8f7ad Downloading [==========>                                        ]  5.243MB/25.62MB
 7aee18c98c59 Downloading [>                                                  ]  5.243MB/595.5MB
 da9129f8f7ad Downloading [==========>                                        ]  5.243MB/25.62MB
 7aee18c98c59 Downloading [>                                                  ]  5.243MB/595.5MB
 da9129f8f7ad Downloading [==========>                                        ]  5.243MB/25.62MB
 7aee18c98c59 Downloading [>                                                  ]  5.243MB/595.5MB
 da9129f8f7ad Downloading [==========>                                        ]  5.243MB/25.62MB
 7aee18c98c59 Downloading [>                                                  ]  5.243MB/595.5MB
 da9129f8f7ad Downloading [============>                                      ]  6.291MB/25.62MB
 7aee18c98c59 Downloading [>                                                  ]  5.243MB/595.5MB
 da9129f8f7ad Downloading [============>                                      ]  6.291MB/25.62MB
 7aee18c98c59 Downloading [>                                                  ]  5.243MB/595.5MB
 da9129f8f7ad Downloading [============>                                      ]  6.291MB/25.62MB
 da9129f8f7ad Downloading [============>                                      ]  6.291MB/25.62MB
 7aee18c98c59 Downloading [>                                                  ]  5.243MB/595.5MB
 7aee18c98c59 Downloading [>                                                  ]  5.243MB/595.5MB
 da9129f8f7ad Downloading [============>                                      ]  6.291MB/25.62MB
 7aee18c98c59 Downloading [>                                                  ]  5.243MB/595.5MB
 da9129f8f7ad Downloading [============>                                      ]  6.291MB/25.62MB
 7aee18c98c59 Downloading [>                                                  ]  5.243MB/595.5MB
 da9129f8f7ad Downloading [============>                                      ]  6.291MB/25.62MB
 7aee18c98c59 Downloading [>                                                  ]  5.243MB/595.5MB
 da9129f8f7ad Downloading [============>                                      ]  6.291MB/25.62MB
 7aee18c98c59 Downloading [>                                                  ]  5.243MB/595.5MB
 da9129f8f7ad Downloading [============>                                      ]  6.291MB/25.62MB
 7aee18c98c59 Downloading [>                                                  ]  5.243MB/595.5MB
 da9129f8f7ad Downloading [============>                                      ]  6.291MB/25.62MB
 7aee18c98c59 Downloading [>                                                  ]  5.243MB/595.5MB
 da9129f8f7ad Downloading [============>                                      ]  6.291MB/25.62MB
 da9129f8f7ad Downloading [============>                                      ]  6.291MB/25.62MB
 7aee18c98c59 Downloading [>                                                  ]  5.243MB/595.5MB
 7aee18c98c59 Downloading [>                                                  ]  5.243MB/595.5MB
 da9129f8f7ad Downloading [============>                                      ]  6.291MB/25.62MB
 7aee18c98c59 Downloading [>                                                  ]  5.243MB/595.5MB
 da9129f8f7ad Downloading [============>                                      ]  6.291MB/25.62MB
 7aee18c98c59 Downloading [>                                                  ]  5.243MB/595.5MB
 da9129f8f7ad Downloading [============>                                      ]  6.291MB/25.62MB
 da9129f8f7ad Downloading [============>                                      ]  6.291MB/25.62MB
 7aee18c98c59 Downloading [>                                                  ]  5.243MB/595.5MB
 7aee18c98c59 Downloading [>                                                  ]  6.291MB/595.5MB
 da9129f8f7ad Downloading [============>                                      ]  6.291MB/25.62MB
 da9129f8f7ad Downloading [============>                                      ]  6.291MB/25.62MB
 7aee18c98c59 Downloading [>                                                  ]  6.291MB/595.5MB
 7aee18c98c59 Downloading [>                                                  ]  6.291MB/595.5MB
 da9129f8f7ad Downloading [============>                                      ]  6.291MB/25.62MB
 da9129f8f7ad Downloading [============>                                      ]  6.291MB/25.62MB
 7aee18c98c59 Downloading [>                                                  ]  6.291MB/595.5MB
 da9129f8f7ad Downloading [============>                                      ]  6.291MB/25.62MB
 7aee18c98c59 Downloading [>                                                  ]  6.291MB/595.5MB
 7aee18c98c59 Downloading [>                                                  ]  6.291MB/595.5MB
 da9129f8f7ad Downloading [============>                                      ]  6.291MB/25.62MB
 7aee18c98c59 Downloading [>                                                  ]  6.291MB/595.5MB
 da9129f8f7ad Downloading [============>                                      ]  6.291MB/25.62MB
 7aee18c98c59 Downloading [>                                                  ]  6.291MB/595.5MB
 da9129f8f7ad Downloading [==============>                                    ]   7.34MB/25.62MB
 7aee18c98c59 Downloading [>                                                  ]  6.291MB/595.5MB
 da9129f8f7ad Downloading [==============>                                    ]   7.34MB/25.62MB
 7aee18c98c59 Downloading [>                                                  ]  6.291MB/595.5MB
 da9129f8f7ad Downloading [==============>                                    ]   7.34MB/25.62MB
 7aee18c98c59 Downloading [>                                                  ]  6.291MB/595.5MB
 da9129f8f7ad Downloading [==============>                                    ]   7.34MB/25.62MB
 7aee18c98c59 Downloading [>                                                  ]  6.291MB/595.5MB
 da9129f8f7ad Downloading [==============>                                    ]   7.34MB/25.62MB
 da9129f8f7ad Downloading [==============>                                    ]   7.34MB/25.62MB
 7aee18c98c59 Downloading [>                                                  ]  6.291MB/595.5MB
 7aee18c98c59 Downloading [>                                                  ]  6.291MB/595.5MB
 da9129f8f7ad Downloading [==============>                                    ]   7.34MB/25.62MB
 7aee18c98c59 Downloading [>                                                  ]  6.291MB/595.5MB
 da9129f8f7ad Downloading [==============>                                    ]   7.34MB/25.62MB
 7aee18c98c59 Downloading [>                                                  ]  6.291MB/595.5MB
 da9129f8f7ad Downloading [==============>                                    ]   7.34MB/25.62MB
 7aee18c98c59 Downloading [>                                                  ]  6.291MB/595.5MB
 da9129f8f7ad Downloading [==============>                                    ]   7.34MB/25.62MB
 7aee18c98c59 Downloading [>                                                  ]  6.291MB/595.5MB
 da9129f8f7ad Downloading [==============>                                    ]   7.34MB/25.62MB
 7aee18c98c59 Downloading [>                                                  ]  6.291MB/595.5MB
 da9129f8f7ad Downloading [==============>                                    ]   7.34MB/25.62MB
 7aee18c98c59 Downloading [>                                                  ]  6.291MB/595.5MB
 da9129f8f7ad Downloading [==============>                                    ]   7.34MB/25.62MB
 7aee18c98c59 Downloading [>                                                  ]  6.291MB/595.5MB
 da9129f8f7ad Downloading [==============>                                    ]   7.34MB/25.62MB
 7aee18c98c59 Downloading [>                                                  ]  6.291MB/595.5MB
 da9129f8f7ad Downloading [==============>                                    ]   7.34MB/25.62MB
 7aee18c98c59 Downloading [>                                                  ]  6.291MB/595.5MB
 da9129f8f7ad Downloading [==============>                                    ]   7.34MB/25.62MB
 7aee18c98c59 Downloading [>                                                  ]   7.34MB/595.5MB
 da9129f8f7ad Downloading [==============>                                    ]   7.34MB/25.62MB
 7aee18c98c59 Downloading [>                                                  ]   7.34MB/595.5MB
 da9129f8f7ad Downloading [==============>                                    ]   7.34MB/25.62MB
 7aee18c98c59 Downloading [>                                                  ]   7.34MB/595.5MB
 da9129f8f7ad Downloading [==============>                                    ]   7.34MB/25.62MB
 7aee18c98c59 Downloading [>                                                  ]   7.34MB/595.5MB
 da9129f8f7ad Downloading [==============>                                    ]   7.34MB/25.62MB
 da9129f8f7ad Downloading [==============>                                    ]   7.34MB/25.62MB
 7aee18c98c59 Downloading [>                                                  ]   7.34MB/595.5MB
 7aee18c98c59 Downloading [>                                                  ]   7.34MB/595.5MB
 da9129f8f7ad Downloading [==============>                                    ]   7.34MB/25.62MB
 7aee18c98c59 Downloading [>                                                  ]   7.34MB/595.5MB
 da9129f8f7ad Downloading [==============>                                    ]   7.34MB/25.62MB
 7aee18c98c59 Downloading [>                                                  ]   7.34MB/595.5MB
 da9129f8f7ad Downloading [================>                                  ]  8.389MB/25.62MB
 7aee18c98c59 Downloading [>                                                  ]   7.34MB/595.5MB
 da9129f8f7ad Downloading [================>                                  ]  8.389MB/25.62MB
 7aee18c98c59 Downloading [>                                                  ]   7.34MB/595.5MB
 da9129f8f7ad Downloading [================>                                  ]  8.389MB/25.62MB
 7aee18c98c59 Downloading [>                                                  ]   7.34MB/595.5MB
 da9129f8f7ad Downloading [================>                                  ]  8.389MB/25.62MB
 7aee18c98c59 Downloading [>                                                  ]   7.34MB/595.5MB
 da9129f8f7ad Downloading [================>                                  ]  8.389MB/25.62MB
 7aee18c98c59 Downloading [>                                                  ]   7.34MB/595.5MB
 da9129f8f7ad Downloading [================>                                  ]  8.389MB/25.62MB
 7aee18c98c59 Downloading [>                                                  ]   7.34MB/595.5MB
 da9129f8f7ad Downloading [================>                                  ]  8.389MB/25.62MB
 7aee18c98c59 Downloading [>                                                  ]   7.34MB/595.5MB
 da9129f8f7ad Downloading [================>                                  ]  8.389MB/25.62MB
 7aee18c98c59 Downloading [>                                                  ]   7.34MB/595.5MB
 da9129f8f7ad Downloading [================>                                  ]  8.389MB/25.62MB
 7aee18c98c59 Downloading [>                                                  ]   7.34MB/595.5MB
 da9129f8f7ad Downloading [================>                                  ]  8.389MB/25.62MB
 7aee18c98c59 Downloading [>                                                  ]   7.34MB/595.5MB
 da9129f8f7ad Downloading [================>                                  ]  8.389MB/25.62MB
 7aee18c98c59 Downloading [>                                                  ]   7.34MB/595.5MB
 da9129f8f7ad Downloading [================>                                  ]  8.389MB/25.62MB
 7aee18c98c59 Downloading [>                                                  ]   7.34MB/595.5MB
 da9129f8f7ad Downloading [================>                                  ]  8.389MB/25.62MB
 7aee18c98c59 Downloading [>                                                  ]   7.34MB/595.5MB
 da9129f8f7ad Downloading [================>                                  ]  8.389MB/25.62MB
 da9129f8f7ad Downloading [================>                                  ]  8.389MB/25.62MB
 7aee18c98c59 Downloading [>                                                  ]   7.34MB/595.5MB
 da9129f8f7ad Downloading [================>                                  ]  8.389MB/25.62MB
 7aee18c98c59 Downloading [>                                                  ]   7.34MB/595.5MB
 7aee18c98c59 Downloading [>                                                  ]   7.34MB/595.5MB
 da9129f8f7ad Downloading [================>                                  ]  8.389MB/25.62MB
 da9129f8f7ad Downloading [================>                                  ]  8.389MB/25.62MB
 7aee18c98c59 Downloading [>                                                  ]  8.389MB/595.5MB
 7aee18c98c59 Downloading [>                                                  ]  8.389MB/595.5MB
 da9129f8f7ad Downloading [================>                                  ]  8.389MB/25.62MB
 7aee18c98c59 Downloading [>                                                  ]  8.389MB/595.5MB
 da9129f8f7ad Downloading [================>                                  ]  8.389MB/25.62MB
 7aee18c98c59 Downloading [>                                                  ]  8.389MB/595.5MB
 da9129f8f7ad Downloading [================>                                  ]  8.389MB/25.62MB
 da9129f8f7ad Downloading [================>                                  ]  8.389MB/25.62MB
 7aee18c98c59 Downloading [>                                                  ]  8.389MB/595.5MB
 7aee18c98c59 Downloading [>                                                  ]  8.389MB/595.5MB
 da9129f8f7ad Downloading [================>                                  ]  8.389MB/25.62MB
 7aee18c98c59 Downloading [>                                                  ]  8.389MB/595.5MB
 da9129f8f7ad Downloading [================>                                  ]  8.389MB/25.62MB
 7aee18c98c59 Downloading [>                                                  ]  8.389MB/595.5MB
 da9129f8f7ad Downloading [==================>                                ]  9.437MB/25.62MB
 da9129f8f7ad Downloading [==================>                                ]  9.437MB/25.62MB
 7aee18c98c59 Downloading [>                                                  ]  8.389MB/595.5MB
 7aee18c98c59 Downloading [>                                                  ]  8.389MB/595.5MB
 da9129f8f7ad Downloading [==================>                                ]  9.437MB/25.62MB
 7aee18c98c59 Downloading [>                                                  ]  8.389MB/595.5MB
 da9129f8f7ad Downloading [==================>                                ]  9.437MB/25.62MB
 7aee18c98c59 Downloading [>                                                  ]  8.389MB/595.5MB
 da9129f8f7ad Downloading [==================>                                ]  9.437MB/25.62MB
 7aee18c98c59 Downloading [>                                                  ]  8.389MB/595.5MB
 da9129f8f7ad Downloading [==================>                                ]  9.437MB/25.62MB
 7aee18c98c59 Downloading [>                                                  ]  8.389MB/595.5MB
 da9129f8f7ad Downloading [==================>                                ]  9.437MB/25.62MB
 7aee18c98c59 Downloading [>                                                  ]  8.389MB/595.5MB
 da9129f8f7ad Downloading [==================>                                ]  9.437MB/25.62MB
 7aee18c98c59 Downloading [>                                                  ]  8.389MB/595.5MB
 da9129f8f7ad Downloading [==================>                                ]  9.437MB/25.62MB
 7aee18c98c59 Downloading [>                                                  ]  8.389MB/595.5MB
 da9129f8f7ad Downloading [==================>                                ]  9.437MB/25.62MB
 7aee18c98c59 Downloading [>                                                  ]  8.389MB/595.5MB
 da9129f8f7ad Downloading [==================>                                ]  9.437MB/25.62MB
 7aee18c98c59 Downloading [>                                                  ]  8.389MB/595.5MB
 da9129f8f7ad Downloading [==================>                                ]  9.437MB/25.62MB
 7aee18c98c59 Downloading [>                                                  ]  8.389MB/595.5MB
 da9129f8f7ad Downloading [==================>                                ]  9.437MB/25.62MB
 7aee18c98c59 Downloading [>                                                  ]  8.389MB/595.5MB
 da9129f8f7ad Downloading [==================>                                ]  9.437MB/25.62MB
 7aee18c98c59 Downloading [>                                                  ]  8.389MB/595.5MB
 da9129f8f7ad Downloading [==================>                                ]  9.437MB/25.62MB
 da9129f8f7ad Downloading [==================>                                ]  9.437MB/25.62MB
 7aee18c98c59 Downloading [>                                                  ]  8.389MB/595.5MB
 da9129f8f7ad Downloading [==================>                                ]  9.437MB/25.62MB
 7aee18c98c59 Downloading [>                                                  ]  8.389MB/595.5MB
 7aee18c98c59 Downloading [>                                                  ]  9.437MB/595.5MB
 da9129f8f7ad Downloading [==================>                                ]  9.437MB/25.62MB
 7aee18c98c59 Downloading [>                                                  ]  9.437MB/595.5MB
 da9129f8f7ad Downloading [==================>                                ]  9.437MB/25.62MB
 7aee18c98c59 Downloading [>                                                  ]  9.437MB/595.5MB
 da9129f8f7ad Downloading [==================>                                ]  9.437MB/25.62MB
 7aee18c98c59 Downloading [>                                                  ]  9.437MB/595.5MB
 da9129f8f7ad Downloading [==================>                                ]  9.437MB/25.62MB
 7aee18c98c59 Downloading [>                                                  ]  9.437MB/595.5MB
 da9129f8f7ad Downloading [====================>                              ]  10.49MB/25.62MB
 7aee18c98c59 Downloading [>                                                  ]  9.437MB/595.5MB
 da9129f8f7ad Downloading [====================>                              ]  10.49MB/25.62MB
 7aee18c98c59 Downloading [>                                                  ]  9.437MB/595.5MB
 da9129f8f7ad Downloading [====================>                              ]  10.49MB/25.62MB
 7aee18c98c59 Downloading [>                                                  ]  9.437MB/595.5MB
 da9129f8f7ad Downloading [====================>                              ]  10.49MB/25.62MB
 7aee18c98c59 Downloading [>                                                  ]  9.437MB/595.5MB
 da9129f8f7ad Downloading [====================>                              ]  10.49MB/25.62MB
 7aee18c98c59 Downloading [>                                                  ]  9.437MB/595.5MB
 da9129f8f7ad Downloading [====================>                              ]  10.49MB/25.62MB
 da9129f8f7ad Downloading [====================>                              ]  10.49MB/25.62MB
 7aee18c98c59 Downloading [>                                                  ]  9.437MB/595.5MB
 7aee18c98c59 Downloading [>                                                  ]  9.437MB/595.5MB
 da9129f8f7ad Downloading [====================>                              ]  10.49MB/25.62MB
 7aee18c98c59 Downloading [>                                                  ]  9.437MB/595.5MB
 da9129f8f7ad Downloading [====================>                              ]  10.49MB/25.62MB
 7aee18c98c59 Downloading [>                                                  ]  9.437MB/595.5MB
 da9129f8f7ad Downloading [====================>                              ]  10.49MB/25.62MB
 7aee18c98c59 Downloading [>                                                  ]  9.437MB/595.5MB
 da9129f8f7ad Downloading [====================>                              ]  10.49MB/25.62MB
 da9129f8f7ad Downloading [====================>                              ]  10.49MB/25.62MB
 7aee18c98c59 Downloading [>                                                  ]  9.437MB/595.5MB
 7aee18c98c59 Downloading [>                                                  ]  9.437MB/595.5MB
 da9129f8f7ad Downloading [====================>                              ]  10.49MB/25.62MB
 7aee18c98c59 Downloading [>                                                  ]  9.437MB/595.5MB
 da9129f8f7ad Downloading [====================>                              ]  10.49MB/25.62MB
 da9129f8f7ad Downloading [====================>                              ]  10.49MB/25.62MB
 7aee18c98c59 Downloading [>                                                  ]  9.437MB/595.5MB
 7aee18c98c59 Downloading [>                                                  ]  9.437MB/595.5MB
 da9129f8f7ad Downloading [====================>                              ]  10.49MB/25.62MB
 da9129f8f7ad Downloading [====================>                              ]  10.49MB/25.62MB
 7aee18c98c59 Downloading [>                                                  ]  9.437MB/595.5MB
 7aee18c98c59 Downloading [>                                                  ]  9.437MB/595.5MB
 da9129f8f7ad Downloading [====================>                              ]  10.49MB/25.62MB
 7aee18c98c59 Downloading [>                                                  ]  10.49MB/595.5MB
 da9129f8f7ad Downloading [====================>                              ]  10.49MB/25.62MB
 7aee18c98c59 Downloading [>                                                  ]  10.49MB/595.5MB
 da9129f8f7ad Downloading [====================>                              ]  10.49MB/25.62MB
 7aee18c98c59 Downloading [>                                                  ]  10.49MB/595.5MB
 da9129f8f7ad Downloading [====================>                              ]  10.49MB/25.62MB
 7aee18c98c59 Downloading [>                                                  ]  10.49MB/595.5MB
 da9129f8f7ad Downloading [====================>                              ]  10.49MB/25.62MB
 7aee18c98c59 Downloading [>                                                  ]  10.49MB/595.5MB
 da9129f8f7ad Downloading [====================>                              ]  10.49MB/25.62MB
 7aee18c98c59 Downloading [>                                                  ]  10.49MB/595.5MB
 da9129f8f7ad Downloading [====================>                              ]  10.49MB/25.62MB
 da9129f8f7ad Downloading [======================>                            ]  11.53MB/25.62MB
 7aee18c98c59 Downloading [>                                                  ]  10.49MB/595.5MB
 7aee18c98c59 Downloading [>                                                  ]  10.49MB/595.5MB
 da9129f8f7ad Downloading [======================>                            ]  11.53MB/25.62MB
 7aee18c98c59 Downloading [>                                                  ]  10.49MB/595.5MB
 da9129f8f7ad Downloading [======================>                            ]  11.53MB/25.62MB
 da9129f8f7ad Downloading [======================>                            ]  11.53MB/25.62MB
 7aee18c98c59 Downloading [>                                                  ]  10.49MB/595.5MB
 7aee18c98c59 Downloading [>                                                  ]  10.49MB/595.5MB
 da9129f8f7ad Downloading [======================>                            ]  11.53MB/25.62MB
 7aee18c98c59 Downloading [>                                                  ]  10.49MB/595.5MB
 da9129f8f7ad Downloading [======================>                            ]  11.53MB/25.62MB
 7aee18c98c59 Downloading [>                                                  ]  10.49MB/595.5MB
 da9129f8f7ad Downloading [======================>                            ]  11.53MB/25.62MB
 7aee18c98c59 Downloading [>                                                  ]  10.49MB/595.5MB
 da9129f8f7ad Downloading [======================>                            ]  11.53MB/25.62MB
 7aee18c98c59 Downloading [>                                                  ]  10.49MB/595.5MB
 da9129f8f7ad Downloading [======================>                            ]  11.53MB/25.62MB
 7aee18c98c59 Downloading [>                                                  ]  10.49MB/595.5MB
 da9129f8f7ad Downloading [======================>                            ]  11.53MB/25.62MB
 da9129f8f7ad Downloading [======================>                            ]  11.53MB/25.62MB
 7aee18c98c59 Downloading [>                                                  ]  10.49MB/595.5MB
 7aee18c98c59 Downloading [>                                                  ]  10.49MB/595.5MB
 da9129f8f7ad Downloading [======================>                            ]  11.53MB/25.62MB
 da9129f8f7ad Downloading [======================>                            ]  11.53MB/25.62MB
 7aee18c98c59 Downloading [>                                                  ]  10.49MB/595.5MB
 7aee18c98c59 Downloading [>                                                  ]  10.49MB/595.5MB
 da9129f8f7ad Downloading [======================>                            ]  11.53MB/25.62MB
 da9129f8f7ad Downloading [======================>                            ]  11.53MB/25.62MB
 7aee18c98c59 Downloading [>                                                  ]  11.53MB/595.5MB
 da9129f8f7ad Downloading [======================>                            ]  11.53MB/25.62MB
 7aee18c98c59 Downloading [>                                                  ]  11.53MB/595.5MB
 7aee18c98c59 Downloading [>                                                  ]  11.53MB/595.5MB
 da9129f8f7ad Downloading [========================>                          ]  12.58MB/25.62MB
 7aee18c98c59 Downloading [>                                                  ]  11.53MB/595.5MB
 da9129f8f7ad Downloading [========================>                          ]  12.58MB/25.62MB
 da9129f8f7ad Downloading [========================>                          ]  12.58MB/25.62MB
 7aee18c98c59 Downloading [>                                                  ]  11.53MB/595.5MB
 7aee18c98c59 Downloading [>                                                  ]  11.53MB/595.5MB
 da9129f8f7ad Downloading [========================>                          ]  12.58MB/25.62MB
 7aee18c98c59 Downloading [>                                                  ]  11.53MB/595.5MB
 da9129f8f7ad Downloading [========================>                          ]  12.58MB/25.62MB
 7aee18c98c59 Downloading [>                                                  ]  11.53MB/595.5MB
 da9129f8f7ad Downloading [========================>                          ]  12.58MB/25.62MB
 7aee18c98c59 Downloading [>                                                  ]  11.53MB/595.5MB
 da9129f8f7ad Downloading [========================>                          ]  12.58MB/25.62MB
 7aee18c98c59 Downloading [>                                                  ]  11.53MB/595.5MB
 da9129f8f7ad Downloading [========================>                          ]  12.58MB/25.62MB
 7aee18c98c59 Downloading [>                                                  ]  11.53MB/595.5MB
 da9129f8f7ad Downloading [========================>                          ]  12.58MB/25.62MB
 da9129f8f7ad Downloading [========================>                          ]  12.58MB/25.62MB
 7aee18c98c59 Downloading [>                                                  ]  11.53MB/595.5MB
 7aee18c98c59 Downloading [>                                                  ]  11.53MB/595.5MB
 da9129f8f7ad Downloading [========================>                          ]  12.58MB/25.62MB
 7aee18c98c59 Downloading [>                                                  ]  11.53MB/595.5MB
 da9129f8f7ad Downloading [========================>                          ]  12.58MB/25.62MB
 7aee18c98c59 Downloading [>                                                  ]  11.53MB/595.5MB
 da9129f8f7ad Downloading [========================>                          ]  12.58MB/25.62MB
 7aee18c98c59 Downloading [=>                                                 ]  12.58MB/595.5MB
 da9129f8f7ad Downloading [========================>                          ]  12.58MB/25.62MB
 7aee18c98c59 Downloading [=>                                                 ]  12.58MB/595.5MB
 da9129f8f7ad Downloading [========================>                          ]  12.58MB/25.62MB
 7aee18c98c59 Downloading [=>                                                 ]  12.58MB/595.5MB
 da9129f8f7ad Downloading [========================>                          ]  12.58MB/25.62MB
 7aee18c98c59 Downloading [=>                                                 ]  12.58MB/595.5MB
 da9129f8f7ad Downloading [========================>                          ]  12.58MB/25.62MB
 7aee18c98c59 Downloading [=>                                                 ]  12.58MB/595.5MB
 da9129f8f7ad Downloading [========================>                          ]  12.58MB/25.62MB
 7aee18c98c59 Downloading [=>                                                 ]  12.58MB/595.5MB
 da9129f8f7ad Downloading [========================>                          ]  12.58MB/25.62MB
 7aee18c98c59 Downloading [=>                                                 ]  12.58MB/595.5MB
 da9129f8f7ad Downloading [========================>                          ]  12.58MB/25.62MB
 7aee18c98c59 Downloading [=>                                                 ]  12.58MB/595.5MB
 da9129f8f7ad Downloading [========================>                          ]  12.58MB/25.62MB
 7aee18c98c59 Downloading [=>                                                 ]  12.58MB/595.5MB
 da9129f8f7ad Downloading [========================>                          ]  12.58MB/25.62MB
 7aee18c98c59 Downloading [=>                                                 ]  12.58MB/595.5MB
 da9129f8f7ad Downloading [========================>                          ]  12.58MB/25.62MB
 7aee18c98c59 Downloading [=>                                                 ]  12.58MB/595.5MB
 da9129f8f7ad Downloading [========================>                          ]  12.58MB/25.62MB
 da9129f8f7ad Downloading [==========================>                        ]  13.63MB/25.62MB
 7aee18c98c59 Downloading [=>                                                 ]  12.58MB/595.5MB
 7aee18c98c59 Downloading [=>                                                 ]  12.58MB/595.5MB
 da9129f8f7ad Downloading [==========================>                        ]  13.63MB/25.62MB
 7aee18c98c59 Downloading [=>                                                 ]  12.58MB/595.5MB
 da9129f8f7ad Downloading [==========================>                        ]  13.63MB/25.62MB
 7aee18c98c59 Downloading [=>                                                 ]  12.58MB/595.5MB
 da9129f8f7ad Downloading [==========================>                        ]  13.63MB/25.62MB
 7aee18c98c59 Downloading [=>                                                 ]  12.58MB/595.5MB
 da9129f8f7ad Downloading [==========================>                        ]  13.63MB/25.62MB
 da9129f8f7ad Downloading [==========================>                        ]  13.63MB/25.62MB
 7aee18c98c59 Downloading [=>                                                 ]  12.58MB/595.5MB
 7aee18c98c59 Downloading [=>                                                 ]  12.58MB/595.5MB
 da9129f8f7ad Downloading [==========================>                        ]  13.63MB/25.62MB
 7aee18c98c59 Downloading [=>                                                 ]  12.58MB/595.5MB
 da9129f8f7ad Downloading [==========================>                        ]  13.63MB/25.62MB
 da9129f8f7ad Downloading [==========================>                        ]  13.63MB/25.62MB
 7aee18c98c59 Downloading [=>                                                 ]  12.58MB/595.5MB
 da9129f8f7ad Downloading [==========================>                        ]  13.63MB/25.62MB
 7aee18c98c59 Downloading [=>                                                 ]  12.58MB/595.5MB
 7aee18c98c59 Downloading [=>                                                 ]  13.63MB/595.5MB
 da9129f8f7ad Downloading [==========================>                        ]  13.63MB/25.62MB
 7aee18c98c59 Downloading [=>                                                 ]  13.63MB/595.5MB
 da9129f8f7ad Downloading [==========================>                        ]  13.63MB/25.62MB
 7aee18c98c59 Downloading [=>                                                 ]  13.63MB/595.5MB
 da9129f8f7ad Downloading [==========================>                        ]  13.63MB/25.62MB
 7aee18c98c59 Downloading [=>                                                 ]  13.63MB/595.5MB
 da9129f8f7ad Downloading [==========================>                        ]  13.63MB/25.62MB
 7aee18c98c59 Downloading [=>                                                 ]  13.63MB/595.5MB
 da9129f8f7ad Downloading [==========================>                        ]  13.63MB/25.62MB
 7aee18c98c59 Downloading [=>                                                 ]  13.63MB/595.5MB
 da9129f8f7ad Downloading [==========================>                        ]  13.63MB/25.62MB
 7aee18c98c59 Downloading [=>                                                 ]  13.63MB/595.5MB
 da9129f8f7ad Downloading [==========================>                        ]  13.63MB/25.62MB
 7aee18c98c59 Downloading [=>                                                 ]  13.63MB/595.5MB
 da9129f8f7ad Downloading [==========================>                        ]  13.63MB/25.62MB
 7aee18c98c59 Downloading [=>                                                 ]  13.63MB/595.5MB
 da9129f8f7ad Downloading [==========================>                        ]  13.63MB/25.62MB
 da9129f8f7ad Downloading [==========================>                        ]  13.63MB/25.62MB
 7aee18c98c59 Downloading [=>                                                 ]  13.63MB/595.5MB
 7aee18c98c59 Downloading [=>                                                 ]  13.63MB/595.5MB
 da9129f8f7ad Downloading [==========================>                        ]  13.63MB/25.62MB
 da9129f8f7ad Downloading [==========================>                        ]  13.63MB/25.62MB
 7aee18c98c59 Downloading [=>                                                 ]  13.63MB/595.5MB
 7aee18c98c59 Downloading [=>                                                 ]  13.63MB/595.5MB
 da9129f8f7ad Downloading [==========================>                        ]  13.63MB/25.62MB
 7aee18c98c59 Downloading [=>                                                 ]  13.63MB/595.5MB
 da9129f8f7ad Downloading [============================>                      ]  14.68MB/25.62MB
 7aee18c98c59 Downloading [=>                                                 ]  13.63MB/595.5MB
 da9129f8f7ad Downloading [============================>                      ]  14.68MB/25.62MB
 7aee18c98c59 Downloading [=>                                                 ]  13.63MB/595.5MB
 da9129f8f7ad Downloading [============================>                      ]  14.68MB/25.62MB
 7aee18c98c59 Downloading [=>                                                 ]  13.63MB/595.5MB
 da9129f8f7ad Downloading [============================>                      ]  14.68MB/25.62MB
 7aee18c98c59 Downloading [=>                                                 ]  13.63MB/595.5MB
 da9129f8f7ad Downloading [============================>                      ]  14.68MB/25.62MB
 da9129f8f7ad Downloading [============================>                      ]  14.68MB/25.62MB
 7aee18c98c59 Downloading [=>                                                 ]  13.63MB/595.5MB
 7aee18c98c59 Downloading [=>                                                 ]  13.63MB/595.5MB
 da9129f8f7ad Downloading [============================>                      ]  14.68MB/25.62MB
 7aee18c98c59 Downloading [=>                                                 ]  13.63MB/595.5MB
 da9129f8f7ad Downloading [============================>                      ]  14.68MB/25.62MB
 7aee18c98c59 Downloading [=>                                                 ]  13.63MB/595.5MB
 da9129f8f7ad Downloading [============================>                      ]  14.68MB/25.62MB
 7aee18c98c59 Downloading [=>                                                 ]  13.63MB/595.5MB
 da9129f8f7ad Downloading [============================>                      ]  14.68MB/25.62MB
 7aee18c98c59 Downloading [=>                                                 ]  13.63MB/595.5MB
 da9129f8f7ad Downloading [============================>                      ]  14.68MB/25.62MB
 7aee18c98c59 Downloading [=>                                                 ]  13.63MB/595.5MB
 da9129f8f7ad Downloading [============================>                      ]  14.68MB/25.62MB
 7aee18c98c59 Downloading [=>                                                 ]  13.63MB/595.5MB
 da9129f8f7ad Downloading [============================>                      ]  14.68MB/25.62MB
 da9129f8f7ad Downloading [============================>                      ]  14.68MB/25.62MB
 7aee18c98c59 Downloading [=>                                                 ]  13.63MB/595.5MB
 7aee18c98c59 Downloading [=>                                                 ]  14.68MB/595.5MB
 da9129f8f7ad Downloading [============================>                      ]  14.68MB/25.62MB
 7aee18c98c59 Downloading [=>                                                 ]  14.68MB/595.5MB
 da9129f8f7ad Downloading [============================>                      ]  14.68MB/25.62MB
 7aee18c98c59 Downloading [=>                                                 ]  14.68MB/595.5MB
 da9129f8f7ad Downloading [============================>                      ]  14.68MB/25.62MB
 7aee18c98c59 Downloading [=>                                                 ]  14.68MB/595.5MB
 da9129f8f7ad Downloading [============================>                      ]  14.68MB/25.62MB
 7aee18c98c59 Downloading [=>                                                 ]  14.68MB/595.5MB
 da9129f8f7ad Downloading [============================>                      ]  14.68MB/25.62MB
 7aee18c98c59 Downloading [=>                                                 ]  14.68MB/595.5MB
 da9129f8f7ad Downloading [============================>                      ]  14.68MB/25.62MB
 7aee18c98c59 Downloading [=>                                                 ]  14.68MB/595.5MB
 da9129f8f7ad Downloading [============================>                      ]  14.68MB/25.62MB
 7aee18c98c59 Downloading [=>                                                 ]  14.68MB/595.5MB
 da9129f8f7ad Downloading [============================>                      ]  14.68MB/25.62MB
 7aee18c98c59 Downloading [=>                                                 ]  14.68MB/595.5MB
 da9129f8f7ad Downloading [============================>                      ]  14.68MB/25.62MB
 7aee18c98c59 Downloading [=>                                                 ]  14.68MB/595.5MB
 da9129f8f7ad Downloading [============================>                      ]  14.68MB/25.62MB
 7aee18c98c59 Downloading [=>                                                 ]  14.68MB/595.5MB
 da9129f8f7ad Downloading [============================>                      ]  14.68MB/25.62MB
 da9129f8f7ad Downloading [============================>                      ]  14.68MB/25.62MB
 7aee18c98c59 Downloading [=>                                                 ]  14.68MB/595.5MB
 da9129f8f7ad Downloading [============================>                      ]  14.68MB/25.62MB
 7aee18c98c59 Downloading [=>                                                 ]  14.68MB/595.5MB
 7aee18c98c59 Downloading [=>                                                 ]  14.68MB/595.5MB
 da9129f8f7ad Downloading [============================>                      ]  14.68MB/25.62MB
 7aee18c98c59 Downloading [=>                                                 ]  14.68MB/595.5MB
 da9129f8f7ad Downloading [============================>                      ]  14.68MB/25.62MB
 7aee18c98c59 Downloading [=>                                                 ]  14.68MB/595.5MB
 da9129f8f7ad Downloading [============================>                      ]  14.68MB/25.62MB
 da9129f8f7ad Downloading [============================>                      ]  14.68MB/25.62MB
 7aee18c98c59 Downloading [=>                                                 ]  14.68MB/595.5MB
 7aee18c98c59 Downloading [=>                                                 ]  14.68MB/595.5MB
 da9129f8f7ad Downloading [============================>                      ]  14.68MB/25.62MB
 7aee18c98c59 Downloading [=>                                                 ]  14.68MB/595.5MB
 da9129f8f7ad Downloading [============================>                      ]  14.68MB/25.62MB
 7aee18c98c59 Downloading [=>                                                 ]  14.68MB/595.5MB
 da9129f8f7ad Downloading [============================>                      ]  14.68MB/25.62MB
 7aee18c98c59 Downloading [=>                                                 ]  14.68MB/595.5MB
 da9129f8f7ad Downloading [============================>                      ]  14.68MB/25.62MB
 7aee18c98c59 Downloading [=>                                                 ]  14.68MB/595.5MB
 da9129f8f7ad Downloading [============================>                      ]  14.68MB/25.62MB
 da9129f8f7ad Downloading [============================>                      ]  14.68MB/25.62MB
 7aee18c98c59 Downloading [=>                                                 ]  14.68MB/595.5MB
 7aee18c98c59 Downloading [=>                                                 ]  14.68MB/595.5MB
 da9129f8f7ad Downloading [============================>                      ]  14.68MB/25.62MB
 7aee18c98c59 Downloading [=>                                                 ]  14.68MB/595.5MB
 da9129f8f7ad Downloading [============================>                      ]  14.68MB/25.62MB
 7aee18c98c59 Downloading [=>                                                 ]  14.68MB/595.5MB
 da9129f8f7ad Downloading [============================>                      ]  14.68MB/25.62MB
 7aee18c98c59 Downloading [=>                                                 ]  14.68MB/595.5MB
 da9129f8f7ad Downloading [==============================>                    ]  15.73MB/25.62MB
 7aee18c98c59 Downloading [=>                                                 ]  14.68MB/595.5MB
 da9129f8f7ad Downloading [==============================>                    ]  15.73MB/25.62MB
 7aee18c98c59 Downloading [=>                                                 ]  14.68MB/595.5MB
 da9129f8f7ad Downloading [==============================>                    ]  15.73MB/25.62MB
 7aee18c98c59 Downloading [=>                                                 ]  14.68MB/595.5MB
 da9129f8f7ad Downloading [==============================>                    ]  15.73MB/25.62MB
 7aee18c98c59 Downloading [=>                                                 ]  14.68MB/595.5MB
 da9129f8f7ad Downloading [==============================>                    ]  15.73MB/25.62MB
 7aee18c98c59 Downloading [=>                                                 ]  14.68MB/595.5MB
 da9129f8f7ad Downloading [==============================>                    ]  15.73MB/25.62MB
 7aee18c98c59 Downloading [=>                                                 ]  14.68MB/595.5MB
 da9129f8f7ad Downloading [==============================>                    ]  15.73MB/25.62MB
 7aee18c98c59 Downloading [=>                                                 ]  14.68MB/595.5MB
 da9129f8f7ad Downloading [==============================>                    ]  15.73MB/25.62MB
 da9129f8f7ad Downloading [==============================>                    ]  15.73MB/25.62MB
 7aee18c98c59 Downloading [=>                                                 ]  14.68MB/595.5MB
 7aee18c98c59 Downloading [=>                                                 ]  14.68MB/595.5MB
 da9129f8f7ad Downloading [==============================>                    ]  15.73MB/25.62MB
 7aee18c98c59 Downloading [=>                                                 ]  14.68MB/595.5MB
 da9129f8f7ad Downloading [==============================>                    ]  15.73MB/25.62MB
 7aee18c98c59 Downloading [=>                                                 ]  14.68MB/595.5MB
 da9129f8f7ad Downloading [==============================>                    ]  15.73MB/25.62MB
 7aee18c98c59 Downloading [=>                                                 ]  14.68MB/595.5MB
 da9129f8f7ad Downloading [==============================>                    ]  15.73MB/25.62MB
 7aee18c98c59 Downloading [=>                                                 ]  14.68MB/595.5MB
 da9129f8f7ad Downloading [==============================>                    ]  15.73MB/25.62MB
 7aee18c98c59 Downloading [=>                                                 ]  14.68MB/595.5MB
 da9129f8f7ad Downloading [==============================>                    ]  15.73MB/25.62MB
 7aee18c98c59 Downloading [=>                                                 ]  14.68MB/595.5MB
 da9129f8f7ad Downloading [==============================>                    ]  15.73MB/25.62MB
 7aee18c98c59 Downloading [=>                                                 ]  14.68MB/595.5MB
 da9129f8f7ad Downloading [==============================>                    ]  15.73MB/25.62MB
 da9129f8f7ad Downloading [==============================>                    ]  15.73MB/25.62MB
 7aee18c98c59 Downloading [=>                                                 ]  14.68MB/595.5MB
 7aee18c98c59 Downloading [=>                                                 ]  14.68MB/595.5MB
 da9129f8f7ad Downloading [==============================>                    ]  15.73MB/25.62MB
 7aee18c98c59 Downloading [=>                                                 ]  14.68MB/595.5MB
 da9129f8f7ad Downloading [==============================>                    ]  15.73MB/25.62MB
 7aee18c98c59 Downloading [=>                                                 ]  14.68MB/595.5MB
 da9129f8f7ad Downloading [==============================>                    ]  15.73MB/25.62MB
 da9129f8f7ad Downloading [==============================>                    ]  15.73MB/25.62MB
 7aee18c98c59 Downloading [=>                                                 ]  14.68MB/595.5MB
 da9129f8f7ad Downloading [==============================>                    ]  15.73MB/25.62MB
 7aee18c98c59 Downloading [=>                                                 ]  14.68MB/595.5MB
 7aee18c98c59 Downloading [=>                                                 ]  14.68MB/595.5MB
 da9129f8f7ad Downloading [==============================>                    ]  15.73MB/25.62MB
 7aee18c98c59 Downloading [=>                                                 ]  14.68MB/595.5MB
 da9129f8f7ad Downloading [==============================>                    ]  15.73MB/25.62MB
 7aee18c98c59 Downloading [=>                                                 ]  14.68MB/595.5MB
 da9129f8f7ad Downloading [==============================>                    ]  15.73MB/25.62MB
 7aee18c98c59 Downloading [=>                                                 ]  15.73MB/595.5MB
 da9129f8f7ad Downloading [==============================>                    ]  15.73MB/25.62MB
 7aee18c98c59 Downloading [=>                                                 ]  15.73MB/595.5MB
 da9129f8f7ad Downloading [==============================>                    ]  15.73MB/25.62MB
 da9129f8f7ad Downloading [==============================>                    ]  15.73MB/25.62MB
 7aee18c98c59 Downloading [=>                                                 ]  15.73MB/595.5MB
 7aee18c98c59 Downloading [=>                                                 ]  15.73MB/595.5MB
 da9129f8f7ad Downloading [==============================>                    ]  15.73MB/25.62MB
 7aee18c98c59 Downloading [=>                                                 ]  15.73MB/595.5MB
 da9129f8f7ad Downloading [==============================>                    ]  15.73MB/25.62MB
 7aee18c98c59 Downloading [=>                                                 ]  15.73MB/595.5MB
 da9129f8f7ad Downloading [==============================>                    ]  15.73MB/25.62MB
 7aee18c98c59 Downloading [=>                                                 ]  15.73MB/595.5MB
 da9129f8f7ad Downloading [==============================>                    ]  15.73MB/25.62MB
 7aee18c98c59 Downloading [=>                                                 ]  15.73MB/595.5MB
 da9129f8f7ad Downloading [==============================>                    ]  15.73MB/25.62MB
 7aee18c98c59 Downloading [=>                                                 ]  15.73MB/595.5MB
 da9129f8f7ad Downloading [==============================>                    ]  15.73MB/25.62MB
 7aee18c98c59 Downloading [=>                                                 ]  15.73MB/595.5MB
 da9129f8f7ad Downloading [==============================>                    ]  15.73MB/25.62MB
 7aee18c98c59 Downloading [=>                                                 ]  15.73MB/595.5MB
 da9129f8f7ad Downloading [==============================>                    ]  15.73MB/25.62MB
 7aee18c98c59 Downloading [=>                                                 ]  15.73MB/595.5MB
 da9129f8f7ad Downloading [==============================>                    ]  15.73MB/25.62MB
 7aee18c98c59 Downloading [=>                                                 ]  15.73MB/595.5MB
 da9129f8f7ad Downloading [==============================>                    ]  15.73MB/25.62MB
 7aee18c98c59 Downloading [=>                                                 ]  15.73MB/595.5MB
 da9129f8f7ad Downloading [==============================>                    ]  15.73MB/25.62MB
 7aee18c98c59 Downloading [=>                                                 ]  15.73MB/595.5MB
 da9129f8f7ad Downloading [==============================>                    ]  15.73MB/25.62MB
 7aee18c98c59 Downloading [=>                                                 ]  15.73MB/595.5MB
 da9129f8f7ad Downloading [==============================>                    ]  15.73MB/25.62MB
 7aee18c98c59 Downloading [=>                                                 ]  15.73MB/595.5MB
 da9129f8f7ad Downloading [==============================>                    ]  15.73MB/25.62MB
 7aee18c98c59 Downloading [=>                                                 ]  15.73MB/595.5MB
 da9129f8f7ad Downloading [==============================>                    ]  15.73MB/25.62MB
 7aee18c98c59 Downloading [=>                                                 ]  15.73MB/595.5MB
 da9129f8f7ad Downloading [==============================>                    ]  15.73MB/25.62MB
 7aee18c98c59 Downloading [=>                                                 ]  15.73MB/595.5MB
 da9129f8f7ad Downloading [==============================>                    ]  15.73MB/25.62MB
 7aee18c98c59 Downloading [=>                                                 ]  15.73MB/595.5MB
 da9129f8f7ad Downloading [==============================>                    ]  15.73MB/25.62MB
 7aee18c98c59 Downloading [=>                                                 ]  15.73MB/595.5MB
 da9129f8f7ad Downloading [==============================>                    ]  15.73MB/25.62MB
 da9129f8f7ad Downloading [==============================>                    ]  15.73MB/25.62MB
 7aee18c98c59 Downloading [=>                                                 ]  15.73MB/595.5MB
 7aee18c98c59 Downloading [=>                                                 ]  15.73MB/595.5MB
 da9129f8f7ad Downloading [==============================>                    ]  15.73MB/25.62MB
 7aee18c98c59 Downloading [=>                                                 ]  15.73MB/595.5MB
 da9129f8f7ad Downloading [==============================>                    ]  15.73MB/25.62MB
 da9129f8f7ad Downloading [==============================>                    ]  15.73MB/25.62MB
 7aee18c98c59 Downloading [=>                                                 ]  15.73MB/595.5MB
 7aee18c98c59 Downloading [=>                                                 ]  15.73MB/595.5MB
 da9129f8f7ad Downloading [==============================>                    ]  15.73MB/25.62MB
 7aee18c98c59 Downloading [=>                                                 ]  15.73MB/595.5MB
 da9129f8f7ad Downloading [==============================>                    ]  15.73MB/25.62MB
 7aee18c98c59 Downloading [=>                                                 ]  15.73MB/595.5MB
 da9129f8f7ad Downloading [==============================>                    ]  15.73MB/25.62MB
 7aee18c98c59 Downloading [=>                                                 ]  15.73MB/595.5MB
 da9129f8f7ad Downloading [==============================>                    ]  15.73MB/25.62MB
 7aee18c98c59 Downloading [=>                                                 ]  15.73MB/595.5MB
 da9129f8f7ad Downloading [==============================>                    ]  15.73MB/25.62MB
 da9129f8f7ad Downloading [==============================>                    ]  15.73MB/25.62MB
 7aee18c98c59 Downloading [=>                                                 ]  15.73MB/595.5MB
 7aee18c98c59 Downloading [=>                                                 ]  15.73MB/595.5MB
 da9129f8f7ad Downloading [==============================>                    ]  15.73MB/25.62MB
 7aee18c98c59 Downloading [=>                                                 ]  15.73MB/595.5MB
 da9129f8f7ad Downloading [==============================>                    ]  15.73MB/25.62MB
 7aee18c98c59 Downloading [=>                                                 ]  15.73MB/595.5MB
 da9129f8f7ad Downloading [==============================>                    ]  15.73MB/25.62MB
 7aee18c98c59 Downloading [=>                                                 ]  15.73MB/595.5MB
 da9129f8f7ad Downloading [==============================>                    ]  15.73MB/25.62MB
 7aee18c98c59 Downloading [=>                                                 ]  15.73MB/595.5MB
 da9129f8f7ad Downloading [==============================>                    ]  15.73MB/25.62MB
 7aee18c98c59 Downloading [=>                                                 ]  15.73MB/595.5MB
 da9129f8f7ad Downloading [==============================>                    ]  15.73MB/25.62MB
 7aee18c98c59 Downloading [=>                                                 ]  15.73MB/595.5MB
 da9129f8f7ad Downloading [==============================>                    ]  15.73MB/25.62MB
 7aee18c98c59 Downloading [=>                                                 ]  15.73MB/595.5MB
 da9129f8f7ad Downloading [==============================>                    ]  15.73MB/25.62MB
 7aee18c98c59 Downloading [=>                                                 ]  15.73MB/595.5MB
 da9129f8f7ad Downloading [==============================>                    ]  15.73MB/25.62MB
 7aee18c98c59 Downloading [=>                                                 ]  15.73MB/595.5MB
 da9129f8f7ad Downloading [==============================>                    ]  15.73MB/25.62MB
 da9129f8f7ad Downloading [==============================>                    ]  15.73MB/25.62MB
 7aee18c98c59 Downloading [=>                                                 ]  15.73MB/595.5MB
 7aee18c98c59 Downloading [=>                                                 ]  15.73MB/595.5MB
 da9129f8f7ad Downloading [==============================>                    ]  15.73MB/25.62MB
 da9129f8f7ad Downloading [==============================>                    ]  15.73MB/25.62MB
 7aee18c98c59 Downloading [=>                                                 ]  15.73MB/595.5MB
 7aee18c98c59 Downloading [=>                                                 ]  15.73MB/595.5MB
 da9129f8f7ad Downloading [==============================>                    ]  15.73MB/25.62MB
 da9129f8f7ad Downloading [==============================>                    ]  15.73MB/25.62MB
 7aee18c98c59 Downloading [=>                                                 ]  15.73MB/595.5MB
 7aee18c98c59 Downloading [=>                                                 ]  15.73MB/595.5MB
 da9129f8f7ad Downloading [==============================>                    ]  15.73MB/25.62MB
 7aee18c98c59 Downloading [=>                                                 ]  15.73MB/595.5MB
 da9129f8f7ad Downloading [==============================>                    ]  15.73MB/25.62MB
 da9129f8f7ad Downloading [==============================>                    ]  15.73MB/25.62MB
 7aee18c98c59 Downloading [=>                                                 ]  15.73MB/595.5MB
 7aee18c98c59 Downloading [=>                                                 ]  15.73MB/595.5MB
 da9129f8f7ad Downloading [==============================>                    ]  15.73MB/25.62MB
 7aee18c98c59 Downloading [=>                                                 ]  15.73MB/595.5MB
 da9129f8f7ad Downloading [==============================>                    ]  15.73MB/25.62MB
 7aee18c98c59 Downloading [=>                                                 ]  15.73MB/595.5MB
 da9129f8f7ad Downloading [==============================>                    ]  15.73MB/25.62MB
 da9129f8f7ad Downloading [==============================>                    ]  15.73MB/25.62MB
 7aee18c98c59 Downloading [=>                                                 ]  15.73MB/595.5MB
 7aee18c98c59 Downloading [=>                                                 ]  15.73MB/595.5MB
 da9129f8f7ad Downloading [==============================>                    ]  15.73MB/25.62MB
 da9129f8f7ad Downloading [==============================>                    ]  15.73MB/25.62MB
 7aee18c98c59 Downloading [=>                                                 ]  16.78MB/595.5MB
 7aee18c98c59 Downloading [=>                                                 ]  16.78MB/595.5MB
 da9129f8f7ad Downloading [==============================>                    ]  15.73MB/25.62MB
 7aee18c98c59 Downloading [=>                                                 ]  16.78MB/595.5MB
 da9129f8f7ad Downloading [==============================>                    ]  15.73MB/25.62MB
 7aee18c98c59 Downloading [=>                                                 ]  16.78MB/595.5MB
 da9129f8f7ad Downloading [==============================>                    ]  15.73MB/25.62MB
 7aee18c98c59 Downloading [=>                                                 ]  16.78MB/595.5MB
 da9129f8f7ad Downloading [==============================>                    ]  15.73MB/25.62MB
 7aee18c98c59 Downloading [=>                                                 ]  16.78MB/595.5MB
 da9129f8f7ad Downloading [==============================>                    ]  15.73MB/25.62MB
 7aee18c98c59 Downloading [=>                                                 ]  16.78MB/595.5MB
 da9129f8f7ad Downloading [==============================>                    ]  15.73MB/25.62MB
 7aee18c98c59 Downloading [=>                                                 ]  16.78MB/595.5MB
 da9129f8f7ad Downloading [==============================>                    ]  15.73MB/25.62MB
 7aee18c98c59 Downloading [=>                                                 ]  16.78MB/595.5MB
 da9129f8f7ad Downloading [==============================>                    ]  15.73MB/25.62MB
 7aee18c98c59 Downloading [=>                                                 ]  16.78MB/595.5MB
 da9129f8f7ad Downloading [==============================>                    ]  15.73MB/25.62MB
 7aee18c98c59 Downloading [=>                                                 ]  16.78MB/595.5MB
 da9129f8f7ad Downloading [==============================>                    ]  15.73MB/25.62MB
 7aee18c98c59 Downloading [=>                                                 ]  16.78MB/595.5MB
 da9129f8f7ad Downloading [==============================>                    ]  15.73MB/25.62MB
 7aee18c98c59 Downloading [=>                                                 ]  16.78MB/595.5MB
 da9129f8f7ad Downloading [==============================>                    ]  15.73MB/25.62MB
 da9129f8f7ad Downloading [==============================>                    ]  15.73MB/25.62MB
 7aee18c98c59 Downloading [=>                                                 ]  16.78MB/595.5MB
 7aee18c98c59 Downloading [=>                                                 ]  16.78MB/595.5MB
 da9129f8f7ad Downloading [==============================>                    ]  15.73MB/25.62MB
 7aee18c98c59 Downloading [=>                                                 ]  16.78MB/595.5MB
 da9129f8f7ad Downloading [==============================>                    ]  15.73MB/25.62MB
 da9129f8f7ad Downloading [==============================>                    ]  15.73MB/25.62MB
 7aee18c98c59 Downloading [=>                                                 ]  16.78MB/595.5MB
 7aee18c98c59 Downloading [=>                                                 ]  16.78MB/595.5MB
 da9129f8f7ad Downloading [==============================>                    ]  15.73MB/25.62MB
 da9129f8f7ad Downloading [==============================>                    ]  15.73MB/25.62MB
 7aee18c98c59 Downloading [=>                                                 ]  16.78MB/595.5MB
 da9129f8f7ad Downloading [==============================>                    ]  15.73MB/25.62MB
 7aee18c98c59 Downloading [=>                                                 ]  16.78MB/595.5MB
 7aee18c98c59 Downloading [=>                                                 ]  17.83MB/595.5MB
 da9129f8f7ad Downloading [==============================>                    ]  15.73MB/25.62MB
 7aee18c98c59 Downloading [=>                                                 ]  17.83MB/595.5MB
 da9129f8f7ad Downloading [==============================>                    ]  15.73MB/25.62MB
 7aee18c98c59 Downloading [=>                                                 ]  17.83MB/595.5MB
 da9129f8f7ad Downloading [================================>                  ]  16.78MB/25.62MB
 7aee18c98c59 Downloading [=>                                                 ]  17.83MB/595.5MB
 da9129f8f7ad Downloading [================================>                  ]  16.78MB/25.62MB
 7aee18c98c59 Downloading [=>                                                 ]  17.83MB/595.5MB
 da9129f8f7ad Downloading [================================>                  ]  16.78MB/25.62MB
 7aee18c98c59 Downloading [=>                                                 ]  17.83MB/595.5MB
 da9129f8f7ad Downloading [================================>                  ]  16.78MB/25.62MB
 da9129f8f7ad Downloading [================================>                  ]  16.78MB/25.62MB
 7aee18c98c59 Downloading [=>                                                 ]  17.83MB/595.5MB
 7aee18c98c59 Downloading [=>                                                 ]  17.83MB/595.5MB
 da9129f8f7ad Downloading [================================>                  ]  16.78MB/25.62MB
 7aee18c98c59 Downloading [=>                                                 ]  17.83MB/595.5MB
 da9129f8f7ad Downloading [================================>                  ]  16.78MB/25.62MB
 7aee18c98c59 Downloading [=>                                                 ]  17.83MB/595.5MB
 da9129f8f7ad Downloading [================================>                  ]  16.78MB/25.62MB
 7aee18c98c59 Downloading [=>                                                 ]  17.83MB/595.5MB
 da9129f8f7ad Downloading [================================>                  ]  16.78MB/25.62MB
 7aee18c98c59 Downloading [=>                                                 ]  17.83MB/595.5MB
 da9129f8f7ad Downloading [================================>                  ]  16.78MB/25.62MB
 7aee18c98c59 Downloading [=>                                                 ]  17.83MB/595.5MB
 da9129f8f7ad Downloading [================================>                  ]  16.78MB/25.62MB
 7aee18c98c59 Downloading [=>                                                 ]  17.83MB/595.5MB
 da9129f8f7ad Downloading [================================>                  ]  16.78MB/25.62MB
 7aee18c98c59 Downloading [=>                                                 ]  17.83MB/595.5MB
 da9129f8f7ad Downloading [================================>                  ]  16.78MB/25.62MB
 7aee18c98c59 Downloading [=>                                                 ]  17.83MB/595.5MB
 da9129f8f7ad Downloading [================================>                  ]  16.78MB/25.62MB
 7aee18c98c59 Downloading [=>                                                 ]  17.83MB/595.5MB
 da9129f8f7ad Downloading [================================>                  ]  16.78MB/25.62MB
 7aee18c98c59 Downloading [=>                                                 ]  17.83MB/595.5MB
 da9129f8f7ad Downloading [================================>                  ]  16.78MB/25.62MB
 da9129f8f7ad Downloading [================================>                  ]  16.78MB/25.62MB
 7aee18c98c59 Downloading [=>                                                 ]  17.83MB/595.5MB
 7aee18c98c59 Downloading [=>                                                 ]  17.83MB/595.5MB
 da9129f8f7ad Downloading [================================>                  ]  16.78MB/25.62MB
 7aee18c98c59 Downloading [=>                                                 ]  17.83MB/595.5MB
 da9129f8f7ad Downloading [================================>                  ]  16.78MB/25.62MB
 da9129f8f7ad Downloading [================================>                  ]  16.78MB/25.62MB
 7aee18c98c59 Downloading [=>                                                 ]  17.83MB/595.5MB
 7aee18c98c59 Downloading [=>                                                 ]  17.83MB/595.5MB
 da9129f8f7ad Downloading [================================>                  ]  16.78MB/25.62MB
 7aee18c98c59 Downloading [=>                                                 ]  17.83MB/595.5MB
 da9129f8f7ad Downloading [================================>                  ]  16.78MB/25.62MB
 7aee18c98c59 Downloading [=>                                                 ]  18.87MB/595.5MB
 da9129f8f7ad Downloading [================================>                  ]  16.78MB/25.62MB
 7aee18c98c59 Downloading [=>                                                 ]  18.87MB/595.5MB
 da9129f8f7ad Downloading [================================>                  ]  16.78MB/25.62MB
 da9129f8f7ad Downloading [================================>                  ]  16.78MB/25.62MB
 7aee18c98c59 Downloading [=>                                                 ]  18.87MB/595.5MB
 7aee18c98c59 Downloading [=>                                                 ]  18.87MB/595.5MB
 da9129f8f7ad Downloading [================================>                  ]  16.78MB/25.62MB
 da9129f8f7ad Downloading [================================>                  ]  16.78MB/25.62MB
 7aee18c98c59 Downloading [=>                                                 ]  18.87MB/595.5MB
 7aee18c98c59 Downloading [=>                                                 ]  18.87MB/595.5MB
 da9129f8f7ad Downloading [==================================>                ]  17.83MB/25.62MB
 7aee18c98c59 Downloading [=>                                                 ]  18.87MB/595.5MB
 da9129f8f7ad Downloading [==================================>                ]  17.83MB/25.62MB
 7aee18c98c59 Downloading [=>                                                 ]  18.87MB/595.5MB
 da9129f8f7ad Downloading [==================================>                ]  17.83MB/25.62MB
 da9129f8f7ad Downloading [==================================>                ]  17.83MB/25.62MB
 7aee18c98c59 Downloading [=>                                                 ]  18.87MB/595.5MB
 7aee18c98c59 Downloading [=>                                                 ]  18.87MB/595.5MB
 da9129f8f7ad Downloading [==================================>                ]  17.83MB/25.62MB
 da9129f8f7ad Downloading [==================================>                ]  17.83MB/25.62MB
 7aee18c98c59 Downloading [=>                                                 ]  18.87MB/595.5MB
 7aee18c98c59 Downloading [=>                                                 ]  18.87MB/595.5MB
 da9129f8f7ad Downloading [==================================>                ]  17.83MB/25.62MB
 7aee18c98c59 Downloading [=>                                                 ]  18.87MB/595.5MB
 da9129f8f7ad Downloading [==================================>                ]  17.83MB/25.62MB
 7aee18c98c59 Downloading [=>                                                 ]  18.87MB/595.5MB
 da9129f8f7ad Downloading [==================================>                ]  17.83MB/25.62MB
 7aee18c98c59 Downloading [=>                                                 ]  18.87MB/595.5MB
 da9129f8f7ad Downloading [==================================>                ]  17.83MB/25.62MB
 7aee18c98c59 Downloading [=>                                                 ]  18.87MB/595.5MB
 da9129f8f7ad Downloading [==================================>                ]  17.83MB/25.62MB
 7aee18c98c59 Downloading [=>                                                 ]  18.87MB/595.5MB
 da9129f8f7ad Downloading [==================================>                ]  17.83MB/25.62MB
 7aee18c98c59 Downloading [=>                                                 ]  18.87MB/595.5MB
 da9129f8f7ad Downloading [==================================>                ]  17.83MB/25.62MB
 da9129f8f7ad Downloading [==================================>                ]  17.83MB/25.62MB
 7aee18c98c59 Downloading [=>                                                 ]  18.87MB/595.5MB
 7aee18c98c59 Downloading [=>                                                 ]  18.87MB/595.5MB
 da9129f8f7ad Downloading [==================================>                ]  17.83MB/25.62MB
 da9129f8f7ad Downloading [==================================>                ]  17.83MB/25.62MB
 7aee18c98c59 Downloading [=>                                                 ]  18.87MB/595.5MB
 7aee18c98c59 Downloading [=>                                                 ]  19.92MB/595.5MB
 da9129f8f7ad Downloading [==================================>                ]  17.83MB/25.62MB
 7aee18c98c59 Downloading [=>                                                 ]  19.92MB/595.5MB
 da9129f8f7ad Downloading [==================================>                ]  17.83MB/25.62MB
 da9129f8f7ad Downloading [==================================>                ]  17.83MB/25.62MB
 7aee18c98c59 Downloading [=>                                                 ]  19.92MB/595.5MB
 7aee18c98c59 Downloading [=>                                                 ]  19.92MB/595.5MB
 da9129f8f7ad Downloading [==================================>                ]  17.83MB/25.62MB
 7aee18c98c59 Downloading [=>                                                 ]  19.92MB/595.5MB
 da9129f8f7ad Downloading [==================================>                ]  17.83MB/25.62MB
 7aee18c98c59 Downloading [=>                                                 ]  19.92MB/595.5MB
 da9129f8f7ad Downloading [==================================>                ]  17.83MB/25.62MB
 7aee18c98c59 Downloading [=>                                                 ]  19.92MB/595.5MB
 da9129f8f7ad Downloading [==================================>                ]  17.83MB/25.62MB
 7aee18c98c59 Downloading [=>                                                 ]  19.92MB/595.5MB
 da9129f8f7ad Downloading [==================================>                ]  17.83MB/25.62MB
 7aee18c98c59 Downloading [=>                                                 ]  19.92MB/595.5MB
 da9129f8f7ad Downloading [====================================>              ]  18.87MB/25.62MB
 7aee18c98c59 Downloading [=>                                                 ]  19.92MB/595.5MB
 da9129f8f7ad Downloading [====================================>              ]  18.87MB/25.62MB
 7aee18c98c59 Downloading [=>                                                 ]  19.92MB/595.5MB
 da9129f8f7ad Downloading [====================================>              ]  18.87MB/25.62MB
 7aee18c98c59 Downloading [=>                                                 ]  19.92MB/595.5MB
 da9129f8f7ad Downloading [====================================>              ]  18.87MB/25.62MB
 7aee18c98c59 Downloading [=>                                                 ]  19.92MB/595.5MB
 da9129f8f7ad Downloading [====================================>              ]  18.87MB/25.62MB
 7aee18c98c59 Downloading [=>                                                 ]  19.92MB/595.5MB
 da9129f8f7ad Downloading [====================================>              ]  18.87MB/25.62MB
 7aee18c98c59 Downloading [=>                                                 ]  19.92MB/595.5MB
 da9129f8f7ad Downloading [====================================>              ]  18.87MB/25.62MB
 7aee18c98c59 Downloading [=>                                                 ]  19.92MB/595.5MB
 da9129f8f7ad Downloading [====================================>              ]  18.87MB/25.62MB
 da9129f8f7ad Downloading [====================================>              ]  18.87MB/25.62MB
 7aee18c98c59 Downloading [=>                                                 ]  20.97MB/595.5MB
 7aee18c98c59 Downloading [=>                                                 ]  20.97MB/595.5MB
 da9129f8f7ad Downloading [====================================>              ]  18.87MB/25.62MB
 7aee18c98c59 Downloading [=>                                                 ]  20.97MB/595.5MB
 da9129f8f7ad Downloading [====================================>              ]  18.87MB/25.62MB
 7aee18c98c59 Downloading [=>                                                 ]  20.97MB/595.5MB
 da9129f8f7ad Downloading [====================================>              ]  18.87MB/25.62MB
 7aee18c98c59 Downloading [=>                                                 ]  20.97MB/595.5MB
 da9129f8f7ad Downloading [====================================>              ]  18.87MB/25.62MB
 7aee18c98c59 Downloading [=>                                                 ]  20.97MB/595.5MB
 da9129f8f7ad Downloading [====================================>              ]  18.87MB/25.62MB
 7aee18c98c59 Downloading [=>                                                 ]  20.97MB/595.5MB
 da9129f8f7ad Downloading [====================================>              ]  18.87MB/25.62MB
 da9129f8f7ad Downloading [====================================>              ]  18.87MB/25.62MB
 7aee18c98c59 Downloading [=>                                                 ]  20.97MB/595.5MB
 7aee18c98c59 Downloading [=>                                                 ]  20.97MB/595.5MB
 da9129f8f7ad Downloading [====================================>              ]  18.87MB/25.62MB
 7aee18c98c59 Downloading [=>                                                 ]  20.97MB/595.5MB
 da9129f8f7ad Downloading [====================================>              ]  18.87MB/25.62MB
 7aee18c98c59 Downloading [=>                                                 ]  20.97MB/595.5MB
 da9129f8f7ad Downloading [====================================>              ]  18.87MB/25.62MB
 7aee18c98c59 Downloading [=>                                                 ]  20.97MB/595.5MB
 da9129f8f7ad Downloading [====================================>              ]  18.87MB/25.62MB
 7aee18c98c59 Downloading [=>                                                 ]  20.97MB/595.5MB
 da9129f8f7ad Downloading [====================================>              ]  18.87MB/25.62MB
 7aee18c98c59 Downloading [=>                                                 ]  20.97MB/595.5MB
 da9129f8f7ad Downloading [====================================>              ]  18.87MB/25.62MB
 7aee18c98c59 Downloading [=>                                                 ]  20.97MB/595.5MB
 da9129f8f7ad Downloading [====================================>              ]  18.87MB/25.62MB
 7aee18c98c59 Downloading [=>                                                 ]  20.97MB/595.5MB
 da9129f8f7ad Downloading [====================================>              ]  18.87MB/25.62MB
 7aee18c98c59 Downloading [=>                                                 ]  20.97MB/595.5MB
 da9129f8f7ad Downloading [====================================>              ]  18.87MB/25.62MB
 7aee18c98c59 Downloading [=>                                                 ]  22.02MB/595.5MB
 da9129f8f7ad Downloading [====================================>              ]  18.87MB/25.62MB
 7aee18c98c59 Downloading [=>                                                 ]  22.02MB/595.5MB
 da9129f8f7ad Downloading [====================================>              ]  18.87MB/25.62MB
 7aee18c98c59 Downloading [=>                                                 ]  22.02MB/595.5MB
 da9129f8f7ad Downloading [====================================>              ]  18.87MB/25.62MB
 7aee18c98c59 Downloading [=>                                                 ]  22.02MB/595.5MB
 da9129f8f7ad Downloading [====================================>              ]  18.87MB/25.62MB
 7aee18c98c59 Downloading [=>                                                 ]  22.02MB/595.5MB
 da9129f8f7ad Downloading [====================================>              ]  18.87MB/25.62MB
 7aee18c98c59 Downloading [=>                                                 ]  22.02MB/595.5MB
 da9129f8f7ad Downloading [====================================>              ]  18.87MB/25.62MB
 7aee18c98c59 Downloading [=>                                                 ]  22.02MB/595.5MB
 da9129f8f7ad Downloading [======================================>            ]  19.92MB/25.62MB
 7aee18c98c59 Downloading [=>                                                 ]  22.02MB/595.5MB
 da9129f8f7ad Downloading [======================================>            ]  19.92MB/25.62MB
 7aee18c98c59 Downloading [=>                                                 ]  22.02MB/595.5MB
 da9129f8f7ad Downloading [======================================>            ]  19.92MB/25.62MB
 7aee18c98c59 Downloading [=>                                                 ]  22.02MB/595.5MB
 da9129f8f7ad Downloading [======================================>            ]  19.92MB/25.62MB
 7aee18c98c59 Downloading [=>                                                 ]  22.02MB/595.5MB
 da9129f8f7ad Downloading [======================================>            ]  19.92MB/25.62MB
 7aee18c98c59 Downloading [=>                                                 ]  22.02MB/595.5MB
 da9129f8f7ad Downloading [======================================>            ]  19.92MB/25.62MB
 7aee18c98c59 Downloading [=>                                                 ]  22.02MB/595.5MB
 da9129f8f7ad Downloading [======================================>            ]  19.92MB/25.62MB
 7aee18c98c59 Downloading [=>                                                 ]  22.02MB/595.5MB
 da9129f8f7ad Downloading [======================================>            ]  19.92MB/25.62MB
 7aee18c98c59 Downloading [=>                                                 ]  22.02MB/595.5MB
 da9129f8f7ad Downloading [======================================>            ]  19.92MB/25.62MB
 7aee18c98c59 Downloading [=>                                                 ]  22.02MB/595.5MB
 da9129f8f7ad Downloading [======================================>            ]  19.92MB/25.62MB
 7aee18c98c59 Downloading [=>                                                 ]  22.02MB/595.5MB
 da9129f8f7ad Downloading [======================================>            ]  19.92MB/25.62MB
 7aee18c98c59 Downloading [=>                                                 ]  22.02MB/595.5MB
 da9129f8f7ad Downloading [======================================>            ]  19.92MB/25.62MB
 7aee18c98c59 Downloading [=>                                                 ]  22.02MB/595.5MB
 da9129f8f7ad Downloading [======================================>            ]  19.92MB/25.62MB
 7aee18c98c59 Downloading [=>                                                 ]  22.02MB/595.5MB
 da9129f8f7ad Downloading [======================================>            ]  19.92MB/25.62MB
 7aee18c98c59 Downloading [=>                                                 ]  22.02MB/595.5MB
 da9129f8f7ad Downloading [======================================>            ]  19.92MB/25.62MB
 7aee18c98c59 Downloading [=>                                                 ]  22.02MB/595.5MB
 da9129f8f7ad Downloading [======================================>            ]  19.92MB/25.62MB
 7aee18c98c59 Downloading [=>                                                 ]  23.07MB/595.5MB
 da9129f8f7ad Downloading [======================================>            ]  19.92MB/25.62MB
 7aee18c98c59 Downloading [=>                                                 ]  23.07MB/595.5MB
 da9129f8f7ad Downloading [======================================>            ]  19.92MB/25.62MB
 7aee18c98c59 Downloading [=>                                                 ]  23.07MB/595.5MB
 da9129f8f7ad Downloading [======================================>            ]  19.92MB/25.62MB
 7aee18c98c59 Downloading [=>                                                 ]  23.07MB/595.5MB
 da9129f8f7ad Downloading [======================================>            ]  19.92MB/25.62MB
 7aee18c98c59 Downloading [=>                                                 ]  23.07MB/595.5MB
 da9129f8f7ad Downloading [======================================>            ]  19.92MB/25.62MB
 7aee18c98c59 Downloading [=>                                                 ]  23.07MB/595.5MB
 da9129f8f7ad Downloading [======================================>            ]  19.92MB/25.62MB
 7aee18c98c59 Downloading [=>                                                 ]  23.07MB/595.5MB
 da9129f8f7ad Downloading [======================================>            ]  19.92MB/25.62MB
 7aee18c98c59 Downloading [=>                                                 ]  23.07MB/595.5MB
 da9129f8f7ad Downloading [======================================>            ]  19.92MB/25.62MB
 7aee18c98c59 Downloading [=>                                                 ]  23.07MB/595.5MB
 da9129f8f7ad Downloading [======================================>            ]  19.92MB/25.62MB
 da9129f8f7ad Downloading [======================================>            ]  19.92MB/25.62MB
 7aee18c98c59 Downloading [=>                                                 ]  23.07MB/595.5MB
 7aee18c98c59 Downloading [=>                                                 ]  23.07MB/595.5MB
 da9129f8f7ad Downloading [======================================>            ]  19.92MB/25.62MB
 7aee18c98c59 Downloading [=>                                                 ]  23.07MB/595.5MB
 da9129f8f7ad Downloading [======================================>            ]  19.92MB/25.62MB
 7aee18c98c59 Downloading [=>                                                 ]  23.07MB/595.5MB
 da9129f8f7ad Downloading [======================================>            ]  19.92MB/25.62MB
 7aee18c98c59 Downloading [=>                                                 ]  23.07MB/595.5MB
 da9129f8f7ad Downloading [======================================>            ]  19.92MB/25.62MB
 7aee18c98c59 Downloading [=>                                                 ]  23.07MB/595.5MB
 da9129f8f7ad Downloading [========================================>          ]  20.97MB/25.62MB
 7aee18c98c59 Downloading [=>                                                 ]  23.07MB/595.5MB
 da9129f8f7ad Downloading [========================================>          ]  20.97MB/25.62MB
 7aee18c98c59 Downloading [=>                                                 ]  23.07MB/595.5MB
 da9129f8f7ad Downloading [========================================>          ]  20.97MB/25.62MB
 7aee18c98c59 Downloading [=>                                                 ]  23.07MB/595.5MB
 da9129f8f7ad Downloading [========================================>          ]  20.97MB/25.62MB
 7aee18c98c59 Downloading [=>                                                 ]  23.07MB/595.5MB
 da9129f8f7ad Downloading [========================================>          ]  20.97MB/25.62MB
 7aee18c98c59 Downloading [=>                                                 ]  23.07MB/595.5MB
 da9129f8f7ad Downloading [========================================>          ]  20.97MB/25.62MB
 7aee18c98c59 Downloading [=>                                                 ]  23.07MB/595.5MB
 da9129f8f7ad Downloading [========================================>          ]  20.97MB/25.62MB
 7aee18c98c59 Downloading [=>                                                 ]  23.07MB/595.5MB
 da9129f8f7ad Downloading [========================================>          ]  20.97MB/25.62MB
 7aee18c98c59 Downloading [=>                                                 ]  23.07MB/595.5MB
 da9129f8f7ad Downloading [========================================>          ]  20.97MB/25.62MB
 7aee18c98c59 Downloading [=>                                                 ]  23.07MB/595.5MB
 da9129f8f7ad Downloading [========================================>          ]  20.97MB/25.62MB
 7aee18c98c59 Downloading [==>                                                ]  24.12MB/595.5MB
 da9129f8f7ad Downloading [========================================>          ]  20.97MB/25.62MB
 7aee18c98c59 Downloading [==>                                                ]  24.12MB/595.5MB
 da9129f8f7ad Downloading [========================================>          ]  20.97MB/25.62MB
 7aee18c98c59 Downloading [==>                                                ]  24.12MB/595.5MB
 da9129f8f7ad Downloading [========================================>          ]  20.97MB/25.62MB
 7aee18c98c59 Downloading [==>                                                ]  24.12MB/595.5MB
 da9129f8f7ad Downloading [========================================>          ]  20.97MB/25.62MB
 7aee18c98c59 Downloading [==>                                                ]  24.12MB/595.5MB
 da9129f8f7ad Downloading [========================================>          ]  20.97MB/25.62MB
 7aee18c98c59 Downloading [==>                                                ]  24.12MB/595.5MB
 da9129f8f7ad Downloading [========================================>          ]  20.97MB/25.62MB
 7aee18c98c59 Downloading [==>                                                ]  24.12MB/595.5MB
 da9129f8f7ad Downloading [========================================>          ]  20.97MB/25.62MB
 7aee18c98c59 Downloading [==>                                                ]  24.12MB/595.5MB
 da9129f8f7ad Downloading [========================================>          ]  20.97MB/25.62MB
 7aee18c98c59 Downloading [==>                                                ]  24.12MB/595.5MB
 da9129f8f7ad Downloading [========================================>          ]  20.97MB/25.62MB
 7aee18c98c59 Downloading [==>                                                ]  24.12MB/595.5MB
 da9129f8f7ad Downloading [========================================>          ]  20.97MB/25.62MB
 7aee18c98c59 Downloading [==>                                                ]  24.12MB/595.5MB
 da9129f8f7ad Downloading [========================================>          ]  20.97MB/25.62MB
 7aee18c98c59 Downloading [==>                                                ]  24.12MB/595.5MB
 da9129f8f7ad Downloading [========================================>          ]  20.97MB/25.62MB
 7aee18c98c59 Downloading [==>                                                ]  24.12MB/595.5MB
 da9129f8f7ad Downloading [========================================>          ]  20.97MB/25.62MB
 7aee18c98c59 Downloading [==>                                                ]  24.12MB/595.5MB
 da9129f8f7ad Downloading [========================================>          ]  20.97MB/25.62MB
 da9129f8f7ad Downloading [========================================>          ]  20.97MB/25.62MB
 7aee18c98c59 Downloading [==>                                                ]  24.12MB/595.5MB
 7aee18c98c59 Downloading [==>                                                ]  24.12MB/595.5MB
 da9129f8f7ad Downloading [========================================>          ]  20.97MB/25.62MB
 7aee18c98c59 Downloading [==>                                                ]  24.12MB/595.5MB
 da9129f8f7ad Downloading [========================================>          ]  20.97MB/25.62MB
 7aee18c98c59 Downloading [==>                                                ]  24.12MB/595.5MB
 da9129f8f7ad Downloading [========================================>          ]  20.97MB/25.62MB
 7aee18c98c59 Downloading [==>                                                ]  24.12MB/595.5MB
 da9129f8f7ad Downloading [========================================>          ]  20.97MB/25.62MB
 da9129f8f7ad Downloading [========================================>          ]  20.97MB/25.62MB
 7aee18c98c59 Downloading [==>                                                ]  24.12MB/595.5MB
 7aee18c98c59 Downloading [==>                                                ]  24.12MB/595.5MB
 da9129f8f7ad Downloading [========================================>          ]  20.97MB/25.62MB
 7aee18c98c59 Downloading [==>                                                ]  24.12MB/595.5MB
 da9129f8f7ad Downloading [========================================>          ]  20.97MB/25.62MB
 7aee18c98c59 Downloading [==>                                                ]  24.12MB/595.5MB
 da9129f8f7ad Downloading [========================================>          ]  20.97MB/25.62MB
 7aee18c98c59 Downloading [==>                                                ]  24.12MB/595.5MB
 da9129f8f7ad Downloading [========================================>          ]  20.97MB/25.62MB
 7aee18c98c59 Downloading [==>                                                ]  24.12MB/595.5MB
 da9129f8f7ad Downloading [========================================>          ]  20.97MB/25.62MB
 7aee18c98c59 Downloading [==>                                                ]  24.12MB/595.5MB
 da9129f8f7ad Downloading [========================================>          ]  20.97MB/25.62MB
 7aee18c98c59 Downloading [==>                                                ]  24.12MB/595.5MB
 da9129f8f7ad Downloading [========================================>          ]  20.97MB/25.62MB
 7aee18c98c59 Downloading [==>                                                ]  24.12MB/595.5MB
 da9129f8f7ad Downloading [========================================>          ]  20.97MB/25.62MB
 7aee18c98c59 Downloading [==>                                                ]  24.12MB/595.5MB
 da9129f8f7ad Downloading [========================================>          ]  20.97MB/25.62MB
 7aee18c98c59 Downloading [==>                                                ]  24.12MB/595.5MB
 da9129f8f7ad Downloading [========================================>          ]  20.97MB/25.62MB
 7aee18c98c59 Downloading [==>                                                ]  24.12MB/595.5MB
 da9129f8f7ad Downloading [========================================>          ]  20.97MB/25.62MB
 7aee18c98c59 Downloading [==>                                                ]  25.17MB/595.5MB
 da9129f8f7ad Downloading [==========================================>        ]  22.02MB/25.62MB
 7aee18c98c59 Downloading [==>                                                ]  25.17MB/595.5MB
 da9129f8f7ad Downloading [==========================================>        ]  22.02MB/25.62MB
 7aee18c98c59 Downloading [==>                                                ]  25.17MB/595.5MB
 da9129f8f7ad Downloading [==========================================>        ]  22.02MB/25.62MB
 7aee18c98c59 Downloading [==>                                                ]  25.17MB/595.5MB
 da9129f8f7ad Downloading [==========================================>        ]  22.02MB/25.62MB
 7aee18c98c59 Downloading [==>                                                ]  25.17MB/595.5MB
 da9129f8f7ad Downloading [==========================================>        ]  22.02MB/25.62MB
 7aee18c98c59 Downloading [==>                                                ]  25.17MB/595.5MB
 da9129f8f7ad Downloading [==========================================>        ]  22.02MB/25.62MB
 7aee18c98c59 Downloading [==>                                                ]  25.17MB/595.5MB
 da9129f8f7ad Downloading [==========================================>        ]  22.02MB/25.62MB
 7aee18c98c59 Downloading [==>                                                ]  25.17MB/595.5MB
 da9129f8f7ad Downloading [==========================================>        ]  22.02MB/25.62MB
 7aee18c98c59 Downloading [==>                                                ]  25.17MB/595.5MB
 da9129f8f7ad Downloading [==========================================>        ]  22.02MB/25.62MB
 7aee18c98c59 Downloading [==>                                                ]  25.17MB/595.5MB
 da9129f8f7ad Downloading [==========================================>        ]  22.02MB/25.62MB
 7aee18c98c59 Downloading [==>                                                ]  25.17MB/595.5MB
 da9129f8f7ad Downloading [==========================================>        ]  22.02MB/25.62MB
 7aee18c98c59 Downloading [==>                                                ]  25.17MB/595.5MB
 da9129f8f7ad Downloading [==========================================>        ]  22.02MB/25.62MB
 7aee18c98c59 Downloading [==>                                                ]  25.17MB/595.5MB
 da9129f8f7ad Downloading [==========================================>        ]  22.02MB/25.62MB
 7aee18c98c59 Downloading [==>                                                ]  25.17MB/595.5MB
 da9129f8f7ad Downloading [==========================================>        ]  22.02MB/25.62MB
 7aee18c98c59 Downloading [==>                                                ]  25.17MB/595.5MB
 da9129f8f7ad Downloading [==========================================>        ]  22.02MB/25.62MB
 7aee18c98c59 Downloading [==>                                                ]  25.17MB/595.5MB
 da9129f8f7ad Downloading [==========================================>        ]  22.02MB/25.62MB
 7aee18c98c59 Downloading [==>                                                ]  25.17MB/595.5MB
 da9129f8f7ad Downloading [==========================================>        ]  22.02MB/25.62MB
 7aee18c98c59 Downloading [==>                                                ]  25.17MB/595.5MB
 da9129f8f7ad Downloading [==========================================>        ]  22.02MB/25.62MB
 7aee18c98c59 Downloading [==>                                                ]  25.17MB/595.5MB
 da9129f8f7ad Downloading [==========================================>        ]  22.02MB/25.62MB
 7aee18c98c59 Downloading [==>                                                ]  25.17MB/595.5MB
 da9129f8f7ad Downloading [==========================================>        ]  22.02MB/25.62MB
 7aee18c98c59 Downloading [==>                                                ]  25.17MB/595.5MB
 da9129f8f7ad Downloading [==========================================>        ]  22.02MB/25.62MB
 7aee18c98c59 Downloading [==>                                                ]  26.21MB/595.5MB
 da9129f8f7ad Downloading [=============================================>     ]  23.07MB/25.62MB
 7aee18c98c59 Downloading [==>                                                ]  26.21MB/595.5MB
 da9129f8f7ad Downloading [=============================================>     ]  23.07MB/25.62MB
 7aee18c98c59 Downloading [==>                                                ]  26.21MB/595.5MB
 da9129f8f7ad Downloading [=============================================>     ]  23.07MB/25.62MB
 7aee18c98c59 Downloading [==>                                                ]  26.21MB/595.5MB
 da9129f8f7ad Downloading [=============================================>     ]  23.07MB/25.62MB
 7aee18c98c59 Downloading [==>                                                ]  26.21MB/595.5MB
 da9129f8f7ad Downloading [=============================================>     ]  23.07MB/25.62MB
 7aee18c98c59 Downloading [==>                                                ]  26.21MB/595.5MB
 da9129f8f7ad Downloading [=============================================>     ]  23.07MB/25.62MB
 7aee18c98c59 Downloading [==>                                                ]  26.21MB/595.5MB
 da9129f8f7ad Downloading [=============================================>     ]  23.07MB/25.62MB
 7aee18c98c59 Downloading [==>                                                ]  26.21MB/595.5MB
 da9129f8f7ad Downloading [=============================================>     ]  23.07MB/25.62MB
 da9129f8f7ad Downloading [=============================================>     ]  23.07MB/25.62MB
 7aee18c98c59 Downloading [==>                                                ]  26.21MB/595.5MB
 7aee18c98c59 Downloading [==>                                                ]  26.21MB/595.5MB
 da9129f8f7ad Downloading [=============================================>     ]  23.07MB/25.62MB
 7aee18c98c59 Downloading [==>                                                ]  26.21MB/595.5MB
 da9129f8f7ad Downloading [=============================================>     ]  23.07MB/25.62MB
 7aee18c98c59 Downloading [==>                                                ]  26.21MB/595.5MB
 da9129f8f7ad Downloading [=============================================>     ]  23.07MB/25.62MB
 7aee18c98c59 Downloading [==>                                                ]  26.21MB/595.5MB
 da9129f8f7ad Downloading [=============================================>     ]  23.07MB/25.62MB
 7aee18c98c59 Downloading [==>                                                ]  26.21MB/595.5MB
 da9129f8f7ad Downloading [=============================================>     ]  23.07MB/25.62MB
 da9129f8f7ad Downloading [=============================================>     ]  23.07MB/25.62MB
 7aee18c98c59 Downloading [==>                                                ]  26.21MB/595.5MB
 da9129f8f7ad Downloading [=============================================>     ]  23.07MB/25.62MB
 7aee18c98c59 Downloading [==>                                                ]  26.21MB/595.5MB
 7aee18c98c59 Downloading [==>                                                ]  26.21MB/595.5MB
 da9129f8f7ad Downloading [=============================================>     ]  23.07MB/25.62MB
 7aee18c98c59 Downloading [==>                                                ]  26.21MB/595.5MB
 da9129f8f7ad Downloading [=============================================>     ]  23.07MB/25.62MB
 7aee18c98c59 Downloading [==>                                                ]  26.21MB/595.5MB
 da9129f8f7ad Downloading [=============================================>     ]  23.07MB/25.62MB
 7aee18c98c59 Downloading [==>                                                ]  26.21MB/595.5MB
 da9129f8f7ad Downloading [=============================================>     ]  23.07MB/25.62MB
 7aee18c98c59 Downloading [==>                                                ]  27.26MB/595.5MB
 da9129f8f7ad Downloading [=============================================>     ]  23.07MB/25.62MB
 7aee18c98c59 Downloading [==>                                                ]  27.26MB/595.5MB
 da9129f8f7ad Downloading [=============================================>     ]  23.07MB/25.62MB
 7aee18c98c59 Downloading [==>                                                ]  27.26MB/595.5MB
 da9129f8f7ad Downloading [=============================================>     ]  23.07MB/25.62MB
 7aee18c98c59 Downloading [==>                                                ]  27.26MB/595.5MB
 da9129f8f7ad Downloading [=============================================>     ]  23.07MB/25.62MB
 7aee18c98c59 Downloading [==>                                                ]  27.26MB/595.5MB
 da9129f8f7ad Downloading [=============================================>     ]  23.07MB/25.62MB
 7aee18c98c59 Downloading [==>                                                ]  27.26MB/595.5MB
 da9129f8f7ad Downloading [=============================================>     ]  23.07MB/25.62MB
 da9129f8f7ad Downloading [=============================================>     ]  23.07MB/25.62MB
 7aee18c98c59 Downloading [==>                                                ]  27.26MB/595.5MB
 7aee18c98c59 Downloading [==>                                                ]  27.26MB/595.5MB
 da9129f8f7ad Downloading [===============================================>   ]  24.12MB/25.62MB
 7aee18c98c59 Downloading [==>                                                ]  27.26MB/595.5MB
 da9129f8f7ad Downloading [===============================================>   ]  24.12MB/25.62MB
 7aee18c98c59 Downloading [==>                                                ]  27.26MB/595.5MB
 da9129f8f7ad Downloading [===============================================>   ]  24.12MB/25.62MB
 7aee18c98c59 Downloading [==>                                                ]  27.26MB/595.5MB
 da9129f8f7ad Downloading [===============================================>   ]  24.12MB/25.62MB
 7aee18c98c59 Downloading [==>                                                ]  27.26MB/595.5MB
 da9129f8f7ad Downloading [===============================================>   ]  24.12MB/25.62MB
 7aee18c98c59 Downloading [==>                                                ]  27.26MB/595.5MB
 da9129f8f7ad Downloading [===============================================>   ]  24.12MB/25.62MB
 7aee18c98c59 Downloading [==>                                                ]  27.26MB/595.5MB
 da9129f8f7ad Downloading [===============================================>   ]  24.12MB/25.62MB
 7aee18c98c59 Downloading [==>                                                ]  27.26MB/595.5MB
 da9129f8f7ad Downloading [===============================================>   ]  24.12MB/25.62MB
 7aee18c98c59 Downloading [==>                                                ]  27.26MB/595.5MB
 da9129f8f7ad Downloading [===============================================>   ]  24.12MB/25.62MB
 7aee18c98c59 Downloading [==>                                                ]  27.26MB/595.5MB
 da9129f8f7ad Downloading [===============================================>   ]  24.12MB/25.62MB
 7aee18c98c59 Downloading [==>                                                ]  27.26MB/595.5MB
 da9129f8f7ad Downloading [===============================================>   ]  24.12MB/25.62MB
 da9129f8f7ad Downloading [===============================================>   ]  24.12MB/25.62MB
 7aee18c98c59 Downloading [==>                                                ]  27.26MB/595.5MB
 7aee18c98c59 Downloading [==>                                                ]  27.26MB/595.5MB
 da9129f8f7ad Downloading [===============================================>   ]  24.12MB/25.62MB
 7aee18c98c59 Downloading [==>                                                ]  27.26MB/595.5MB
 da9129f8f7ad Downloading [===============================================>   ]  24.12MB/25.62MB
 7aee18c98c59 Downloading [==>                                                ]  28.31MB/595.5MB
 da9129f8f7ad Downloading [===============================================>   ]  24.12MB/25.62MB
 7aee18c98c59 Downloading [==>                                                ]  28.31MB/595.5MB
 da9129f8f7ad Downloading [===============================================>   ]  24.12MB/25.62MB
 7aee18c98c59 Downloading [==>                                                ]  28.31MB/595.5MB
 da9129f8f7ad Downloading [===============================================>   ]  24.12MB/25.62MB
 7aee18c98c59 Downloading [==>                                                ]  28.31MB/595.5MB
 da9129f8f7ad Downloading [===============================================>   ]  24.12MB/25.62MB
 7aee18c98c59 Downloading [==>                                                ]  28.31MB/595.5MB
 da9129f8f7ad Downloading [===============================================>   ]  24.12MB/25.62MB
 7aee18c98c59 Downloading [==>                                                ]  28.31MB/595.5MB
 da9129f8f7ad Downloading [===============================================>   ]  24.12MB/25.62MB
 7aee18c98c59 Downloading [==>                                                ]  28.31MB/595.5MB
 da9129f8f7ad Downloading [===============================================>   ]  24.12MB/25.62MB
 7aee18c98c59 Downloading [==>                                                ]  28.31MB/595.5MB
 da9129f8f7ad Downloading [===============================================>   ]  24.12MB/25.62MB
 7aee18c98c59 Downloading [==>                                                ]  28.31MB/595.5MB
 da9129f8f7ad Downloading [===============================================>   ]  24.12MB/25.62MB
 7aee18c98c59 Downloading [==>                                                ]  28.31MB/595.5MB
 da9129f8f7ad Downloading [===============================================>   ]  24.12MB/25.62MB
 7aee18c98c59 Downloading [==>                                                ]  28.31MB/595.5MB
 da9129f8f7ad Downloading [===============================================>   ]  24.12MB/25.62MB
 7aee18c98c59 Downloading [==>                                                ]  28.31MB/595.5MB
 da9129f8f7ad Downloading [===============================================>   ]  24.12MB/25.62MB
 7aee18c98c59 Downloading [==>                                                ]  28.31MB/595.5MB
 da9129f8f7ad Downloading [=================================================> ]  25.17MB/25.62MB
 7aee18c98c59 Downloading [==>                                                ]  28.31MB/595.5MB
 da9129f8f7ad Downloading [=================================================> ]  25.17MB/25.62MB
 7aee18c98c59 Downloading [==>                                                ]  28.31MB/595.5MB
 da9129f8f7ad Downloading [=================================================> ]  25.17MB/25.62MB
 7aee18c98c59 Downloading [==>                                                ]  28.31MB/595.5MB
 da9129f8f7ad Downloading [=================================================> ]  25.17MB/25.62MB
 7aee18c98c59 Downloading [==>                                                ]  28.31MB/595.5MB
 da9129f8f7ad Downloading [=================================================> ]  25.17MB/25.62MB
 7aee18c98c59 Downloading [==>                                                ]  28.31MB/595.5MB
 da9129f8f7ad Downloading [=================================================> ]  25.17MB/25.62MB
 7aee18c98c59 Downloading [==>                                                ]  28.31MB/595.5MB
 da9129f8f7ad Downloading [=================================================> ]  25.17MB/25.62MB
 7aee18c98c59 Downloading [==>                                                ]  29.36MB/595.5MB
 da9129f8f7ad Downloading [=================================================> ]  25.17MB/25.62MB
 7aee18c98c59 Downloading [==>                                                ]  29.36MB/595.5MB
 da9129f8f7ad Downloading [=================================================> ]  25.17MB/25.62MB
 7aee18c98c59 Downloading [==>                                                ]  29.36MB/595.5MB
 da9129f8f7ad Downloading [=================================================> ]  25.17MB/25.62MB
 7aee18c98c59 Downloading [==>                                                ]  29.36MB/595.5MB
 da9129f8f7ad Downloading [=================================================> ]  25.17MB/25.62MB
 7aee18c98c59 Downloading [==>                                                ]  29.36MB/595.5MB
 da9129f8f7ad Downloading [=================================================> ]  25.17MB/25.62MB
 7aee18c98c59 Downloading [==>                                                ]  29.36MB/595.5MB
 da9129f8f7ad Download complete 
 7aee18c98c59 Downloading [==>                                                ]  29.36MB/595.5MB
 7aee18c98c59 Downloading [==>                                                ]  29.36MB/595.5MB
 7aee18c98c59 Downloading [==>                                                ]  29.36MB/595.5MB
 7aee18c98c59 Downloading [==>                                                ]  29.36MB/595.5MB
 7aee18c98c59 Downloading [==>                                                ]  29.36MB/595.5MB
 7aee18c98c59 Downloading [==>                                                ]  29.36MB/595.5MB
 7aee18c98c59 Downloading [==>                                                ]  29.36MB/595.5MB
 7aee18c98c59 Downloading [==>                                                ]  29.36MB/595.5MB
 7aee18c98c59 Downloading [==>                                                ]  29.36MB/595.5MB
 7aee18c98c59 Downloading [==>                                                ]  29.36MB/595.5MB
 7aee18c98c59 Downloading [==>                                                ]  29.36MB/595.5MB
 7aee18c98c59 Downloading [==>                                                ]  30.41MB/595.5MB
 7aee18c98c59 Downloading [==>                                                ]  30.41MB/595.5MB
 7aee18c98c59 Downloading [==>                                                ]  30.41MB/595.5MB
 7aee18c98c59 Downloading [==>                                                ]  30.41MB/595.5MB
 7aee18c98c59 Downloading [==>                                                ]  30.41MB/595.5MB
 7aee18c98c59 Downloading [==>                                                ]  30.41MB/595.5MB
 7aee18c98c59 Downloading [==>                                                ]  30.41MB/595.5MB
 7aee18c98c59 Downloading [==>                                                ]  30.41MB/595.5MB
 7aee18c98c59 Downloading [==>                                                ]  30.41MB/595.5MB
 7aee18c98c59 Downloading [==>                                                ]  30.41MB/595.5MB
 7aee18c98c59 Downloading [==>                                                ]  30.41MB/595.5MB
 7aee18c98c59 Downloading [==>                                                ]  30.41MB/595.5MB
 7aee18c98c59 Downloading [==>                                                ]  30.41MB/595.5MB
 7aee18c98c59 Downloading [==>                                                ]  31.46MB/595.5MB
 7aee18c98c59 Downloading [==>                                                ]  31.46MB/595.5MB
 7aee18c98c59 Downloading [==>                                                ]  31.46MB/595.5MB
 7aee18c98c59 Downloading [==>                                                ]  31.46MB/595.5MB
 7aee18c98c59 Downloading [==>                                                ]  31.46MB/595.5MB
 7aee18c98c59 Downloading [==>                                                ]  31.46MB/595.5MB
 7aee18c98c59 Downloading [==>                                                ]  31.46MB/595.5MB
 7aee18c98c59 Downloading [==>                                                ]  31.46MB/595.5MB
 7aee18c98c59 Downloading [==>                                                ]  31.46MB/595.5MB
 7aee18c98c59 Downloading [==>                                                ]  31.46MB/595.5MB
 7aee18c98c59 Downloading [==>                                                ]  31.46MB/595.5MB
 7aee18c98c59 Downloading [==>                                                ]  31.46MB/595.5MB
 7aee18c98c59 Downloading [==>                                                ]  31.46MB/595.5MB
 7aee18c98c59 Downloading [==>                                                ]  32.51MB/595.5MB
 7aee18c98c59 Downloading [==>                                                ]  32.51MB/595.5MB
 7aee18c98c59 Downloading [==>                                                ]  32.51MB/595.5MB
 7aee18c98c59 Downloading [==>                                                ]  32.51MB/595.5MB
 7aee18c98c59 Downloading [==>                                                ]  32.51MB/595.5MB
 7aee18c98c59 Downloading [==>                                                ]  32.51MB/595.5MB
 7aee18c98c59 Downloading [==>                                                ]  32.51MB/595.5MB
 7aee18c98c59 Downloading [==>                                                ]  32.51MB/595.5MB
 7aee18c98c59 Downloading [==>                                                ]  32.51MB/595.5MB
 7aee18c98c59 Downloading [==>                                                ]  32.51MB/595.5MB
 7aee18c98c59 Downloading [==>                                                ]  32.51MB/595.5MB
 7aee18c98c59 Downloading [==>                                                ]  32.51MB/595.5MB
 7aee18c98c59 Downloading [==>                                                ]  33.55MB/595.5MB
 7aee18c98c59 Downloading [==>                                                ]  33.55MB/595.5MB
 7aee18c98c59 Downloading [==>                                                ]  33.55MB/595.5MB
 7aee18c98c59 Downloading [==>                                                ]  33.55MB/595.5MB
 7aee18c98c59 Downloading [==>                                                ]  33.55MB/595.5MB
 7aee18c98c59 Downloading [==>                                                ]  33.55MB/595.5MB
 7aee18c98c59 Downloading [==>                                                ]  33.55MB/595.5MB
 7aee18c98c59 Downloading [==>                                                ]  33.55MB/595.5MB
 7aee18c98c59 Downloading [==>                                                ]  33.55MB/595.5MB
 7aee18c98c59 Downloading [==>                                                ]  33.55MB/595.5MB
 7aee18c98c59 Downloading [==>                                                ]  33.55MB/595.5MB
 7aee18c98c59 Downloading [==>                                                ]  33.55MB/595.5MB
 7aee18c98c59 Downloading [==>                                                ]   34.6MB/595.5MB
 7aee18c98c59 Downloading [==>                                                ]   34.6MB/595.5MB
 7aee18c98c59 Downloading [==>                                                ]   34.6MB/595.5MB
 7aee18c98c59 Downloading [==>                                                ]   34.6MB/595.5MB
 7aee18c98c59 Downloading [==>                                                ]   34.6MB/595.5MB
 7aee18c98c59 Downloading [==>                                                ]   34.6MB/595.5MB
 7aee18c98c59 Downloading [==>                                                ]   34.6MB/595.5MB
 7aee18c98c59 Downloading [==>                                                ]   34.6MB/595.5MB
 7aee18c98c59 Downloading [==>                                                ]   34.6MB/595.5MB
 7aee18c98c59 Downloading [==>                                                ]   34.6MB/595.5MB
 7aee18c98c59 Downloading [==>                                                ]  35.65MB/595.5MB
 7aee18c98c59 Downloading [==>                                                ]  35.65MB/595.5MB
 7aee18c98c59 Downloading [==>                                                ]  35.65MB/595.5MB
 7aee18c98c59 Downloading [==>                                                ]  35.65MB/595.5MB
 7aee18c98c59 Downloading [==>                                                ]  35.65MB/595.5MB
 7aee18c98c59 Downloading [==>                                                ]  35.65MB/595.5MB
 7aee18c98c59 Downloading [==>                                                ]  35.65MB/595.5MB
 7aee18c98c59 Downloading [==>                                                ]  35.65MB/595.5MB
 7aee18c98c59 Downloading [==>                                                ]  35.65MB/595.5MB
 7aee18c98c59 Downloading [===>                                               ]   36.7MB/595.5MB
 7aee18c98c59 Downloading [===>                                               ]   36.7MB/595.5MB
 7aee18c98c59 Downloading [===>                                               ]   36.7MB/595.5MB
 7aee18c98c59 Downloading [===>                                               ]   36.7MB/595.5MB
 7aee18c98c59 Downloading [===>                                               ]   36.7MB/595.5MB
 7aee18c98c59 Downloading [===>                                               ]   36.7MB/595.5MB
 7aee18c98c59 Downloading [===>                                               ]   36.7MB/595.5MB
 7aee18c98c59 Downloading [===>                                               ]   36.7MB/595.5MB
 7aee18c98c59 Downloading [===>                                               ]   36.7MB/595.5MB
 7aee18c98c59 Downloading [===>                                               ]   36.7MB/595.5MB
 7aee18c98c59 Downloading [===>                                               ]   36.7MB/595.5MB
 7aee18c98c59 Downloading [===>                                               ]  37.75MB/595.5MB
 7aee18c98c59 Downloading [===>                                               ]  37.75MB/595.5MB
 7aee18c98c59 Downloading [===>                                               ]  37.75MB/595.5MB
 7aee18c98c59 Downloading [===>                                               ]  37.75MB/595.5MB
 7aee18c98c59 Downloading [===>                                               ]  37.75MB/595.5MB
 7aee18c98c59 Downloading [===>                                               ]  37.75MB/595.5MB
 7aee18c98c59 Downloading [===>                                               ]  37.75MB/595.5MB
 7aee18c98c59 Downloading [===>                                               ]  37.75MB/595.5MB
 7aee18c98c59 Downloading [===>                                               ]  37.75MB/595.5MB
 7aee18c98c59 Downloading [===>                                               ]  37.75MB/595.5MB
 7aee18c98c59 Downloading [===>                                               ]  37.75MB/595.5MB
 7aee18c98c59 Downloading [===>                                               ]  37.75MB/595.5MB
 7aee18c98c59 Downloading [===>                                               ]  37.75MB/595.5MB
 7aee18c98c59 Downloading [===>                                               ]   38.8MB/595.5MB
 7aee18c98c59 Downloading [===>                                               ]   38.8MB/595.5MB
 7aee18c98c59 Downloading [===>                                               ]   38.8MB/595.5MB
 7aee18c98c59 Downloading [===>                                               ]   38.8MB/595.5MB
 7aee18c98c59 Downloading [===>                                               ]   38.8MB/595.5MB
 7aee18c98c59 Downloading [===>                                               ]   38.8MB/595.5MB
 7aee18c98c59 Downloading [===>                                               ]   38.8MB/595.5MB
 7aee18c98c59 Downloading [===>                                               ]   38.8MB/595.5MB
 7aee18c98c59 Downloading [===>                                               ]   38.8MB/595.5MB
 7aee18c98c59 Downloading [===>                                               ]   38.8MB/595.5MB
 7aee18c98c59 Downloading [===>                                               ]   38.8MB/595.5MB
 7aee18c98c59 Downloading [===>                                               ]   38.8MB/595.5MB
 7aee18c98c59 Downloading [===>                                               ]   38.8MB/595.5MB
 7aee18c98c59 Downloading [===>                                               ]   38.8MB/595.5MB
 7aee18c98c59 Downloading [===>                                               ]   38.8MB/595.5MB
 7aee18c98c59 Downloading [===>                                               ]   38.8MB/595.5MB
 7aee18c98c59 Downloading [===>                                               ]   38.8MB/595.5MB
 7aee18c98c59 Downloading [===>                                               ]   38.8MB/595.5MB
 7aee18c98c59 Downloading [===>                                               ]   38.8MB/595.5MB
 7aee18c98c59 Downloading [===>                                               ]   38.8MB/595.5MB
 7aee18c98c59 Downloading [===>                                               ]   38.8MB/595.5MB
 7aee18c98c59 Downloading [===>                                               ]  39.85MB/595.5MB
 7aee18c98c59 Downloading [===>                                               ]  39.85MB/595.5MB
 7aee18c98c59 Downloading [===>                                               ]  39.85MB/595.5MB
 7aee18c98c59 Downloading [===>                                               ]  39.85MB/595.5MB
 7aee18c98c59 Downloading [===>                                               ]  39.85MB/595.5MB
 7aee18c98c59 Downloading [===>                                               ]  39.85MB/595.5MB
 7aee18c98c59 Downloading [===>                                               ]  39.85MB/595.5MB
 7aee18c98c59 Downloading [===>                                               ]  39.85MB/595.5MB
 7aee18c98c59 Downloading [===>                                               ]  39.85MB/595.5MB
 7aee18c98c59 Downloading [===>                                               ]  39.85MB/595.5MB
 7aee18c98c59 Downloading [===>                                               ]  39.85MB/595.5MB
 7aee18c98c59 Downloading [===>                                               ]  39.85MB/595.5MB
 7aee18c98c59 Downloading [===>                                               ]  39.85MB/595.5MB
 7aee18c98c59 Downloading [===>                                               ]  39.85MB/595.5MB
 7aee18c98c59 Downloading [===>                                               ]  39.85MB/595.5MB
 7aee18c98c59 Downloading [===>                                               ]  39.85MB/595.5MB
 7aee18c98c59 Downloading [===>                                               ]  39.85MB/595.5MB
 7aee18c98c59 Downloading [===>                                               ]  40.89MB/595.5MB
 7aee18c98c59 Downloading [===>                                               ]  40.89MB/595.5MB
 7aee18c98c59 Downloading [===>                                               ]  40.89MB/595.5MB
 7aee18c98c59 Downloading [===>                                               ]  40.89MB/595.5MB
 7aee18c98c59 Downloading [===>                                               ]  40.89MB/595.5MB
 7aee18c98c59 Downloading [===>                                               ]  40.89MB/595.5MB
 7aee18c98c59 Downloading [===>                                               ]  40.89MB/595.5MB
 7aee18c98c59 Downloading [===>                                               ]  40.89MB/595.5MB
 7aee18c98c59 Downloading [===>                                               ]  40.89MB/595.5MB
 7aee18c98c59 Downloading [===>                                               ]  40.89MB/595.5MB
 7aee18c98c59 Downloading [===>                                               ]  40.89MB/595.5MB
 7aee18c98c59 Downloading [===>                                               ]  40.89MB/595.5MB
 7aee18c98c59 Downloading [===>                                               ]  40.89MB/595.5MB
 7aee18c98c59 Downloading [===>                                               ]  40.89MB/595.5MB
 7aee18c98c59 Downloading [===>                                               ]  40.89MB/595.5MB
 7aee18c98c59 Downloading [===>                                               ]  40.89MB/595.5MB
 7aee18c98c59 Downloading [===>                                               ]  40.89MB/595.5MB
 7aee18c98c59 Downloading [===>                                               ]  40.89MB/595.5MB
 7aee18c98c59 Downloading [===>                                               ]  40.89MB/595.5MB
 7aee18c98c59 Downloading [===>                                               ]  40.89MB/595.5MB
 7aee18c98c59 Downloading [===>                                               ]  40.89MB/595.5MB
 7aee18c98c59 Downloading [===>                                               ]  40.89MB/595.5MB
 7aee18c98c59 Downloading [===>                                               ]  41.94MB/595.5MB
 7aee18c98c59 Downloading [===>                                               ]  41.94MB/595.5MB
 7aee18c98c59 Downloading [===>                                               ]  41.94MB/595.5MB
 7aee18c98c59 Downloading [===>                                               ]  41.94MB/595.5MB
 7aee18c98c59 Downloading [===>                                               ]  41.94MB/595.5MB
 7aee18c98c59 Downloading [===>                                               ]  41.94MB/595.5MB
 7aee18c98c59 Downloading [===>                                               ]  41.94MB/595.5MB
 7aee18c98c59 Downloading [===>                                               ]  41.94MB/595.5MB
 7aee18c98c59 Downloading [===>                                               ]  41.94MB/595.5MB
 7aee18c98c59 Downloading [===>                                               ]  41.94MB/595.5MB
 7aee18c98c59 Downloading [===>                                               ]  41.94MB/595.5MB
 7aee18c98c59 Downloading [===>                                               ]  41.94MB/595.5MB
 7aee18c98c59 Downloading [===>                                               ]  41.94MB/595.5MB
 7aee18c98c59 Downloading [===>                                               ]  41.94MB/595.5MB
 7aee18c98c59 Downloading [===>                                               ]  41.94MB/595.5MB
 7aee18c98c59 Downloading [===>                                               ]  42.99MB/595.5MB
 7aee18c98c59 Downloading [===>                                               ]  42.99MB/595.5MB
 7aee18c98c59 Downloading [===>                                               ]  42.99MB/595.5MB
 7aee18c98c59 Downloading [===>                                               ]  42.99MB/595.5MB
 7aee18c98c59 Downloading [===>                                               ]  42.99MB/595.5MB
 7aee18c98c59 Downloading [===>                                               ]  42.99MB/595.5MB
 7aee18c98c59 Downloading [===>                                               ]  42.99MB/595.5MB
 7aee18c98c59 Downloading [===>                                               ]  42.99MB/595.5MB
 7aee18c98c59 Downloading [===>                                               ]  42.99MB/595.5MB
 7aee18c98c59 Downloading [===>                                               ]  42.99MB/595.5MB
 7aee18c98c59 Downloading [===>                                               ]  42.99MB/595.5MB
 7aee18c98c59 Downloading [===>                                               ]  42.99MB/595.5MB
 7aee18c98c59 Downloading [===>                                               ]  42.99MB/595.5MB
 7aee18c98c59 Downloading [===>                                               ]  42.99MB/595.5MB
 7aee18c98c59 Downloading [===>                                               ]  42.99MB/595.5MB
 7aee18c98c59 Downloading [===>                                               ]  44.04MB/595.5MB
 7aee18c98c59 Downloading [===>                                               ]  44.04MB/595.5MB
 7aee18c98c59 Downloading [===>                                               ]  44.04MB/595.5MB
 7aee18c98c59 Downloading [===>                                               ]  44.04MB/595.5MB
 7aee18c98c59 Downloading [===>                                               ]  44.04MB/595.5MB
 7aee18c98c59 Downloading [===>                                               ]  44.04MB/595.5MB
 7aee18c98c59 Downloading [===>                                               ]  44.04MB/595.5MB
 7aee18c98c59 Downloading [===>                                               ]  44.04MB/595.5MB
 7aee18c98c59 Downloading [===>                                               ]  44.04MB/595.5MB
 7aee18c98c59 Downloading [===>                                               ]  44.04MB/595.5MB
 7aee18c98c59 Downloading [===>                                               ]  44.04MB/595.5MB
 7aee18c98c59 Downloading [===>                                               ]  44.04MB/595.5MB
 7aee18c98c59 Downloading [===>                                               ]  44.04MB/595.5MB
 7aee18c98c59 Downloading [===>                                               ]  44.04MB/595.5MB
 7aee18c98c59 Downloading [===>                                               ]  44.04MB/595.5MB
 7aee18c98c59 Downloading [===>                                               ]  44.04MB/595.5MB
 7aee18c98c59 Downloading [===>                                               ]  44.04MB/595.5MB
 7aee18c98c59 Downloading [===>                                               ]  44.04MB/595.5MB
 7aee18c98c59 Downloading [===>                                               ]  44.04MB/595.5MB
 7aee18c98c59 Downloading [===>                                               ]  44.04MB/595.5MB
 7aee18c98c59 Downloading [===>                                               ]  44.04MB/595.5MB
 7aee18c98c59 Downloading [===>                                               ]  44.04MB/595.5MB
 7aee18c98c59 Downloading [===>                                               ]  44.04MB/595.5MB
 7aee18c98c59 Downloading [===>                                               ]  44.04MB/595.5MB
 7aee18c98c59 Downloading [===>                                               ]  45.09MB/595.5MB
 7aee18c98c59 Downloading [===>                                               ]  45.09MB/595.5MB
 7aee18c98c59 Downloading [===>                                               ]  45.09MB/595.5MB
 7aee18c98c59 Downloading [===>                                               ]  45.09MB/595.5MB
 7aee18c98c59 Downloading [===>                                               ]  45.09MB/595.5MB
 7aee18c98c59 Downloading [===>                                               ]  45.09MB/595.5MB
 7aee18c98c59 Downloading [===>                                               ]  45.09MB/595.5MB
 7aee18c98c59 Downloading [===>                                               ]  45.09MB/595.5MB
 7aee18c98c59 Downloading [===>                                               ]  45.09MB/595.5MB
 7aee18c98c59 Downloading [===>                                               ]  45.09MB/595.5MB
 7aee18c98c59 Downloading [===>                                               ]  45.09MB/595.5MB
 7aee18c98c59 Downloading [===>                                               ]  45.09MB/595.5MB
 7aee18c98c59 Downloading [===>                                               ]  45.09MB/595.5MB
 7aee18c98c59 Downloading [===>                                               ]  45.09MB/595.5MB
 7aee18c98c59 Downloading [===>                                               ]  45.09MB/595.5MB
 7aee18c98c59 Downloading [===>                                               ]  45.09MB/595.5MB
 7aee18c98c59 Downloading [===>                                               ]  45.09MB/595.5MB
 7aee18c98c59 Downloading [===>                                               ]  46.14MB/595.5MB
 7aee18c98c59 Downloading [===>                                               ]  46.14MB/595.5MB
 7aee18c98c59 Downloading [===>                                               ]  46.14MB/595.5MB
 7aee18c98c59 Downloading [===>                                               ]  46.14MB/595.5MB
 7aee18c98c59 Downloading [===>                                               ]  46.14MB/595.5MB
 7aee18c98c59 Downloading [===>                                               ]  46.14MB/595.5MB
 7aee18c98c59 Downloading [===>                                               ]  46.14MB/595.5MB
 7aee18c98c59 Downloading [===>                                               ]  46.14MB/595.5MB
 7aee18c98c59 Downloading [===>                                               ]  46.14MB/595.5MB
 7aee18c98c59 Downloading [===>                                               ]  46.14MB/595.5MB
 7aee18c98c59 Downloading [===>                                               ]  46.14MB/595.5MB
 7aee18c98c59 Downloading [===>                                               ]  46.14MB/595.5MB
 7aee18c98c59 Downloading [===>                                               ]  46.14MB/595.5MB
 7aee18c98c59 Downloading [===>                                               ]  46.14MB/595.5MB
 7aee18c98c59 Downloading [===>                                               ]  46.14MB/595.5MB
 7aee18c98c59 Downloading [===>                                               ]  46.14MB/595.5MB
 7aee18c98c59 Downloading [===>                                               ]  46.14MB/595.5MB
 7aee18c98c59 Downloading [===>                                               ]  46.14MB/595.5MB
 7aee18c98c59 Downloading [===>                                               ]  46.14MB/595.5MB
 7aee18c98c59 Downloading [===>                                               ]  47.19MB/595.5MB
 7aee18c98c59 Downloading [===>                                               ]  47.19MB/595.5MB
 7aee18c98c59 Downloading [===>                                               ]  47.19MB/595.5MB
 7aee18c98c59 Downloading [===>                                               ]  47.19MB/595.5MB
 7aee18c98c59 Downloading [===>                                               ]  47.19MB/595.5MB
 7aee18c98c59 Downloading [===>                                               ]  47.19MB/595.5MB
 7aee18c98c59 Downloading [===>                                               ]  47.19MB/595.5MB
 7aee18c98c59 Downloading [===>                                               ]  47.19MB/595.5MB
 7aee18c98c59 Downloading [===>                                               ]  47.19MB/595.5MB
 7aee18c98c59 Downloading [===>                                               ]  47.19MB/595.5MB
 7aee18c98c59 Downloading [===>                                               ]  47.19MB/595.5MB
 7aee18c98c59 Downloading [===>                                               ]  47.19MB/595.5MB
 7aee18c98c59 Downloading [===>                                               ]  47.19MB/595.5MB
 7aee18c98c59 Downloading [===>                                               ]  47.19MB/595.5MB
 7aee18c98c59 Downloading [===>                                               ]  47.19MB/595.5MB
 7aee18c98c59 Downloading [====>                                              ]  48.23MB/595.5MB
 7aee18c98c59 Downloading [====>                                              ]  48.23MB/595.5MB
 7aee18c98c59 Downloading [====>                                              ]  48.23MB/595.5MB
 7aee18c98c59 Downloading [====>                                              ]  48.23MB/595.5MB
 7aee18c98c59 Downloading [====>                                              ]  48.23MB/595.5MB
 7aee18c98c59 Downloading [====>                                              ]  48.23MB/595.5MB
 7aee18c98c59 Downloading [====>                                              ]  48.23MB/595.5MB
 7aee18c98c59 Downloading [====>                                              ]  48.23MB/595.5MB
 7aee18c98c59 Downloading [====>                                              ]  48.23MB/595.5MB
 7aee18c98c59 Downloading [====>                                              ]  48.23MB/595.5MB
 7aee18c98c59 Downloading [====>                                              ]  48.23MB/595.5MB
 7aee18c98c59 Downloading [====>                                              ]  48.23MB/595.5MB
 7aee18c98c59 Downloading [====>                                              ]  48.23MB/595.5MB
 7aee18c98c59 Downloading [====>                                              ]  48.23MB/595.5MB
 7aee18c98c59 Downloading [====>                                              ]  48.23MB/595.5MB
 7aee18c98c59 Downloading [====>                                              ]  48.23MB/595.5MB
 7aee18c98c59 Downloading [====>                                              ]  48.23MB/595.5MB
 7aee18c98c59 Downloading [====>                                              ]  48.23MB/595.5MB
 7aee18c98c59 Downloading [====>                                              ]  48.23MB/595.5MB
 7aee18c98c59 Downloading [====>                                              ]  48.23MB/595.5MB
 7aee18c98c59 Downloading [====>                                              ]  48.23MB/595.5MB
 7aee18c98c59 Downloading [====>                                              ]  48.23MB/595.5MB
 7aee18c98c59 Downloading [====>                                              ]  48.23MB/595.5MB
 7aee18c98c59 Downloading [====>                                              ]  48.23MB/595.5MB
 7aee18c98c59 Downloading [====>                                              ]  48.23MB/595.5MB
 7aee18c98c59 Downloading [====>                                              ]  49.28MB/595.5MB
 7aee18c98c59 Downloading [====>                                              ]  49.28MB/595.5MB
 7aee18c98c59 Downloading [====>                                              ]  49.28MB/595.5MB
 7aee18c98c59 Downloading [====>                                              ]  49.28MB/595.5MB
 7aee18c98c59 Downloading [====>                                              ]  49.28MB/595.5MB
 7aee18c98c59 Downloading [====>                                              ]  49.28MB/595.5MB
 7aee18c98c59 Downloading [====>                                              ]  49.28MB/595.5MB
 7aee18c98c59 Downloading [====>                                              ]  49.28MB/595.5MB
 7aee18c98c59 Downloading [====>                                              ]  49.28MB/595.5MB
 7aee18c98c59 Downloading [====>                                              ]  49.28MB/595.5MB
 7aee18c98c59 Downloading [====>                                              ]  49.28MB/595.5MB
 7aee18c98c59 Downloading [====>                                              ]  49.28MB/595.5MB
 7aee18c98c59 Downloading [====>                                              ]  49.28MB/595.5MB
 7aee18c98c59 Downloading [====>                                              ]  49.28MB/595.5MB
 7aee18c98c59 Downloading [====>                                              ]  49.28MB/595.5MB
 7aee18c98c59 Downloading [====>                                              ]  49.28MB/595.5MB
 7aee18c98c59 Downloading [====>                                              ]  49.28MB/595.5MB
 7aee18c98c59 Downloading [====>                                              ]  49.28MB/595.5MB
 7aee18c98c59 Downloading [====>                                              ]  50.33MB/595.5MB
 7aee18c98c59 Downloading [====>                                              ]  50.33MB/595.5MB
 7aee18c98c59 Downloading [====>                                              ]  50.33MB/595.5MB
 7aee18c98c59 Downloading [====>                                              ]  50.33MB/595.5MB
 7aee18c98c59 Downloading [====>                                              ]  50.33MB/595.5MB
 7aee18c98c59 Downloading [====>                                              ]  50.33MB/595.5MB
 7aee18c98c59 Downloading [====>                                              ]  50.33MB/595.5MB
 7aee18c98c59 Downloading [====>                                              ]  50.33MB/595.5MB
 7aee18c98c59 Downloading [====>                                              ]  50.33MB/595.5MB
 7aee18c98c59 Downloading [====>                                              ]  50.33MB/595.5MB
 7aee18c98c59 Downloading [====>                                              ]  50.33MB/595.5MB
 7aee18c98c59 Downloading [====>                                              ]  50.33MB/595.5MB
 7aee18c98c59 Downloading [====>                                              ]  50.33MB/595.5MB
 7aee18c98c59 Downloading [====>                                              ]  50.33MB/595.5MB
 7aee18c98c59 Downloading [====>                                              ]  50.33MB/595.5MB
 7aee18c98c59 Downloading [====>                                              ]  51.38MB/595.5MB
 7aee18c98c59 Downloading [====>                                              ]  51.38MB/595.5MB
 7aee18c98c59 Downloading [====>                                              ]  51.38MB/595.5MB
 7aee18c98c59 Downloading [====>                                              ]  51.38MB/595.5MB
 7aee18c98c59 Downloading [====>                                              ]  51.38MB/595.5MB
 7aee18c98c59 Downloading [====>                                              ]  51.38MB/595.5MB
 7aee18c98c59 Downloading [====>                                              ]  51.38MB/595.5MB
 7aee18c98c59 Downloading [====>                                              ]  51.38MB/595.5MB
 7aee18c98c59 Downloading [====>                                              ]  51.38MB/595.5MB
 7aee18c98c59 Downloading [====>                                              ]  51.38MB/595.5MB
 7aee18c98c59 Downloading [====>                                              ]  51.38MB/595.5MB
 7aee18c98c59 Downloading [====>                                              ]  51.38MB/595.5MB
 7aee18c98c59 Downloading [====>                                              ]  51.38MB/595.5MB
 7aee18c98c59 Downloading [====>                                              ]  52.43MB/595.5MB
 7aee18c98c59 Downloading [====>                                              ]  52.43MB/595.5MB
 7aee18c98c59 Downloading [====>                                              ]  52.43MB/595.5MB
 7aee18c98c59 Downloading [====>                                              ]  52.43MB/595.5MB
 7aee18c98c59 Downloading [====>                                              ]  52.43MB/595.5MB
 7aee18c98c59 Downloading [====>                                              ]  52.43MB/595.5MB
 7aee18c98c59 Downloading [====>                                              ]  52.43MB/595.5MB
 7aee18c98c59 Downloading [====>                                              ]  52.43MB/595.5MB
 7aee18c98c59 Downloading [====>                                              ]  52.43MB/595.5MB
 7aee18c98c59 Downloading [====>                                              ]  52.43MB/595.5MB
 7aee18c98c59 Downloading [====>                                              ]  52.43MB/595.5MB
 7aee18c98c59 Downloading [====>                                              ]  53.48MB/595.5MB
 7aee18c98c59 Downloading [====>                                              ]  53.48MB/595.5MB
 7aee18c98c59 Downloading [====>                                              ]  53.48MB/595.5MB
 7aee18c98c59 Downloading [====>                                              ]  53.48MB/595.5MB
 7aee18c98c59 Downloading [====>                                              ]  53.48MB/595.5MB
 7aee18c98c59 Downloading [====>                                              ]  53.48MB/595.5MB
 7aee18c98c59 Downloading [====>                                              ]  53.48MB/595.5MB
 7aee18c98c59 Downloading [====>                                              ]  53.48MB/595.5MB
 7aee18c98c59 Downloading [====>                                              ]  53.48MB/595.5MB
 7aee18c98c59 Downloading [====>                                              ]  53.48MB/595.5MB
 7aee18c98c59 Downloading [====>                                              ]  53.48MB/595.5MB
 7aee18c98c59 Downloading [====>                                              ]  53.48MB/595.5MB
 7aee18c98c59 Downloading [====>                                              ]  53.48MB/595.5MB
 7aee18c98c59 Downloading [====>                                              ]  53.48MB/595.5MB
 7aee18c98c59 Downloading [====>                                              ]  53.48MB/595.5MB
 7aee18c98c59 Downloading [====>                                              ]  53.48MB/595.5MB
 7aee18c98c59 Downloading [====>                                              ]  53.48MB/595.5MB
 7aee18c98c59 Downloading [====>                                              ]  54.53MB/595.5MB
 7aee18c98c59 Downloading [====>                                              ]  54.53MB/595.5MB
 7aee18c98c59 Downloading [====>                                              ]  54.53MB/595.5MB
 7aee18c98c59 Downloading [====>                                              ]  54.53MB/595.5MB
 7aee18c98c59 Downloading [====>                                              ]  54.53MB/595.5MB
 7aee18c98c59 Downloading [====>                                              ]  54.53MB/595.5MB
 7aee18c98c59 Downloading [====>                                              ]  54.53MB/595.5MB
 7aee18c98c59 Downloading [====>                                              ]  54.53MB/595.5MB
 7aee18c98c59 Downloading [====>                                              ]  54.53MB/595.5MB
 7aee18c98c59 Downloading [====>                                              ]  54.53MB/595.5MB
 7aee18c98c59 Downloading [====>                                              ]  54.53MB/595.5MB
 7aee18c98c59 Downloading [====>                                              ]  54.53MB/595.5MB
 7aee18c98c59 Downloading [====>                                              ]  54.53MB/595.5MB
 7aee18c98c59 Downloading [====>                                              ]  54.53MB/595.5MB
 7aee18c98c59 Downloading [====>                                              ]  54.53MB/595.5MB
 7aee18c98c59 Downloading [====>                                              ]  54.53MB/595.5MB
 7aee18c98c59 Downloading [====>                                              ]  54.53MB/595.5MB
 7aee18c98c59 Downloading [====>                                              ]  54.53MB/595.5MB
 7aee18c98c59 Downloading [====>                                              ]  55.57MB/595.5MB
 7aee18c98c59 Downloading [====>                                              ]  55.57MB/595.5MB
 7aee18c98c59 Downloading [====>                                              ]  55.57MB/595.5MB
 7aee18c98c59 Downloading [====>                                              ]  55.57MB/595.5MB
 7aee18c98c59 Downloading [====>                                              ]  55.57MB/595.5MB
 7aee18c98c59 Downloading [====>                                              ]  55.57MB/595.5MB
 7aee18c98c59 Downloading [====>                                              ]  55.57MB/595.5MB
 7aee18c98c59 Downloading [====>                                              ]  55.57MB/595.5MB
 7aee18c98c59 Downloading [====>                                              ]  55.57MB/595.5MB
 7aee18c98c59 Downloading [====>                                              ]  55.57MB/595.5MB
 7aee18c98c59 Downloading [====>                                              ]  56.62MB/595.5MB
 7aee18c98c59 Downloading [====>                                              ]  56.62MB/595.5MB
 7aee18c98c59 Downloading [====>                                              ]  56.62MB/595.5MB
 7aee18c98c59 Downloading [====>                                              ]  56.62MB/595.5MB
 7aee18c98c59 Downloading [====>                                              ]  56.62MB/595.5MB
 7aee18c98c59 Downloading [====>                                              ]  56.62MB/595.5MB
 7aee18c98c59 Downloading [====>                                              ]  56.62MB/595.5MB
 7aee18c98c59 Downloading [====>                                              ]  56.62MB/595.5MB
 7aee18c98c59 Downloading [====>                                              ]  56.62MB/595.5MB
 7aee18c98c59 Downloading [====>                                              ]  56.62MB/595.5MB
 7aee18c98c59 Downloading [====>                                              ]  56.62MB/595.5MB
 7aee18c98c59 Downloading [====>                                              ]  56.62MB/595.5MB
 7aee18c98c59 Downloading [====>                                              ]  56.62MB/595.5MB
 7aee18c98c59 Downloading [====>                                              ]  56.62MB/595.5MB
 7aee18c98c59 Downloading [====>                                              ]  57.67MB/595.5MB
 7aee18c98c59 Downloading [====>                                              ]  57.67MB/595.5MB
 7aee18c98c59 Downloading [====>                                              ]  57.67MB/595.5MB
 7aee18c98c59 Downloading [====>                                              ]  57.67MB/595.5MB
 7aee18c98c59 Downloading [====>                                              ]  57.67MB/595.5MB
 7aee18c98c59 Downloading [====>                                              ]  57.67MB/595.5MB
 7aee18c98c59 Downloading [====>                                              ]  57.67MB/595.5MB
 7aee18c98c59 Downloading [====>                                              ]  57.67MB/595.5MB
 7aee18c98c59 Downloading [====>                                              ]  57.67MB/595.5MB
 7aee18c98c59 Downloading [====>                                              ]  57.67MB/595.5MB
 7aee18c98c59 Downloading [====>                                              ]  57.67MB/595.5MB
 7aee18c98c59 Downloading [====>                                              ]  57.67MB/595.5MB
 7aee18c98c59 Downloading [====>                                              ]  57.67MB/595.5MB
 7aee18c98c59 Downloading [====>                                              ]  57.67MB/595.5MB
 7aee18c98c59 Downloading [====>                                              ]  57.67MB/595.5MB
 7aee18c98c59 Downloading [====>                                              ]  58.72MB/595.5MB
 7aee18c98c59 Downloading [====>                                              ]  58.72MB/595.5MB
 7aee18c98c59 Downloading [====>                                              ]  58.72MB/595.5MB
 7aee18c98c59 Downloading [====>                                              ]  58.72MB/595.5MB
 7aee18c98c59 Downloading [====>                                              ]  58.72MB/595.5MB
 7aee18c98c59 Downloading [====>                                              ]  58.72MB/595.5MB
 7aee18c98c59 Downloading [====>                                              ]  58.72MB/595.5MB
 7aee18c98c59 Downloading [====>                                              ]  58.72MB/595.5MB
 7aee18c98c59 Downloading [====>                                              ]  58.72MB/595.5MB
 7aee18c98c59 Downloading [====>                                              ]  58.72MB/595.5MB
 7aee18c98c59 Downloading [====>                                              ]  58.72MB/595.5MB
 7aee18c98c59 Downloading [====>                                              ]  58.72MB/595.5MB
 7aee18c98c59 Downloading [====>                                              ]  58.72MB/595.5MB
 7aee18c98c59 Downloading [====>                                              ]  58.72MB/595.5MB
 7aee18c98c59 Downloading [====>                                              ]  58.72MB/595.5MB
 7aee18c98c59 Downloading [=====>                                             ]  59.77MB/595.5MB
 7aee18c98c59 Downloading [=====>                                             ]  59.77MB/595.5MB
 7aee18c98c59 Downloading [=====>                                             ]  59.77MB/595.5MB
 7aee18c98c59 Downloading [=====>                                             ]  59.77MB/595.5MB
 7aee18c98c59 Downloading [=====>                                             ]  59.77MB/595.5MB
 7aee18c98c59 Downloading [=====>                                             ]  59.77MB/595.5MB
 7aee18c98c59 Downloading [=====>                                             ]  59.77MB/595.5MB
 7aee18c98c59 Downloading [=====>                                             ]  59.77MB/595.5MB
 7aee18c98c59 Downloading [=====>                                             ]  59.77MB/595.5MB
 7aee18c98c59 Downloading [=====>                                             ]  59.77MB/595.5MB
 7aee18c98c59 Downloading [=====>                                             ]  59.77MB/595.5MB
 7aee18c98c59 Downloading [=====>                                             ]  59.77MB/595.5MB
 7aee18c98c59 Downloading [=====>                                             ]  59.77MB/595.5MB
 7aee18c98c59 Downloading [=====>                                             ]  59.77MB/595.5MB
 7aee18c98c59 Downloading [=====>                                             ]  59.77MB/595.5MB
 7aee18c98c59 Downloading [=====>                                             ]  59.77MB/595.5MB
 7aee18c98c59 Downloading [=====>                                             ]  60.82MB/595.5MB
 7aee18c98c59 Downloading [=====>                                             ]  60.82MB/595.5MB
 7aee18c98c59 Downloading [=====>                                             ]  60.82MB/595.5MB
 7aee18c98c59 Downloading [=====>                                             ]  60.82MB/595.5MB
 7aee18c98c59 Downloading [=====>                                             ]  60.82MB/595.5MB
 7aee18c98c59 Downloading [=====>                                             ]  60.82MB/595.5MB
 7aee18c98c59 Downloading [=====>                                             ]  60.82MB/595.5MB
 7aee18c98c59 Downloading [=====>                                             ]  60.82MB/595.5MB
 7aee18c98c59 Downloading [=====>                                             ]  60.82MB/595.5MB
 7aee18c98c59 Downloading [=====>                                             ]  60.82MB/595.5MB
 7aee18c98c59 Downloading [=====>                                             ]  61.87MB/595.5MB
 7aee18c98c59 Downloading [=====>                                             ]  61.87MB/595.5MB
 7aee18c98c59 Downloading [=====>                                             ]  61.87MB/595.5MB
 7aee18c98c59 Downloading [=====>                                             ]  61.87MB/595.5MB
 7aee18c98c59 Downloading [=====>                                             ]  61.87MB/595.5MB
 7aee18c98c59 Downloading [=====>                                             ]  61.87MB/595.5MB
 7aee18c98c59 Downloading [=====>                                             ]  61.87MB/595.5MB
 7aee18c98c59 Downloading [=====>                                             ]  61.87MB/595.5MB
 7aee18c98c59 Downloading [=====>                                             ]  61.87MB/595.5MB
 7aee18c98c59 Downloading [=====>                                             ]  61.87MB/595.5MB
 7aee18c98c59 Downloading [=====>                                             ]  61.87MB/595.5MB
 7aee18c98c59 Downloading [=====>                                             ]  61.87MB/595.5MB
 7aee18c98c59 Downloading [=====>                                             ]  61.87MB/595.5MB
 7aee18c98c59 Downloading [=====>                                             ]  61.87MB/595.5MB
 7aee18c98c59 Downloading [=====>                                             ]  62.91MB/595.5MB
 7aee18c98c59 Downloading [=====>                                             ]  62.91MB/595.5MB
 7aee18c98c59 Downloading [=====>                                             ]  62.91MB/595.5MB
 7aee18c98c59 Downloading [=====>                                             ]  62.91MB/595.5MB
 7aee18c98c59 Downloading [=====>                                             ]  62.91MB/595.5MB
 7aee18c98c59 Downloading [=====>                                             ]  62.91MB/595.5MB
 7aee18c98c59 Downloading [=====>                                             ]  62.91MB/595.5MB
 7aee18c98c59 Downloading [=====>                                             ]  62.91MB/595.5MB
 7aee18c98c59 Downloading [=====>                                             ]  62.91MB/595.5MB
 7aee18c98c59 Downloading [=====>                                             ]  62.91MB/595.5MB
 7aee18c98c59 Downloading [=====>                                             ]  62.91MB/595.5MB
 7aee18c98c59 Downloading [=====>                                             ]  62.91MB/595.5MB
 7aee18c98c59 Downloading [=====>                                             ]  62.91MB/595.5MB
 7aee18c98c59 Downloading [=====>                                             ]  62.91MB/595.5MB
 7aee18c98c59 Downloading [=====>                                             ]  62.91MB/595.5MB
 7aee18c98c59 Downloading [=====>                                             ]  62.91MB/595.5MB
 7aee18c98c59 Downloading [=====>                                             ]  62.91MB/595.5MB
 7aee18c98c59 Downloading [=====>                                             ]  62.91MB/595.5MB
 7aee18c98c59 Downloading [=====>                                             ]  62.91MB/595.5MB
 7aee18c98c59 Downloading [=====>                                             ]  63.96MB/595.5MB
 7aee18c98c59 Downloading [=====>                                             ]  63.96MB/595.5MB
 7aee18c98c59 Downloading [=====>                                             ]  63.96MB/595.5MB
 7aee18c98c59 Downloading [=====>                                             ]  63.96MB/595.5MB
 7aee18c98c59 Downloading [=====>                                             ]  63.96MB/595.5MB
 7aee18c98c59 Downloading [=====>                                             ]  63.96MB/595.5MB
 7aee18c98c59 Downloading [=====>                                             ]  63.96MB/595.5MB
 7aee18c98c59 Downloading [=====>                                             ]  63.96MB/595.5MB
 7aee18c98c59 Downloading [=====>                                             ]  63.96MB/595.5MB
 7aee18c98c59 Downloading [=====>                                             ]  63.96MB/595.5MB
 7aee18c98c59 Downloading [=====>                                             ]  65.01MB/595.5MB
 7aee18c98c59 Downloading [=====>                                             ]  65.01MB/595.5MB
 7aee18c98c59 Downloading [=====>                                             ]  65.01MB/595.5MB
 7aee18c98c59 Downloading [=====>                                             ]  65.01MB/595.5MB
 7aee18c98c59 Downloading [=====>                                             ]  65.01MB/595.5MB
 7aee18c98c59 Downloading [=====>                                             ]  65.01MB/595.5MB
 7aee18c98c59 Downloading [=====>                                             ]  65.01MB/595.5MB
 7aee18c98c59 Downloading [=====>                                             ]  65.01MB/595.5MB
 7aee18c98c59 Downloading [=====>                                             ]  65.01MB/595.5MB
 7aee18c98c59 Downloading [=====>                                             ]  65.01MB/595.5MB
 7aee18c98c59 Downloading [=====>                                             ]  65.01MB/595.5MB
 7aee18c98c59 Downloading [=====>                                             ]  66.06MB/595.5MB
 7aee18c98c59 Downloading [=====>                                             ]  66.06MB/595.5MB
 7aee18c98c59 Downloading [=====>                                             ]  66.06MB/595.5MB
 7aee18c98c59 Downloading [=====>                                             ]  66.06MB/595.5MB
 7aee18c98c59 Downloading [=====>                                             ]  66.06MB/595.5MB
 7aee18c98c59 Downloading [=====>                                             ]  66.06MB/595.5MB
 7aee18c98c59 Downloading [=====>                                             ]  66.06MB/595.5MB
 7aee18c98c59 Downloading [=====>                                             ]  66.06MB/595.5MB
 7aee18c98c59 Downloading [=====>                                             ]  66.06MB/595.5MB
 7aee18c98c59 Downloading [=====>                                             ]  66.06MB/595.5MB
 7aee18c98c59 Downloading [=====>                                             ]  66.06MB/595.5MB
 7aee18c98c59 Downloading [=====>                                             ]  66.06MB/595.5MB
 7aee18c98c59 Downloading [=====>                                             ]  66.06MB/595.5MB
 7aee18c98c59 Downloading [=====>                                             ]  66.06MB/595.5MB
 7aee18c98c59 Downloading [=====>                                             ]  66.06MB/595.5MB
 7aee18c98c59 Downloading [=====>                                             ]  66.06MB/595.5MB
 7aee18c98c59 Downloading [=====>                                             ]  66.06MB/595.5MB
 7aee18c98c59 Downloading [=====>                                             ]  66.06MB/595.5MB
 7aee18c98c59 Downloading [=====>                                             ]  66.06MB/595.5MB
 7aee18c98c59 Downloading [=====>                                             ]  66.06MB/595.5MB
 7aee18c98c59 Downloading [=====>                                             ]  66.06MB/595.5MB
 7aee18c98c59 Downloading [=====>                                             ]  66.06MB/595.5MB
 7aee18c98c59 Downloading [=====>                                             ]  66.06MB/595.5MB
 7aee18c98c59 Downloading [=====>                                             ]  66.06MB/595.5MB
 7aee18c98c59 Downloading [=====>                                             ]  66.06MB/595.5MB
 7aee18c98c59 Downloading [=====>                                             ]  66.06MB/595.5MB
 7aee18c98c59 Downloading [=====>                                             ]  66.06MB/595.5MB
 7aee18c98c59 Downloading [=====>                                             ]  67.11MB/595.5MB
 7aee18c98c59 Downloading [=====>                                             ]  67.11MB/595.5MB
 7aee18c98c59 Downloading [=====>                                             ]  67.11MB/595.5MB
 7aee18c98c59 Downloading [=====>                                             ]  67.11MB/595.5MB
 7aee18c98c59 Downloading [=====>                                             ]  67.11MB/595.5MB
 7aee18c98c59 Downloading [=====>                                             ]  67.11MB/595.5MB
 7aee18c98c59 Downloading [=====>                                             ]  67.11MB/595.5MB
 7aee18c98c59 Downloading [=====>                                             ]  67.11MB/595.5MB
 7aee18c98c59 Downloading [=====>                                             ]  67.11MB/595.5MB
 7aee18c98c59 Downloading [=====>                                             ]  67.11MB/595.5MB
 7aee18c98c59 Downloading [=====>                                             ]  67.11MB/595.5MB
 7aee18c98c59 Downloading [=====>                                             ]  67.11MB/595.5MB
 7aee18c98c59 Downloading [=====>                                             ]  67.11MB/595.5MB
 7aee18c98c59 Downloading [=====>                                             ]  67.11MB/595.5MB
 7aee18c98c59 Downloading [=====>                                             ]  67.11MB/595.5MB
 7aee18c98c59 Downloading [=====>                                             ]  67.11MB/595.5MB
 7aee18c98c59 Downloading [=====>                                             ]  67.11MB/595.5MB
 7aee18c98c59 Downloading [=====>                                             ]  67.11MB/595.5MB
 7aee18c98c59 Downloading [=====>                                             ]  67.11MB/595.5MB
 7aee18c98c59 Downloading [=====>                                             ]  67.11MB/595.5MB
 7aee18c98c59 Downloading [=====>                                             ]  68.16MB/595.5MB
 7aee18c98c59 Downloading [=====>                                             ]  68.16MB/595.5MB
 7aee18c98c59 Downloading [=====>                                             ]  68.16MB/595.5MB
 7aee18c98c59 Downloading [=====>                                             ]  68.16MB/595.5MB
 7aee18c98c59 Downloading [=====>                                             ]  68.16MB/595.5MB
 7aee18c98c59 Downloading [=====>                                             ]  68.16MB/595.5MB
 7aee18c98c59 Downloading [=====>                                             ]  68.16MB/595.5MB
 7aee18c98c59 Downloading [=====>                                             ]  68.16MB/595.5MB
 7aee18c98c59 Downloading [=====>                                             ]  68.16MB/595.5MB
 7aee18c98c59 Downloading [=====>                                             ]  68.16MB/595.5MB
 7aee18c98c59 Downloading [=====>                                             ]  68.16MB/595.5MB
 7aee18c98c59 Downloading [=====>                                             ]  68.16MB/595.5MB
 7aee18c98c59 Downloading [=====>                                             ]  68.16MB/595.5MB
 7aee18c98c59 Downloading [=====>                                             ]  68.16MB/595.5MB
 7aee18c98c59 Downloading [=====>                                             ]  68.16MB/595.5MB
 7aee18c98c59 Downloading [=====>                                             ]  68.16MB/595.5MB
 7aee18c98c59 Downloading [=====>                                             ]  68.16MB/595.5MB
 7aee18c98c59 Downloading [=====>                                             ]  68.16MB/595.5MB
 7aee18c98c59 Downloading [=====>                                             ]  68.16MB/595.5MB
 7aee18c98c59 Downloading [=====>                                             ]  68.16MB/595.5MB
 7aee18c98c59 Downloading [=====>                                             ]  68.16MB/595.5MB
 7aee18c98c59 Downloading [=====>                                             ]  68.16MB/595.5MB
 7aee18c98c59 Downloading [=====>                                             ]  68.16MB/595.5MB
 7aee18c98c59 Downloading [=====>                                             ]  68.16MB/595.5MB
 7aee18c98c59 Downloading [=====>                                             ]  68.16MB/595.5MB
 7aee18c98c59 Downloading [=====>                                             ]  68.16MB/595.5MB
 7aee18c98c59 Downloading [=====>                                             ]  68.16MB/595.5MB
 7aee18c98c59 Downloading [=====>                                             ]  68.16MB/595.5MB
 7aee18c98c59 Downloading [=====>                                             ]  68.16MB/595.5MB
 7aee18c98c59 Downloading [=====>                                             ]  69.21MB/595.5MB
 7aee18c98c59 Downloading [=====>                                             ]  69.21MB/595.5MB
 7aee18c98c59 Downloading [=====>                                             ]  69.21MB/595.5MB
 7aee18c98c59 Downloading [=====>                                             ]  69.21MB/595.5MB
 7aee18c98c59 Downloading [=====>                                             ]  69.21MB/595.5MB
 7aee18c98c59 Downloading [=====>                                             ]  69.21MB/595.5MB
 7aee18c98c59 Downloading [=====>                                             ]  69.21MB/595.5MB
 7aee18c98c59 Downloading [=====>                                             ]  69.21MB/595.5MB
 7aee18c98c59 Downloading [=====>                                             ]  69.21MB/595.5MB
 7aee18c98c59 Downloading [=====>                                             ]  69.21MB/595.5MB
 7aee18c98c59 Downloading [=====>                                             ]  69.21MB/595.5MB
 7aee18c98c59 Downloading [=====>                                             ]  69.21MB/595.5MB
 7aee18c98c59 Downloading [=====>                                             ]  69.21MB/595.5MB
 7aee18c98c59 Downloading [=====>                                             ]  69.21MB/595.5MB
 7aee18c98c59 Downloading [=====>                                             ]  69.21MB/595.5MB
 7aee18c98c59 Downloading [=====>                                             ]  69.21MB/595.5MB
 7aee18c98c59 Downloading [=====>                                             ]  69.21MB/595.5MB
 7aee18c98c59 Downloading [=====>                                             ]  70.25MB/595.5MB
 7aee18c98c59 Downloading [=====>                                             ]  70.25MB/595.5MB
 7aee18c98c59 Downloading [=====>                                             ]  70.25MB/595.5MB
 7aee18c98c59 Downloading [=====>                                             ]  70.25MB/595.5MB
 7aee18c98c59 Downloading [=====>                                             ]  70.25MB/595.5MB
 7aee18c98c59 Downloading [=====>                                             ]  70.25MB/595.5MB
 7aee18c98c59 Downloading [=====>                                             ]  70.25MB/595.5MB
 7aee18c98c59 Downloading [=====>                                             ]  70.25MB/595.5MB
 7aee18c98c59 Downloading [=====>                                             ]  70.25MB/595.5MB
 7aee18c98c59 Downloading [=====>                                             ]  70.25MB/595.5MB
 7aee18c98c59 Downloading [=====>                                             ]  70.25MB/595.5MB
 7aee18c98c59 Downloading [=====>                                             ]  70.25MB/595.5MB
 7aee18c98c59 Downloading [=====>                                             ]   71.3MB/595.5MB
 7aee18c98c59 Downloading [=====>                                             ]   71.3MB/595.5MB
 7aee18c98c59 Downloading [=====>                                             ]   71.3MB/595.5MB
 7aee18c98c59 Downloading [=====>                                             ]   71.3MB/595.5MB
 7aee18c98c59 Downloading [=====>                                             ]   71.3MB/595.5MB
 7aee18c98c59 Downloading [=====>                                             ]   71.3MB/595.5MB
 7aee18c98c59 Downloading [=====>                                             ]   71.3MB/595.5MB
 7aee18c98c59 Downloading [=====>                                             ]   71.3MB/595.5MB
 7aee18c98c59 Downloading [=====>                                             ]   71.3MB/595.5MB
 7aee18c98c59 Downloading [=====>                                             ]   71.3MB/595.5MB
 7aee18c98c59 Downloading [=====>                                             ]   71.3MB/595.5MB
 7aee18c98c59 Downloading [=====>                                             ]   71.3MB/595.5MB
 7aee18c98c59 Downloading [=====>                                             ]   71.3MB/595.5MB
 7aee18c98c59 Downloading [=====>                                             ]   71.3MB/595.5MB
 7aee18c98c59 Downloading [=====>                                             ]   71.3MB/595.5MB
 7aee18c98c59 Downloading [=====>                                             ]   71.3MB/595.5MB
 7aee18c98c59 Downloading [=====>                                             ]   71.3MB/595.5MB
 7aee18c98c59 Downloading [=====>                                             ]   71.3MB/595.5MB
 7aee18c98c59 Downloading [=====>                                             ]   71.3MB/595.5MB
 7aee18c98c59 Downloading [=====>                                             ]   71.3MB/595.5MB
 7aee18c98c59 Downloading [=====>                                             ]   71.3MB/595.5MB
 7aee18c98c59 Downloading [=====>                                             ]   71.3MB/595.5MB
 7aee18c98c59 Downloading [=====>                                             ]   71.3MB/595.5MB
 7aee18c98c59 Downloading [=====>                                             ]   71.3MB/595.5MB
 7aee18c98c59 Downloading [=====>                                             ]   71.3MB/595.5MB
 7aee18c98c59 Downloading [=====>                                             ]   71.3MB/595.5MB
 7aee18c98c59 Downloading [=====>                                             ]   71.3MB/595.5MB
 7aee18c98c59 Downloading [=====>                                             ]   71.3MB/595.5MB
 7aee18c98c59 Downloading [=====>                                             ]   71.3MB/595.5MB
 7aee18c98c59 Downloading [=====>                                             ]   71.3MB/595.5MB
 7aee18c98c59 Downloading [=====>                                             ]   71.3MB/595.5MB
 7aee18c98c59 Downloading [=====>                                             ]   71.3MB/595.5MB
 7aee18c98c59 Downloading [=====>                                             ]   71.3MB/595.5MB
 7aee18c98c59 Downloading [=====>                                             ]   71.3MB/595.5MB
 7aee18c98c59 Downloading [=====>                                             ]   71.3MB/595.5MB
 7aee18c98c59 Downloading [=====>                                             ]   71.3MB/595.5MB
 7aee18c98c59 Downloading [=====>                                             ]   71.3MB/595.5MB
 7aee18c98c59 Downloading [=====>                                             ]   71.3MB/595.5MB
 7aee18c98c59 Downloading [=====>                                             ]   71.3MB/595.5MB
 7aee18c98c59 Downloading [=====>                                             ]   71.3MB/595.5MB
 7aee18c98c59 Downloading [=====>                                             ]   71.3MB/595.5MB
 7aee18c98c59 Downloading [=====>                                             ]   71.3MB/595.5MB
 7aee18c98c59 Downloading [=====>                                             ]   71.3MB/595.5MB
 7aee18c98c59 Downloading [======>                                            ]  72.35MB/595.5MB
 7aee18c98c59 Downloading [======>                                            ]  72.35MB/595.5MB
 7aee18c98c59 Downloading [======>                                            ]  72.35MB/595.5MB
 7aee18c98c59 Downloading [======>                                            ]  72.35MB/595.5MB
 7aee18c98c59 Downloading [======>                                            ]  72.35MB/595.5MB
 7aee18c98c59 Downloading [======>                                            ]  72.35MB/595.5MB
 7aee18c98c59 Downloading [======>                                            ]  72.35MB/595.5MB
 7aee18c98c59 Downloading [======>                                            ]  72.35MB/595.5MB
 7aee18c98c59 Downloading [======>                                            ]  72.35MB/595.5MB
 7aee18c98c59 Downloading [======>                                            ]  72.35MB/595.5MB
 7aee18c98c59 Downloading [======>                                            ]  72.35MB/595.5MB
 7aee18c98c59 Downloading [======>                                            ]  72.35MB/595.5MB
 7aee18c98c59 Downloading [======>                                            ]  72.35MB/595.5MB
 7aee18c98c59 Downloading [======>                                            ]  72.35MB/595.5MB
 7aee18c98c59 Downloading [======>                                            ]  72.35MB/595.5MB
 7aee18c98c59 Downloading [======>                                            ]  72.35MB/595.5MB
 7aee18c98c59 Downloading [======>                                            ]  72.35MB/595.5MB
 7aee18c98c59 Downloading [======>                                            ]  72.35MB/595.5MB
 7aee18c98c59 Downloading [======>                                            ]  72.35MB/595.5MB
 7aee18c98c59 Downloading [======>                                            ]  72.35MB/595.5MB
 7aee18c98c59 Downloading [======>                                            ]  72.35MB/595.5MB
 7aee18c98c59 Downloading [======>                                            ]  72.35MB/595.5MB
 7aee18c98c59 Downloading [======>                                            ]  72.35MB/595.5MB
 7aee18c98c59 Downloading [======>                                            ]  72.35MB/595.5MB
 7aee18c98c59 Downloading [======>                                            ]  72.35MB/595.5MB
 7aee18c98c59 Downloading [======>                                            ]  72.35MB/595.5MB
 7aee18c98c59 Downloading [======>                                            ]   73.4MB/595.5MB
 7aee18c98c59 Downloading [======>                                            ]   73.4MB/595.5MB
 7aee18c98c59 Downloading [======>                                            ]   73.4MB/595.5MB
 7aee18c98c59 Downloading [======>                                            ]   73.4MB/595.5MB
 7aee18c98c59 Downloading [======>                                            ]   73.4MB/595.5MB
 7aee18c98c59 Downloading [======>                                            ]   73.4MB/595.5MB
 7aee18c98c59 Downloading [======>                                            ]   73.4MB/595.5MB
 7aee18c98c59 Downloading [======>                                            ]   73.4MB/595.5MB
 7aee18c98c59 Downloading [======>                                            ]   73.4MB/595.5MB
 7aee18c98c59 Downloading [======>                                            ]   73.4MB/595.5MB
 7aee18c98c59 Downloading [======>                                            ]   73.4MB/595.5MB
 7aee18c98c59 Downloading [======>                                            ]   73.4MB/595.5MB
 7aee18c98c59 Downloading [======>                                            ]   73.4MB/595.5MB
 7aee18c98c59 Downloading [======>                                            ]   73.4MB/595.5MB
 7aee18c98c59 Downloading [======>                                            ]   73.4MB/595.5MB
 7aee18c98c59 Downloading [======>                                            ]   73.4MB/595.5MB
 7aee18c98c59 Downloading [======>                                            ]   73.4MB/595.5MB
 7aee18c98c59 Downloading [======>                                            ]   73.4MB/595.5MB
 7aee18c98c59 Downloading [======>                                            ]   73.4MB/595.5MB
 7aee18c98c59 Downloading [======>                                            ]   73.4MB/595.5MB
 7aee18c98c59 Downloading [======>                                            ]   73.4MB/595.5MB
 7aee18c98c59 Downloading [======>                                            ]   73.4MB/595.5MB
 7aee18c98c59 Downloading [======>                                            ]   73.4MB/595.5MB
 7aee18c98c59 Downloading [======>                                            ]   73.4MB/595.5MB
 7aee18c98c59 Downloading [======>                                            ]   73.4MB/595.5MB
 7aee18c98c59 Downloading [======>                                            ]   73.4MB/595.5MB
 7aee18c98c59 Downloading [======>                                            ]   73.4MB/595.5MB
 7aee18c98c59 Downloading [======>                                            ]   73.4MB/595.5MB
 7aee18c98c59 Downloading [======>                                            ]   73.4MB/595.5MB
 7aee18c98c59 Downloading [======>                                            ]   73.4MB/595.5MB
 7aee18c98c59 Downloading [======>                                            ]   73.4MB/595.5MB
 7aee18c98c59 Downloading [======>                                            ]   73.4MB/595.5MB
 7aee18c98c59 Downloading [======>                                            ]   73.4MB/595.5MB
 7aee18c98c59 Downloading [======>                                            ]   73.4MB/595.5MB
 7aee18c98c59 Downloading [======>                                            ]   73.4MB/595.5MB
 7aee18c98c59 Downloading [======>                                            ]  74.45MB/595.5MB
 7aee18c98c59 Downloading [======>                                            ]  74.45MB/595.5MB
 7aee18c98c59 Downloading [======>                                            ]  74.45MB/595.5MB
 7aee18c98c59 Downloading [======>                                            ]  74.45MB/595.5MB
 7aee18c98c59 Downloading [======>                                            ]  74.45MB/595.5MB
 7aee18c98c59 Downloading [======>                                            ]  74.45MB/595.5MB
 7aee18c98c59 Downloading [======>                                            ]  74.45MB/595.5MB
 7aee18c98c59 Downloading [======>                                            ]  74.45MB/595.5MB
 7aee18c98c59 Downloading [======>                                            ]  74.45MB/595.5MB
 7aee18c98c59 Downloading [======>                                            ]  74.45MB/595.5MB
 7aee18c98c59 Downloading [======>                                            ]   75.5MB/595.5MB
 7aee18c98c59 Downloading [======>                                            ]   75.5MB/595.5MB
 7aee18c98c59 Downloading [======>                                            ]   75.5MB/595.5MB
 7aee18c98c59 Downloading [======>                                            ]   75.5MB/595.5MB
 7aee18c98c59 Downloading [======>                                            ]   75.5MB/595.5MB
 7aee18c98c59 Downloading [======>                                            ]   75.5MB/595.5MB
 7aee18c98c59 Downloading [======>                                            ]   75.5MB/595.5MB
 7aee18c98c59 Downloading [======>                                            ]   75.5MB/595.5MB
 7aee18c98c59 Downloading [======>                                            ]   75.5MB/595.5MB
 7aee18c98c59 Downloading [======>                                            ]   75.5MB/595.5MB
 7aee18c98c59 Downloading [======>                                            ]  76.55MB/595.5MB
 7aee18c98c59 Downloading [======>                                            ]  76.55MB/595.5MB
 7aee18c98c59 Downloading [======>                                            ]  76.55MB/595.5MB
 7aee18c98c59 Downloading [======>                                            ]  76.55MB/595.5MB
 7aee18c98c59 Downloading [======>                                            ]  76.55MB/595.5MB
 7aee18c98c59 Downloading [======>                                            ]  76.55MB/595.5MB
 7aee18c98c59 Downloading [======>                                            ]  76.55MB/595.5MB
 7aee18c98c59 Downloading [======>                                            ]  77.59MB/595.5MB
 7aee18c98c59 Downloading [======>                                            ]  77.59MB/595.5MB
 7aee18c98c59 Downloading [======>                                            ]  77.59MB/595.5MB
 7aee18c98c59 Downloading [======>                                            ]  77.59MB/595.5MB
 7aee18c98c59 Downloading [======>                                            ]  77.59MB/595.5MB
 7aee18c98c59 Downloading [======>                                            ]  77.59MB/595.5MB
 7aee18c98c59 Downloading [======>                                            ]  77.59MB/595.5MB
 7aee18c98c59 Downloading [======>                                            ]  77.59MB/595.5MB
 7aee18c98c59 Downloading [======>                                            ]  77.59MB/595.5MB
 7aee18c98c59 Downloading [======>                                            ]  77.59MB/595.5MB
 7aee18c98c59 Downloading [======>                                            ]  77.59MB/595.5MB
 7aee18c98c59 Downloading [======>                                            ]  78.64MB/595.5MB
 7aee18c98c59 Downloading [======>                                            ]  78.64MB/595.5MB
 7aee18c98c59 Downloading [======>                                            ]  78.64MB/595.5MB
 7aee18c98c59 Downloading [======>                                            ]  78.64MB/595.5MB
 7aee18c98c59 Downloading [======>                                            ]  78.64MB/595.5MB
 7aee18c98c59 Downloading [======>                                            ]  78.64MB/595.5MB
 7aee18c98c59 Downloading [======>                                            ]  78.64MB/595.5MB
 7aee18c98c59 Downloading [======>                                            ]  78.64MB/595.5MB
 7aee18c98c59 Downloading [======>                                            ]  78.64MB/595.5MB
 7aee18c98c59 Downloading [======>                                            ]  78.64MB/595.5MB
 7aee18c98c59 Downloading [======>                                            ]  78.64MB/595.5MB
 7aee18c98c59 Downloading [======>                                            ]  78.64MB/595.5MB
 7aee18c98c59 Downloading [======>                                            ]  78.64MB/595.5MB
 7aee18c98c59 Downloading [======>                                            ]  78.64MB/595.5MB
 7aee18c98c59 Downloading [======>                                            ]  79.69MB/595.5MB
 7aee18c98c59 Downloading [======>                                            ]  79.69MB/595.5MB
 7aee18c98c59 Downloading [======>                                            ]  79.69MB/595.5MB
 7aee18c98c59 Downloading [======>                                            ]  79.69MB/595.5MB
 7aee18c98c59 Downloading [======>                                            ]  79.69MB/595.5MB
 7aee18c98c59 Downloading [======>                                            ]  79.69MB/595.5MB
 7aee18c98c59 Downloading [======>                                            ]  79.69MB/595.5MB
 7aee18c98c59 Downloading [======>                                            ]  79.69MB/595.5MB
 7aee18c98c59 Downloading [======>                                            ]  79.69MB/595.5MB
 7aee18c98c59 Downloading [======>                                            ]  80.74MB/595.5MB
 7aee18c98c59 Downloading [======>                                            ]  80.74MB/595.5MB
 7aee18c98c59 Downloading [======>                                            ]  80.74MB/595.5MB
 7aee18c98c59 Downloading [======>                                            ]  80.74MB/595.5MB
 7aee18c98c59 Downloading [======>                                            ]  80.74MB/595.5MB
 7aee18c98c59 Downloading [======>                                            ]  80.74MB/595.5MB
 7aee18c98c59 Downloading [======>                                            ]  80.74MB/595.5MB
 7aee18c98c59 Downloading [======>                                            ]  80.74MB/595.5MB
 7aee18c98c59 Downloading [======>                                            ]  80.74MB/595.5MB
 7aee18c98c59 Downloading [======>                                            ]  80.74MB/595.5MB
 7aee18c98c59 Downloading [======>                                            ]  80.74MB/595.5MB
 7aee18c98c59 Downloading [======>                                            ]  80.74MB/595.5MB
 7aee18c98c59 Downloading [======>                                            ]  80.74MB/595.5MB
 7aee18c98c59 Downloading [======>                                            ]  80.74MB/595.5MB
 7aee18c98c59 Downloading [======>                                            ]  80.74MB/595.5MB
 7aee18c98c59 Downloading [======>                                            ]  80.74MB/595.5MB
 7aee18c98c59 Downloading [======>                                            ]  80.74MB/595.5MB
 7aee18c98c59 Downloading [======>                                            ]  81.79MB/595.5MB
 7aee18c98c59 Downloading [======>                                            ]  81.79MB/595.5MB
 7aee18c98c59 Downloading [======>                                            ]  81.79MB/595.5MB
 7aee18c98c59 Downloading [======>                                            ]  81.79MB/595.5MB
 7aee18c98c59 Downloading [======>                                            ]  81.79MB/595.5MB
 7aee18c98c59 Downloading [======>                                            ]  81.79MB/595.5MB
 7aee18c98c59 Downloading [======>                                            ]  81.79MB/595.5MB
 7aee18c98c59 Downloading [======>                                            ]  81.79MB/595.5MB
 7aee18c98c59 Downloading [======>                                            ]  81.79MB/595.5MB
 7aee18c98c59 Downloading [======>                                            ]  81.79MB/595.5MB
 7aee18c98c59 Downloading [======>                                            ]  81.79MB/595.5MB
 7aee18c98c59 Downloading [======>                                            ]  81.79MB/595.5MB
 7aee18c98c59 Downloading [======>                                            ]  82.84MB/595.5MB
 7aee18c98c59 Downloading [======>                                            ]  82.84MB/595.5MB
 7aee18c98c59 Downloading [======>                                            ]  82.84MB/595.5MB
 7aee18c98c59 Downloading [======>                                            ]  82.84MB/595.5MB
 7aee18c98c59 Downloading [======>                                            ]  82.84MB/595.5MB
 7aee18c98c59 Downloading [======>                                            ]  82.84MB/595.5MB
 7aee18c98c59 Downloading [======>                                            ]  82.84MB/595.5MB
 7aee18c98c59 Downloading [======>                                            ]  82.84MB/595.5MB
 7aee18c98c59 Downloading [======>                                            ]  82.84MB/595.5MB
 7aee18c98c59 Downloading [======>                                            ]  82.84MB/595.5MB
 7aee18c98c59 Downloading [======>                                            ]  82.84MB/595.5MB
 7aee18c98c59 Downloading [======>                                            ]  82.84MB/595.5MB
 7aee18c98c59 Downloading [======>                                            ]  82.84MB/595.5MB
 7aee18c98c59 Downloading [======>                                            ]  82.84MB/595.5MB
 7aee18c98c59 Downloading [======>                                            ]  82.84MB/595.5MB
 7aee18c98c59 Downloading [======>                                            ]  82.84MB/595.5MB
 7aee18c98c59 Downloading [=======>                                           ]  83.89MB/595.5MB
 7aee18c98c59 Downloading [=======>                                           ]  83.89MB/595.5MB
 7aee18c98c59 Downloading [=======>                                           ]  83.89MB/595.5MB
 7aee18c98c59 Downloading [=======>                                           ]  83.89MB/595.5MB
 7aee18c98c59 Downloading [=======>                                           ]  83.89MB/595.5MB
 7aee18c98c59 Downloading [=======>                                           ]  83.89MB/595.5MB
 7aee18c98c59 Downloading [=======>                                           ]  83.89MB/595.5MB
 7aee18c98c59 Downloading [=======>                                           ]  83.89MB/595.5MB
 7aee18c98c59 Downloading [=======>                                           ]  83.89MB/595.5MB
 7aee18c98c59 Downloading [=======>                                           ]  83.89MB/595.5MB
 7aee18c98c59 Downloading [=======>                                           ]  83.89MB/595.5MB
 7aee18c98c59 Downloading [=======>                                           ]  83.89MB/595.5MB
 7aee18c98c59 Downloading [=======>                                           ]  83.89MB/595.5MB
 7aee18c98c59 Downloading [=======>                                           ]  83.89MB/595.5MB
 7aee18c98c59 Downloading [=======>                                           ]  83.89MB/595.5MB
 7aee18c98c59 Downloading [=======>                                           ]  84.93MB/595.5MB
 7aee18c98c59 Downloading [=======>                                           ]  84.93MB/595.5MB
 7aee18c98c59 Downloading [=======>                                           ]  84.93MB/595.5MB
 7aee18c98c59 Downloading [=======>                                           ]  84.93MB/595.5MB
 7aee18c98c59 Downloading [=======>                                           ]  84.93MB/595.5MB
 7aee18c98c59 Downloading [=======>                                           ]  84.93MB/595.5MB
 7aee18c98c59 Downloading [=======>                                           ]  84.93MB/595.5MB
 7aee18c98c59 Downloading [=======>                                           ]  84.93MB/595.5MB
 7aee18c98c59 Downloading [=======>                                           ]  84.93MB/595.5MB
 7aee18c98c59 Downloading [=======>                                           ]  84.93MB/595.5MB
 7aee18c98c59 Downloading [=======>                                           ]  84.93MB/595.5MB
 7aee18c98c59 Downloading [=======>                                           ]  84.93MB/595.5MB
 7aee18c98c59 Downloading [=======>                                           ]  85.98MB/595.5MB
 7aee18c98c59 Downloading [=======>                                           ]  85.98MB/595.5MB
 7aee18c98c59 Downloading [=======>                                           ]  85.98MB/595.5MB
 7aee18c98c59 Downloading [=======>                                           ]  85.98MB/595.5MB
 7aee18c98c59 Downloading [=======>                                           ]  85.98MB/595.5MB
 7aee18c98c59 Downloading [=======>                                           ]  85.98MB/595.5MB
 7aee18c98c59 Downloading [=======>                                           ]  85.98MB/595.5MB
 7aee18c98c59 Downloading [=======>                                           ]  85.98MB/595.5MB
 7aee18c98c59 Downloading [=======>                                           ]  85.98MB/595.5MB
 7aee18c98c59 Downloading [=======>                                           ]  85.98MB/595.5MB
 7aee18c98c59 Downloading [=======>                                           ]  85.98MB/595.5MB
 7aee18c98c59 Downloading [=======>                                           ]  87.03MB/595.5MB
 7aee18c98c59 Downloading [=======>                                           ]  87.03MB/595.5MB
 7aee18c98c59 Downloading [=======>                                           ]  87.03MB/595.5MB
 7aee18c98c59 Downloading [=======>                                           ]  87.03MB/595.5MB
 7aee18c98c59 Downloading [=======>                                           ]  87.03MB/595.5MB
 7aee18c98c59 Downloading [=======>                                           ]  87.03MB/595.5MB
 7aee18c98c59 Downloading [=======>                                           ]  87.03MB/595.5MB
 7aee18c98c59 Downloading [=======>                                           ]  87.03MB/595.5MB
 7aee18c98c59 Downloading [=======>                                           ]  87.03MB/595.5MB
 7aee18c98c59 Downloading [=======>                                           ]  87.03MB/595.5MB
 7aee18c98c59 Downloading [=======>                                           ]  87.03MB/595.5MB
 7aee18c98c59 Downloading [=======>                                           ]  87.03MB/595.5MB
 7aee18c98c59 Downloading [=======>                                           ]  87.03MB/595.5MB
 7aee18c98c59 Downloading [=======>                                           ]  88.08MB/595.5MB
 7aee18c98c59 Downloading [=======>                                           ]  88.08MB/595.5MB
 7aee18c98c59 Downloading [=======>                                           ]  88.08MB/595.5MB
 7aee18c98c59 Downloading [=======>                                           ]  88.08MB/595.5MB
 7aee18c98c59 Downloading [=======>                                           ]  88.08MB/595.5MB
 7aee18c98c59 Downloading [=======>                                           ]  88.08MB/595.5MB
 7aee18c98c59 Downloading [=======>                                           ]  89.13MB/595.5MB
 7aee18c98c59 Downloading [=======>                                           ]  89.13MB/595.5MB
 7aee18c98c59 Downloading [=======>                                           ]  89.13MB/595.5MB
 7aee18c98c59 Downloading [=======>                                           ]  89.13MB/595.5MB
 7aee18c98c59 Downloading [=======>                                           ]  89.13MB/595.5MB
 7aee18c98c59 Downloading [=======>                                           ]  89.13MB/595.5MB
 7aee18c98c59 Downloading [=======>                                           ]  89.13MB/595.5MB
 7aee18c98c59 Downloading [=======>                                           ]  89.13MB/595.5MB
 7aee18c98c59 Downloading [=======>                                           ]  89.13MB/595.5MB
 7aee18c98c59 Downloading [=======>                                           ]  89.13MB/595.5MB
 7aee18c98c59 Downloading [=======>                                           ]  90.18MB/595.5MB
 7aee18c98c59 Downloading [=======>                                           ]  90.18MB/595.5MB
 7aee18c98c59 Downloading [=======>                                           ]  90.18MB/595.5MB
 7aee18c98c59 Downloading [=======>                                           ]  90.18MB/595.5MB
 7aee18c98c59 Downloading [=======>                                           ]  90.18MB/595.5MB
 7aee18c98c59 Downloading [=======>                                           ]  90.18MB/595.5MB
 7aee18c98c59 Downloading [=======>                                           ]  90.18MB/595.5MB
 7aee18c98c59 Downloading [=======>                                           ]  90.18MB/595.5MB
 7aee18c98c59 Downloading [=======>                                           ]  90.18MB/595.5MB
 7aee18c98c59 Downloading [=======>                                           ]  90.18MB/595.5MB
 7aee18c98c59 Downloading [=======>                                           ]  91.23MB/595.5MB
 7aee18c98c59 Downloading [=======>                                           ]  91.23MB/595.5MB
 7aee18c98c59 Downloading [=======>                                           ]  91.23MB/595.5MB
 7aee18c98c59 Downloading [=======>                                           ]  91.23MB/595.5MB
 7aee18c98c59 Downloading [=======>                                           ]  91.23MB/595.5MB
 7aee18c98c59 Downloading [=======>                                           ]  91.23MB/595.5MB
 7aee18c98c59 Downloading [=======>                                           ]  91.23MB/595.5MB
 7aee18c98c59 Downloading [=======>                                           ]  91.23MB/595.5MB
 7aee18c98c59 Downloading [=======>                                           ]  91.23MB/595.5MB
 7aee18c98c59 Downloading [=======>                                           ]  91.23MB/595.5MB
 7aee18c98c59 Downloading [=======>                                           ]  91.23MB/595.5MB
 7aee18c98c59 Downloading [=======>                                           ]  92.27MB/595.5MB
 7aee18c98c59 Downloading [=======>                                           ]  92.27MB/595.5MB
 7aee18c98c59 Downloading [=======>                                           ]  92.27MB/595.5MB
 7aee18c98c59 Downloading [=======>                                           ]  92.27MB/595.5MB
 7aee18c98c59 Downloading [=======>                                           ]  92.27MB/595.5MB
 7aee18c98c59 Downloading [=======>                                           ]  92.27MB/595.5MB
 7aee18c98c59 Downloading [=======>                                           ]  92.27MB/595.5MB
 7aee18c98c59 Downloading [=======>                                           ]  92.27MB/595.5MB
 7aee18c98c59 Downloading [=======>                                           ]  92.27MB/595.5MB
 7aee18c98c59 Downloading [=======>                                           ]  92.27MB/595.5MB
 7aee18c98c59 Downloading [=======>                                           ]  93.32MB/595.5MB
 7aee18c98c59 Downloading [=======>                                           ]  93.32MB/595.5MB
 7aee18c98c59 Downloading [=======>                                           ]  93.32MB/595.5MB
 7aee18c98c59 Downloading [=======>                                           ]  93.32MB/595.5MB
 7aee18c98c59 Downloading [=======>                                           ]  93.32MB/595.5MB
 7aee18c98c59 Downloading [=======>                                           ]  93.32MB/595.5MB
 7aee18c98c59 Downloading [=======>                                           ]  93.32MB/595.5MB
 7aee18c98c59 Downloading [=======>                                           ]  93.32MB/595.5MB
 7aee18c98c59 Downloading [=======>                                           ]  93.32MB/595.5MB
 7aee18c98c59 Downloading [=======>                                           ]  93.32MB/595.5MB
 7aee18c98c59 Downloading [=======>                                           ]  94.37MB/595.5MB
 7aee18c98c59 Downloading [=======>                                           ]  94.37MB/595.5MB
 7aee18c98c59 Downloading [=======>                                           ]  94.37MB/595.5MB
 7aee18c98c59 Downloading [=======>                                           ]  94.37MB/595.5MB
 7aee18c98c59 Downloading [=======>                                           ]  94.37MB/595.5MB
 7aee18c98c59 Downloading [=======>                                           ]  94.37MB/595.5MB
 7aee18c98c59 Downloading [=======>                                           ]  94.37MB/595.5MB
 7aee18c98c59 Downloading [=======>                                           ]  94.37MB/595.5MB
 7aee18c98c59 Downloading [=======>                                           ]  94.37MB/595.5MB
 7aee18c98c59 Downloading [=======>                                           ]  94.37MB/595.5MB
 7aee18c98c59 Downloading [=======>                                           ]  94.37MB/595.5MB
 7aee18c98c59 Downloading [=======>                                           ]  94.37MB/595.5MB
 7aee18c98c59 Downloading [========>                                          ]  95.42MB/595.5MB
 7aee18c98c59 Downloading [========>                                          ]  95.42MB/595.5MB
 7aee18c98c59 Downloading [========>                                          ]  95.42MB/595.5MB
 7aee18c98c59 Downloading [========>                                          ]  95.42MB/595.5MB
 7aee18c98c59 Downloading [========>                                          ]  95.42MB/595.5MB
 7aee18c98c59 Downloading [========>                                          ]  95.42MB/595.5MB
 7aee18c98c59 Downloading [========>                                          ]  95.42MB/595.5MB
 7aee18c98c59 Downloading [========>                                          ]  95.42MB/595.5MB
 7aee18c98c59 Downloading [========>                                          ]  95.42MB/595.5MB
 7aee18c98c59 Downloading [========>                                          ]  95.42MB/595.5MB
 7aee18c98c59 Downloading [========>                                          ]  95.42MB/595.5MB
 7aee18c98c59 Downloading [========>                                          ]  95.42MB/595.5MB
 7aee18c98c59 Downloading [========>                                          ]  95.42MB/595.5MB
 7aee18c98c59 Downloading [========>                                          ]  95.42MB/595.5MB
 7aee18c98c59 Downloading [========>                                          ]  95.42MB/595.5MB
 7aee18c98c59 Downloading [========>                                          ]  96.47MB/595.5MB
 7aee18c98c59 Downloading [========>                                          ]  96.47MB/595.5MB
 7aee18c98c59 Downloading [========>                                          ]  96.47MB/595.5MB
 7aee18c98c59 Downloading [========>                                          ]  96.47MB/595.5MB
 7aee18c98c59 Downloading [========>                                          ]  96.47MB/595.5MB
 7aee18c98c59 Downloading [========>                                          ]  96.47MB/595.5MB
 7aee18c98c59 Downloading [========>                                          ]  96.47MB/595.5MB
 7aee18c98c59 Downloading [========>                                          ]  97.52MB/595.5MB
 7aee18c98c59 Downloading [========>                                          ]  97.52MB/595.5MB
 7aee18c98c59 Downloading [========>                                          ]  97.52MB/595.5MB
 7aee18c98c59 Downloading [========>                                          ]  97.52MB/595.5MB
 7aee18c98c59 Downloading [========>                                          ]  97.52MB/595.5MB
 7aee18c98c59 Downloading [========>                                          ]  97.52MB/595.5MB
 7aee18c98c59 Downloading [========>                                          ]  97.52MB/595.5MB
 7aee18c98c59 Downloading [========>                                          ]  97.52MB/595.5MB
 7aee18c98c59 Downloading [========>                                          ]  97.52MB/595.5MB
 7aee18c98c59 Downloading [========>                                          ]  97.52MB/595.5MB
 7aee18c98c59 Downloading [========>                                          ]  97.52MB/595.5MB
 7aee18c98c59 Downloading [========>                                          ]  97.52MB/595.5MB
 7aee18c98c59 Downloading [========>                                          ]  98.57MB/595.5MB
 7aee18c98c59 Downloading [========>                                          ]  98.57MB/595.5MB
 7aee18c98c59 Downloading [========>                                          ]  98.57MB/595.5MB
 7aee18c98c59 Downloading [========>                                          ]  98.57MB/595.5MB
 7aee18c98c59 Downloading [========>                                          ]  98.57MB/595.5MB
 7aee18c98c59 Downloading [========>                                          ]  98.57MB/595.5MB
 7aee18c98c59 Downloading [========>                                          ]  98.57MB/595.5MB
 7aee18c98c59 Downloading [========>                                          ]  98.57MB/595.5MB
 7aee18c98c59 Downloading [========>                                          ]  98.57MB/595.5MB
 7aee18c98c59 Downloading [========>                                          ]  98.57MB/595.5MB
 7aee18c98c59 Downloading [========>                                          ]  98.57MB/595.5MB
 7aee18c98c59 Downloading [========>                                          ]  99.61MB/595.5MB
 7aee18c98c59 Downloading [========>                                          ]  99.61MB/595.5MB
 7aee18c98c59 Downloading [========>                                          ]  99.61MB/595.5MB
 7aee18c98c59 Downloading [========>                                          ]  99.61MB/595.5MB
 7aee18c98c59 Downloading [========>                                          ]  99.61MB/595.5MB
 7aee18c98c59 Downloading [========>                                          ]  99.61MB/595.5MB
 7aee18c98c59 Downloading [========>                                          ]  99.61MB/595.5MB
 7aee18c98c59 Downloading [========>                                          ]  99.61MB/595.5MB
 7aee18c98c59 Downloading [========>                                          ]  99.61MB/595.5MB
 7aee18c98c59 Downloading [========>                                          ]  99.61MB/595.5MB
 7aee18c98c59 Downloading [========>                                          ]  99.61MB/595.5MB
 7aee18c98c59 Downloading [========>                                          ]  100.7MB/595.5MB
 7aee18c98c59 Downloading [========>                                          ]  100.7MB/595.5MB
 7aee18c98c59 Downloading [========>                                          ]  100.7MB/595.5MB
 7aee18c98c59 Downloading [========>                                          ]  100.7MB/595.5MB
 7aee18c98c59 Downloading [========>                                          ]  100.7MB/595.5MB
 7aee18c98c59 Downloading [========>                                          ]  100.7MB/595.5MB
 7aee18c98c59 Downloading [========>                                          ]  100.7MB/595.5MB
 7aee18c98c59 Downloading [========>                                          ]  100.7MB/595.5MB
 7aee18c98c59 Downloading [========>                                          ]  100.7MB/595.5MB
 7aee18c98c59 Downloading [========>                                          ]  100.7MB/595.5MB
 7aee18c98c59 Downloading [========>                                          ]  100.7MB/595.5MB
 7aee18c98c59 Downloading [========>                                          ]  100.7MB/595.5MB
 7aee18c98c59 Downloading [========>                                          ]  101.7MB/595.5MB
 7aee18c98c59 Downloading [========>                                          ]  101.7MB/595.5MB
 7aee18c98c59 Downloading [========>                                          ]  101.7MB/595.5MB
 7aee18c98c59 Downloading [========>                                          ]  101.7MB/595.5MB
 7aee18c98c59 Downloading [========>                                          ]  101.7MB/595.5MB
 7aee18c98c59 Downloading [========>                                          ]  101.7MB/595.5MB
 7aee18c98c59 Downloading [========>                                          ]  101.7MB/595.5MB
 7aee18c98c59 Downloading [========>                                          ]  101.7MB/595.5MB
 7aee18c98c59 Downloading [========>                                          ]  101.7MB/595.5MB
 7aee18c98c59 Downloading [========>                                          ]  101.7MB/595.5MB
 7aee18c98c59 Downloading [========>                                          ]  101.7MB/595.5MB
 7aee18c98c59 Downloading [========>                                          ]  101.7MB/595.5MB
 7aee18c98c59 Downloading [========>                                          ]  101.7MB/595.5MB
 7aee18c98c59 Downloading [========>                                          ]  101.7MB/595.5MB
 7aee18c98c59 Downloading [========>                                          ]  101.7MB/595.5MB
 7aee18c98c59 Downloading [========>                                          ]  102.8MB/595.5MB
 7aee18c98c59 Downloading [========>                                          ]  102.8MB/595.5MB
 7aee18c98c59 Downloading [========>                                          ]  102.8MB/595.5MB
 7aee18c98c59 Downloading [========>                                          ]  102.8MB/595.5MB
 7aee18c98c59 Downloading [========>                                          ]  102.8MB/595.5MB
 7aee18c98c59 Downloading [========>                                          ]  102.8MB/595.5MB
 7aee18c98c59 Downloading [========>                                          ]  102.8MB/595.5MB
 7aee18c98c59 Downloading [========>                                          ]  102.8MB/595.5MB
 7aee18c98c59 Downloading [========>                                          ]  102.8MB/595.5MB
 7aee18c98c59 Downloading [========>                                          ]  102.8MB/595.5MB
 7aee18c98c59 Downloading [========>                                          ]  102.8MB/595.5MB
 7aee18c98c59 Downloading [========>                                          ]  102.8MB/595.5MB
 7aee18c98c59 Downloading [========>                                          ]  102.8MB/595.5MB
 7aee18c98c59 Downloading [========>                                          ]  103.8MB/595.5MB
 7aee18c98c59 Downloading [========>                                          ]  103.8MB/595.5MB
 7aee18c98c59 Downloading [========>                                          ]  103.8MB/595.5MB
 7aee18c98c59 Downloading [========>                                          ]  103.8MB/595.5MB
 7aee18c98c59 Downloading [========>                                          ]  103.8MB/595.5MB
 7aee18c98c59 Downloading [========>                                          ]  103.8MB/595.5MB
 7aee18c98c59 Downloading [========>                                          ]  103.8MB/595.5MB
 7aee18c98c59 Downloading [========>                                          ]  103.8MB/595.5MB
 7aee18c98c59 Downloading [========>                                          ]  103.8MB/595.5MB
 7aee18c98c59 Downloading [========>                                          ]  103.8MB/595.5MB
 7aee18c98c59 Downloading [========>                                          ]  103.8MB/595.5MB
 7aee18c98c59 Downloading [========>                                          ]  104.9MB/595.5MB
 7aee18c98c59 Downloading [========>                                          ]  104.9MB/595.5MB
 7aee18c98c59 Downloading [========>                                          ]  104.9MB/595.5MB
 7aee18c98c59 Downloading [========>                                          ]  104.9MB/595.5MB
 7aee18c98c59 Downloading [========>                                          ]  104.9MB/595.5MB
 7aee18c98c59 Downloading [========>                                          ]  104.9MB/595.5MB
 7aee18c98c59 Downloading [========>                                          ]  104.9MB/595.5MB
 7aee18c98c59 Downloading [========>                                          ]  104.9MB/595.5MB
 7aee18c98c59 Downloading [========>                                          ]  104.9MB/595.5MB
 7aee18c98c59 Downloading [========>                                          ]  104.9MB/595.5MB
 7aee18c98c59 Downloading [========>                                          ]  104.9MB/595.5MB
 7aee18c98c59 Downloading [========>                                          ]  104.9MB/595.5MB
 7aee18c98c59 Downloading [========>                                          ]  104.9MB/595.5MB
 7aee18c98c59 Downloading [========>                                          ]  104.9MB/595.5MB
 7aee18c98c59 Downloading [========>                                          ]  104.9MB/595.5MB
 7aee18c98c59 Downloading [========>                                          ]  104.9MB/595.5MB
 7aee18c98c59 Downloading [========>                                          ]  104.9MB/595.5MB
 7aee18c98c59 Downloading [========>                                          ]  104.9MB/595.5MB
 7aee18c98c59 Downloading [========>                                          ]  105.9MB/595.5MB
 7aee18c98c59 Downloading [========>                                          ]  105.9MB/595.5MB
 7aee18c98c59 Downloading [========>                                          ]  105.9MB/595.5MB
 7aee18c98c59 Downloading [========>                                          ]  105.9MB/595.5MB
 7aee18c98c59 Downloading [========>                                          ]  105.9MB/595.5MB
 7aee18c98c59 Downloading [========>                                          ]  105.9MB/595.5MB
 7aee18c98c59 Downloading [========>                                          ]  105.9MB/595.5MB
 7aee18c98c59 Downloading [========>                                          ]  105.9MB/595.5MB
 7aee18c98c59 Downloading [========>                                          ]    107MB/595.5MB
 7aee18c98c59 Downloading [========>                                          ]    107MB/595.5MB
 7aee18c98c59 Downloading [========>                                          ]    107MB/595.5MB
 7aee18c98c59 Downloading [========>                                          ]    107MB/595.5MB
 7aee18c98c59 Downloading [========>                                          ]    107MB/595.5MB
 7aee18c98c59 Downloading [========>                                          ]    107MB/595.5MB
 7aee18c98c59 Downloading [========>                                          ]    107MB/595.5MB
 7aee18c98c59 Downloading [========>                                          ]    107MB/595.5MB
 7aee18c98c59 Downloading [========>                                          ]    107MB/595.5MB
 7aee18c98c59 Downloading [========>                                          ]    107MB/595.5MB
 7aee18c98c59 Downloading [=========>                                         ]    108MB/595.5MB
 7aee18c98c59 Downloading [=========>                                         ]    108MB/595.5MB
 7aee18c98c59 Downloading [=========>                                         ]    108MB/595.5MB
 7aee18c98c59 Downloading [=========>                                         ]    108MB/595.5MB
 7aee18c98c59 Downloading [=========>                                         ]    108MB/595.5MB
 7aee18c98c59 Downloading [=========>                                         ]    108MB/595.5MB
 7aee18c98c59 Downloading [=========>                                         ]    108MB/595.5MB
 7aee18c98c59 Downloading [=========>                                         ]    108MB/595.5MB
 7aee18c98c59 Downloading [=========>                                         ]    108MB/595.5MB
 7aee18c98c59 Downloading [=========>                                         ]  109.1MB/595.5MB
 7aee18c98c59 Downloading [=========>                                         ]  109.1MB/595.5MB
 7aee18c98c59 Downloading [=========>                                         ]  109.1MB/595.5MB
 7aee18c98c59 Downloading [=========>                                         ]  109.1MB/595.5MB
 7aee18c98c59 Downloading [=========>                                         ]  109.1MB/595.5MB
 7aee18c98c59 Downloading [=========>                                         ]  109.1MB/595.5MB
 7aee18c98c59 Downloading [=========>                                         ]  109.1MB/595.5MB
 7aee18c98c59 Downloading [=========>                                         ]  109.1MB/595.5MB
 7aee18c98c59 Downloading [=========>                                         ]  109.1MB/595.5MB
 7aee18c98c59 Downloading [=========>                                         ]  109.1MB/595.5MB
 7aee18c98c59 Downloading [=========>                                         ]  109.1MB/595.5MB
 7aee18c98c59 Downloading [=========>                                         ]  109.1MB/595.5MB
 7aee18c98c59 Downloading [=========>                                         ]  109.1MB/595.5MB
 7aee18c98c59 Downloading [=========>                                         ]  109.1MB/595.5MB
 7aee18c98c59 Downloading [=========>                                         ]  109.1MB/595.5MB
 7aee18c98c59 Downloading [=========>                                         ]  109.1MB/595.5MB
 7aee18c98c59 Downloading [=========>                                         ]  109.1MB/595.5MB
 7aee18c98c59 Downloading [=========>                                         ]  110.1MB/595.5MB
 7aee18c98c59 Downloading [=========>                                         ]  110.1MB/595.5MB
 7aee18c98c59 Downloading [=========>                                         ]  110.1MB/595.5MB
 7aee18c98c59 Downloading [=========>                                         ]  110.1MB/595.5MB
 7aee18c98c59 Downloading [=========>                                         ]  110.1MB/595.5MB
 7aee18c98c59 Downloading [=========>                                         ]  110.1MB/595.5MB
 7aee18c98c59 Downloading [=========>                                         ]  110.1MB/595.5MB
 7aee18c98c59 Downloading [=========>                                         ]  110.1MB/595.5MB
 7aee18c98c59 Downloading [=========>                                         ]  110.1MB/595.5MB
 7aee18c98c59 Downloading [=========>                                         ]  110.1MB/595.5MB
 7aee18c98c59 Downloading [=========>                                         ]  110.1MB/595.5MB
 7aee18c98c59 Downloading [=========>                                         ]  110.1MB/595.5MB
 7aee18c98c59 Downloading [=========>                                         ]  110.1MB/595.5MB
 7aee18c98c59 Downloading [=========>                                         ]  110.1MB/595.5MB
 7aee18c98c59 Downloading [=========>                                         ]  110.1MB/595.5MB
 7aee18c98c59 Downloading [=========>                                         ]  110.1MB/595.5MB
 7aee18c98c59 Downloading [=========>                                         ]  110.1MB/595.5MB
 7aee18c98c59 Downloading [=========>                                         ]  111.1MB/595.5MB
 7aee18c98c59 Downloading [=========>                                         ]  111.1MB/595.5MB
 7aee18c98c59 Downloading [=========>                                         ]  111.1MB/595.5MB
 7aee18c98c59 Downloading [=========>                                         ]  111.1MB/595.5MB
 7aee18c98c59 Downloading [=========>                                         ]  111.1MB/595.5MB
 7aee18c98c59 Downloading [=========>                                         ]  112.2MB/595.5MB
 7aee18c98c59 Downloading [=========>                                         ]  112.2MB/595.5MB
 7aee18c98c59 Downloading [=========>                                         ]  112.2MB/595.5MB
 7aee18c98c59 Downloading [=========>                                         ]  112.2MB/595.5MB
 7aee18c98c59 Downloading [=========>                                         ]  112.2MB/595.5MB
 7aee18c98c59 Downloading [=========>                                         ]  112.2MB/595.5MB
 7aee18c98c59 Downloading [=========>                                         ]  112.2MB/595.5MB
 7aee18c98c59 Downloading [=========>                                         ]  112.2MB/595.5MB
 7aee18c98c59 Downloading [=========>                                         ]  112.2MB/595.5MB
 7aee18c98c59 Downloading [=========>                                         ]  112.2MB/595.5MB
 7aee18c98c59 Downloading [=========>                                         ]  112.2MB/595.5MB
 7aee18c98c59 Downloading [=========>                                         ]  113.2MB/595.5MB
 7aee18c98c59 Downloading [=========>                                         ]  113.2MB/595.5MB
 7aee18c98c59 Downloading [=========>                                         ]  113.2MB/595.5MB
 7aee18c98c59 Downloading [=========>                                         ]  113.2MB/595.5MB
 7aee18c98c59 Downloading [=========>                                         ]  113.2MB/595.5MB
 7aee18c98c59 Downloading [=========>                                         ]  113.2MB/595.5MB
 7aee18c98c59 Downloading [=========>                                         ]  113.2MB/595.5MB
 7aee18c98c59 Downloading [=========>                                         ]  113.2MB/595.5MB
 7aee18c98c59 Downloading [=========>                                         ]  113.2MB/595.5MB
 7aee18c98c59 Downloading [=========>                                         ]  113.2MB/595.5MB
 7aee18c98c59 Downloading [=========>                                         ]  113.2MB/595.5MB
 7aee18c98c59 Downloading [=========>                                         ]  113.2MB/595.5MB
 7aee18c98c59 Downloading [=========>                                         ]  114.3MB/595.5MB
 7aee18c98c59 Downloading [=========>                                         ]  114.3MB/595.5MB
 7aee18c98c59 Downloading [=========>                                         ]  114.3MB/595.5MB
 7aee18c98c59 Downloading [=========>                                         ]  114.3MB/595.5MB
 7aee18c98c59 Downloading [=========>                                         ]  114.3MB/595.5MB
 7aee18c98c59 Downloading [=========>                                         ]  114.3MB/595.5MB
 7aee18c98c59 Downloading [=========>                                         ]  114.3MB/595.5MB
 7aee18c98c59 Downloading [=========>                                         ]  114.3MB/595.5MB
 7aee18c98c59 Downloading [=========>                                         ]  114.3MB/595.5MB
 7aee18c98c59 Downloading [=========>                                         ]  114.3MB/595.5MB
 7aee18c98c59 Downloading [=========>                                         ]  114.3MB/595.5MB
 7aee18c98c59 Downloading [=========>                                         ]  114.3MB/595.5MB
 7aee18c98c59 Downloading [=========>                                         ]  115.3MB/595.5MB
 7aee18c98c59 Downloading [=========>                                         ]  115.3MB/595.5MB
 7aee18c98c59 Downloading [=========>                                         ]  115.3MB/595.5MB
 7aee18c98c59 Downloading [=========>                                         ]  115.3MB/595.5MB
 7aee18c98c59 Downloading [=========>                                         ]  115.3MB/595.5MB
 7aee18c98c59 Downloading [=========>                                         ]  115.3MB/595.5MB
 7aee18c98c59 Downloading [=========>                                         ]  115.3MB/595.5MB
 7aee18c98c59 Downloading [=========>                                         ]  115.3MB/595.5MB
 7aee18c98c59 Downloading [=========>                                         ]  115.3MB/595.5MB
 7aee18c98c59 Downloading [=========>                                         ]  115.3MB/595.5MB
 7aee18c98c59 Downloading [=========>                                         ]  116.4MB/595.5MB
 7aee18c98c59 Downloading [=========>                                         ]  116.4MB/595.5MB
 7aee18c98c59 Downloading [=========>                                         ]  116.4MB/595.5MB
 7aee18c98c59 Downloading [=========>                                         ]  116.4MB/595.5MB
 7aee18c98c59 Downloading [=========>                                         ]  116.4MB/595.5MB
 7aee18c98c59 Downloading [=========>                                         ]  116.4MB/595.5MB
 7aee18c98c59 Downloading [=========>                                         ]  116.4MB/595.5MB
 7aee18c98c59 Downloading [=========>                                         ]  116.4MB/595.5MB
 7aee18c98c59 Downloading [=========>                                         ]  117.4MB/595.5MB
 7aee18c98c59 Downloading [=========>                                         ]  117.4MB/595.5MB
 7aee18c98c59 Downloading [=========>                                         ]  117.4MB/595.5MB
 7aee18c98c59 Downloading [=========>                                         ]  117.4MB/595.5MB
 7aee18c98c59 Downloading [=========>                                         ]  117.4MB/595.5MB
 7aee18c98c59 Downloading [=========>                                         ]  117.4MB/595.5MB
 7aee18c98c59 Downloading [=========>                                         ]  117.4MB/595.5MB
 7aee18c98c59 Downloading [=========>                                         ]  117.4MB/595.5MB
 7aee18c98c59 Downloading [=========>                                         ]  117.4MB/595.5MB
 7aee18c98c59 Downloading [=========>                                         ]  118.5MB/595.5MB
 7aee18c98c59 Downloading [=========>                                         ]  118.5MB/595.5MB
 7aee18c98c59 Downloading [=========>                                         ]  118.5MB/595.5MB
 7aee18c98c59 Downloading [=========>                                         ]  118.5MB/595.5MB
 7aee18c98c59 Downloading [=========>                                         ]  118.5MB/595.5MB
 7aee18c98c59 Downloading [=========>                                         ]  118.5MB/595.5MB
 7aee18c98c59 Downloading [=========>                                         ]  118.5MB/595.5MB
 7aee18c98c59 Downloading [=========>                                         ]  118.5MB/595.5MB
 7aee18c98c59 Downloading [=========>                                         ]  118.5MB/595.5MB
 7aee18c98c59 Downloading [=========>                                         ]  118.5MB/595.5MB
 7aee18c98c59 Downloading [=========>                                         ]  118.5MB/595.5MB
 7aee18c98c59 Downloading [==========>                                        ]  119.5MB/595.5MB
 7aee18c98c59 Downloading [==========>                                        ]  119.5MB/595.5MB
 7aee18c98c59 Downloading [==========>                                        ]  119.5MB/595.5MB
 7aee18c98c59 Downloading [==========>                                        ]  119.5MB/595.5MB
 7aee18c98c59 Downloading [==========>                                        ]  119.5MB/595.5MB
 7aee18c98c59 Downloading [==========>                                        ]  119.5MB/595.5MB
 7aee18c98c59 Downloading [==========>                                        ]  119.5MB/595.5MB
 7aee18c98c59 Downloading [==========>                                        ]  119.5MB/595.5MB
 7aee18c98c59 Downloading [==========>                                        ]  119.5MB/595.5MB
 7aee18c98c59 Downloading [==========>                                        ]  119.5MB/595.5MB
 7aee18c98c59 Downloading [==========>                                        ]  119.5MB/595.5MB
 7aee18c98c59 Downloading [==========>                                        ]  119.5MB/595.5MB
 7aee18c98c59 Downloading [==========>                                        ]  120.6MB/595.5MB
 7aee18c98c59 Downloading [==========>                                        ]  120.6MB/595.5MB
 7aee18c98c59 Downloading [==========>                                        ]  120.6MB/595.5MB
 7aee18c98c59 Downloading [==========>                                        ]  120.6MB/595.5MB
 7aee18c98c59 Downloading [==========>                                        ]  120.6MB/595.5MB
 7aee18c98c59 Downloading [==========>                                        ]  120.6MB/595.5MB
 7aee18c98c59 Downloading [==========>                                        ]  120.6MB/595.5MB
 7aee18c98c59 Downloading [==========>                                        ]  120.6MB/595.5MB
 7aee18c98c59 Downloading [==========>                                        ]  120.6MB/595.5MB
 7aee18c98c59 Downloading [==========>                                        ]  120.6MB/595.5MB
 7aee18c98c59 Downloading [==========>                                        ]  121.6MB/595.5MB
 7aee18c98c59 Downloading [==========>                                        ]  121.6MB/595.5MB
 7aee18c98c59 Downloading [==========>                                        ]  121.6MB/595.5MB
 7aee18c98c59 Downloading [==========>                                        ]  121.6MB/595.5MB
 7aee18c98c59 Downloading [==========>                                        ]  121.6MB/595.5MB
 7aee18c98c59 Downloading [==========>                                        ]  121.6MB/595.5MB
 7aee18c98c59 Downloading [==========>                                        ]  121.6MB/595.5MB
 7aee18c98c59 Downloading [==========>                                        ]  121.6MB/595.5MB
 7aee18c98c59 Downloading [==========>                                        ]  122.7MB/595.5MB
 7aee18c98c59 Downloading [==========>                                        ]  122.7MB/595.5MB
 7aee18c98c59 Downloading [==========>                                        ]  122.7MB/595.5MB
 7aee18c98c59 Downloading [==========>                                        ]  122.7MB/595.5MB
 7aee18c98c59 Downloading [==========>                                        ]  122.7MB/595.5MB
 7aee18c98c59 Downloading [==========>                                        ]  122.7MB/595.5MB
 7aee18c98c59 Downloading [==========>                                        ]  122.7MB/595.5MB
 7aee18c98c59 Downloading [==========>                                        ]  122.7MB/595.5MB
 7aee18c98c59 Downloading [==========>                                        ]  122.7MB/595.5MB
 7aee18c98c59 Downloading [==========>                                        ]  122.7MB/595.5MB
 7aee18c98c59 Downloading [==========>                                        ]  123.7MB/595.5MB
 7aee18c98c59 Downloading [==========>                                        ]  123.7MB/595.5MB
 7aee18c98c59 Downloading [==========>                                        ]  123.7MB/595.5MB
 7aee18c98c59 Downloading [==========>                                        ]  123.7MB/595.5MB
 7aee18c98c59 Downloading [==========>                                        ]  123.7MB/595.5MB
 7aee18c98c59 Downloading [==========>                                        ]  123.7MB/595.5MB
 7aee18c98c59 Downloading [==========>                                        ]  123.7MB/595.5MB
 7aee18c98c59 Downloading [==========>                                        ]  123.7MB/595.5MB
 7aee18c98c59 Downloading [==========>                                        ]  123.7MB/595.5MB
 7aee18c98c59 Downloading [==========>                                        ]  123.7MB/595.5MB
 7aee18c98c59 Downloading [==========>                                        ]  124.8MB/595.5MB
 7aee18c98c59 Downloading [==========>                                        ]  124.8MB/595.5MB
 7aee18c98c59 Downloading [==========>                                        ]  124.8MB/595.5MB
 7aee18c98c59 Downloading [==========>                                        ]  124.8MB/595.5MB
 7aee18c98c59 Downloading [==========>                                        ]  124.8MB/595.5MB
 7aee18c98c59 Downloading [==========>                                        ]  124.8MB/595.5MB
 7aee18c98c59 Downloading [==========>                                        ]  124.8MB/595.5MB
 7aee18c98c59 Downloading [==========>                                        ]  124.8MB/595.5MB
 7aee18c98c59 Downloading [==========>                                        ]  125.8MB/595.5MB
 7aee18c98c59 Downloading [==========>                                        ]  125.8MB/595.5MB
 7aee18c98c59 Downloading [==========>                                        ]  125.8MB/595.5MB
 7aee18c98c59 Downloading [==========>                                        ]  125.8MB/595.5MB
 7aee18c98c59 Downloading [==========>                                        ]  125.8MB/595.5MB
 7aee18c98c59 Downloading [==========>                                        ]  125.8MB/595.5MB
 7aee18c98c59 Downloading [==========>                                        ]  125.8MB/595.5MB
 7aee18c98c59 Downloading [==========>                                        ]  125.8MB/595.5MB
 7aee18c98c59 Downloading [==========>                                        ]  125.8MB/595.5MB
 7aee18c98c59 Downloading [==========>                                        ]  125.8MB/595.5MB
 7aee18c98c59 Downloading [==========>                                        ]  125.8MB/595.5MB
 7aee18c98c59 Downloading [==========>                                        ]  125.8MB/595.5MB
 7aee18c98c59 Downloading [==========>                                        ]  125.8MB/595.5MB
 7aee18c98c59 Downloading [==========>                                        ]  125.8MB/595.5MB
 7aee18c98c59 Downloading [==========>                                        ]  125.8MB/595.5MB
 7aee18c98c59 Downloading [==========>                                        ]  125.8MB/595.5MB
 7aee18c98c59 Downloading [==========>                                        ]  125.8MB/595.5MB
 7aee18c98c59 Downloading [==========>                                        ]  126.9MB/595.5MB
 7aee18c98c59 Downloading [==========>                                        ]  126.9MB/595.5MB
 7aee18c98c59 Downloading [==========>                                        ]  126.9MB/595.5MB
 7aee18c98c59 Downloading [==========>                                        ]  126.9MB/595.5MB
 7aee18c98c59 Downloading [==========>                                        ]  126.9MB/595.5MB
 7aee18c98c59 Downloading [==========>                                        ]  126.9MB/595.5MB
 7aee18c98c59 Downloading [==========>                                        ]  126.9MB/595.5MB
 7aee18c98c59 Downloading [==========>                                        ]  126.9MB/595.5MB
 7aee18c98c59 Downloading [==========>                                        ]  126.9MB/595.5MB
 7aee18c98c59 Downloading [==========>                                        ]  126.9MB/595.5MB
 7aee18c98c59 Downloading [==========>                                        ]  127.9MB/595.5MB
 7aee18c98c59 Downloading [==========>                                        ]  127.9MB/595.5MB
 7aee18c98c59 Downloading [==========>                                        ]  127.9MB/595.5MB
 7aee18c98c59 Downloading [==========>                                        ]  127.9MB/595.5MB
 7aee18c98c59 Downloading [==========>                                        ]  127.9MB/595.5MB
 7aee18c98c59 Downloading [==========>                                        ]  127.9MB/595.5MB
 7aee18c98c59 Downloading [==========>                                        ]  127.9MB/595.5MB
 7aee18c98c59 Downloading [==========>                                        ]  127.9MB/595.5MB
 7aee18c98c59 Downloading [==========>                                        ]  127.9MB/595.5MB
 7aee18c98c59 Downloading [==========>                                        ]  127.9MB/595.5MB
 7aee18c98c59 Downloading [==========>                                        ]  127.9MB/595.5MB
 7aee18c98c59 Downloading [==========>                                        ]  127.9MB/595.5MB
 7aee18c98c59 Downloading [==========>                                        ]  127.9MB/595.5MB
 7aee18c98c59 Downloading [==========>                                        ]    129MB/595.5MB
 7aee18c98c59 Downloading [==========>                                        ]    129MB/595.5MB
 7aee18c98c59 Downloading [==========>                                        ]    129MB/595.5MB
 7aee18c98c59 Downloading [==========>                                        ]    129MB/595.5MB
 7aee18c98c59 Downloading [==========>                                        ]    129MB/595.5MB
 7aee18c98c59 Downloading [==========>                                        ]    129MB/595.5MB
 7aee18c98c59 Downloading [==========>                                        ]    129MB/595.5MB
 7aee18c98c59 Downloading [==========>                                        ]    129MB/595.5MB
 7aee18c98c59 Downloading [==========>                                        ]    129MB/595.5MB
 7aee18c98c59 Downloading [==========>                                        ]    129MB/595.5MB
 7aee18c98c59 Downloading [==========>                                        ]    129MB/595.5MB
 7aee18c98c59 Downloading [==========>                                        ]    129MB/595.5MB
 7aee18c98c59 Downloading [==========>                                        ]    129MB/595.5MB
 7aee18c98c59 Downloading [==========>                                        ]    129MB/595.5MB
 7aee18c98c59 Downloading [==========>                                        ]    130MB/595.5MB
 7aee18c98c59 Downloading [==========>                                        ]    130MB/595.5MB
 7aee18c98c59 Downloading [==========>                                        ]    130MB/595.5MB
 7aee18c98c59 Downloading [==========>                                        ]    130MB/595.5MB
 7aee18c98c59 Downloading [==========>                                        ]    130MB/595.5MB
 7aee18c98c59 Downloading [==========>                                        ]    130MB/595.5MB
 7aee18c98c59 Downloading [===========>                                       ]  131.1MB/595.5MB
 7aee18c98c59 Downloading [===========>                                       ]  131.1MB/595.5MB
 7aee18c98c59 Downloading [===========>                                       ]  131.1MB/595.5MB
 7aee18c98c59 Downloading [===========>                                       ]  131.1MB/595.5MB
 7aee18c98c59 Downloading [===========>                                       ]  131.1MB/595.5MB
 7aee18c98c59 Downloading [===========>                                       ]  131.1MB/595.5MB
 7aee18c98c59 Downloading [===========>                                       ]  131.1MB/595.5MB
 7aee18c98c59 Downloading [===========>                                       ]  131.1MB/595.5MB
 7aee18c98c59 Downloading [===========>                                       ]  132.1MB/595.5MB
 7aee18c98c59 Downloading [===========>                                       ]  132.1MB/595.5MB
 7aee18c98c59 Downloading [===========>                                       ]  132.1MB/595.5MB
 7aee18c98c59 Downloading [===========>                                       ]  132.1MB/595.5MB
 7aee18c98c59 Downloading [===========>                                       ]  132.1MB/595.5MB
 7aee18c98c59 Downloading [===========>                                       ]  132.1MB/595.5MB
 7aee18c98c59 Downloading [===========>                                       ]  132.1MB/595.5MB
 7aee18c98c59 Downloading [===========>                                       ]  132.1MB/595.5MB
 7aee18c98c59 Downloading [===========>                                       ]  132.1MB/595.5MB
 7aee18c98c59 Downloading [===========>                                       ]  132.1MB/595.5MB
 7aee18c98c59 Downloading [===========>                                       ]  133.2MB/595.5MB
 7aee18c98c59 Downloading [===========>                                       ]  133.2MB/595.5MB
 7aee18c98c59 Downloading [===========>                                       ]  133.2MB/595.5MB
 7aee18c98c59 Downloading [===========>                                       ]  133.2MB/595.5MB
 7aee18c98c59 Downloading [===========>                                       ]  133.2MB/595.5MB
 7aee18c98c59 Downloading [===========>                                       ]  133.2MB/595.5MB
 7aee18c98c59 Downloading [===========>                                       ]  133.2MB/595.5MB
 7aee18c98c59 Downloading [===========>                                       ]  133.2MB/595.5MB
 7aee18c98c59 Downloading [===========>                                       ]  133.2MB/595.5MB
 7aee18c98c59 Downloading [===========>                                       ]  133.2MB/595.5MB
 7aee18c98c59 Downloading [===========>                                       ]  133.2MB/595.5MB
 7aee18c98c59 Downloading [===========>                                       ]  134.2MB/595.5MB
 7aee18c98c59 Downloading [===========>                                       ]  134.2MB/595.5MB
 7aee18c98c59 Downloading [===========>                                       ]  134.2MB/595.5MB
 7aee18c98c59 Downloading [===========>                                       ]  134.2MB/595.5MB
 7aee18c98c59 Downloading [===========>                                       ]  134.2MB/595.5MB
 7aee18c98c59 Downloading [===========>                                       ]  134.2MB/595.5MB
 7aee18c98c59 Downloading [===========>                                       ]  134.2MB/595.5MB
 7aee18c98c59 Downloading [===========>                                       ]  134.2MB/595.5MB
 7aee18c98c59 Downloading [===========>                                       ]  134.2MB/595.5MB
 7aee18c98c59 Downloading [===========>                                       ]  135.3MB/595.5MB
 7aee18c98c59 Downloading [===========>                                       ]  135.3MB/595.5MB
 7aee18c98c59 Downloading [===========>                                       ]  135.3MB/595.5MB
 7aee18c98c59 Downloading [===========>                                       ]  135.3MB/595.5MB
 7aee18c98c59 Downloading [===========>                                       ]  135.3MB/595.5MB
 7aee18c98c59 Downloading [===========>                                       ]  135.3MB/595.5MB
 7aee18c98c59 Downloading [===========>                                       ]  135.3MB/595.5MB
 7aee18c98c59 Downloading [===========>                                       ]  135.3MB/595.5MB
 7aee18c98c59 Downloading [===========>                                       ]  135.3MB/595.5MB
 7aee18c98c59 Downloading [===========>                                       ]  135.3MB/595.5MB
 7aee18c98c59 Downloading [===========>                                       ]  135.3MB/595.5MB
 7aee18c98c59 Downloading [===========>                                       ]  135.3MB/595.5MB
 7aee18c98c59 Downloading [===========>                                       ]  135.3MB/595.5MB
 7aee18c98c59 Downloading [===========>                                       ]  135.3MB/595.5MB
 7aee18c98c59 Downloading [===========>                                       ]  135.3MB/595.5MB
 7aee18c98c59 Downloading [===========>                                       ]  135.3MB/595.5MB
 7aee18c98c59 Downloading [===========>                                       ]  135.3MB/595.5MB
 7aee18c98c59 Downloading [===========>                                       ]  136.3MB/595.5MB
 7aee18c98c59 Downloading [===========>                                       ]  136.3MB/595.5MB
 7aee18c98c59 Downloading [===========>                                       ]  136.3MB/595.5MB
 7aee18c98c59 Downloading [===========>                                       ]  136.3MB/595.5MB
 7aee18c98c59 Downloading [===========>                                       ]  137.4MB/595.5MB
 7aee18c98c59 Downloading [===========>                                       ]  137.4MB/595.5MB
 7aee18c98c59 Downloading [===========>                                       ]  137.4MB/595.5MB
 7aee18c98c59 Downloading [===========>                                       ]  137.4MB/595.5MB
 7aee18c98c59 Downloading [===========>                                       ]  137.4MB/595.5MB
 7aee18c98c59 Downloading [===========>                                       ]  137.4MB/595.5MB
 7aee18c98c59 Downloading [===========>                                       ]  137.4MB/595.5MB
 7aee18c98c59 Downloading [===========>                                       ]  137.4MB/595.5MB
 7aee18c98c59 Downloading [===========>                                       ]  137.4MB/595.5MB
 7aee18c98c59 Downloading [===========>                                       ]  137.4MB/595.5MB
 7aee18c98c59 Downloading [===========>                                       ]  138.4MB/595.5MB
 7aee18c98c59 Downloading [===========>                                       ]  138.4MB/595.5MB
 7aee18c98c59 Downloading [===========>                                       ]  138.4MB/595.5MB
 7aee18c98c59 Downloading [===========>                                       ]  138.4MB/595.5MB
 7aee18c98c59 Downloading [===========>                                       ]  138.4MB/595.5MB
 7aee18c98c59 Downloading [===========>                                       ]  138.4MB/595.5MB
 7aee18c98c59 Downloading [===========>                                       ]  138.4MB/595.5MB
 7aee18c98c59 Downloading [===========>                                       ]  138.4MB/595.5MB
 7aee18c98c59 Downloading [===========>                                       ]  138.4MB/595.5MB
 7aee18c98c59 Downloading [===========>                                       ]  138.4MB/595.5MB
 7aee18c98c59 Downloading [===========>                                       ]  138.4MB/595.5MB
 7aee18c98c59 Downloading [===========>                                       ]  138.4MB/595.5MB
 7aee18c98c59 Downloading [===========>                                       ]  139.5MB/595.5MB
 7aee18c98c59 Downloading [===========>                                       ]  139.5MB/595.5MB
 7aee18c98c59 Downloading [===========>                                       ]  139.5MB/595.5MB
 7aee18c98c59 Downloading [===========>                                       ]  139.5MB/595.5MB
 7aee18c98c59 Downloading [===========>                                       ]  139.5MB/595.5MB
 7aee18c98c59 Downloading [===========>                                       ]  139.5MB/595.5MB
 7aee18c98c59 Downloading [===========>                                       ]  139.5MB/595.5MB
 7aee18c98c59 Downloading [===========>                                       ]  139.5MB/595.5MB
 7aee18c98c59 Downloading [===========>                                       ]  139.5MB/595.5MB
 7aee18c98c59 Downloading [===========>                                       ]  139.5MB/595.5MB
 7aee18c98c59 Downloading [===========>                                       ]  139.5MB/595.5MB
 7aee18c98c59 Downloading [===========>                                       ]  140.5MB/595.5MB
 7aee18c98c59 Downloading [===========>                                       ]  140.5MB/595.5MB
 7aee18c98c59 Downloading [===========>                                       ]  140.5MB/595.5MB
 7aee18c98c59 Downloading [===========>                                       ]  140.5MB/595.5MB
 7aee18c98c59 Downloading [===========>                                       ]  140.5MB/595.5MB
 7aee18c98c59 Downloading [===========>                                       ]  140.5MB/595.5MB
 7aee18c98c59 Downloading [===========>                                       ]  140.5MB/595.5MB
 7aee18c98c59 Downloading [===========>                                       ]  140.5MB/595.5MB
 7aee18c98c59 Downloading [===========>                                       ]  140.5MB/595.5MB
 7aee18c98c59 Downloading [===========>                                       ]  140.5MB/595.5MB
 7aee18c98c59 Downloading [===========>                                       ]  140.5MB/595.5MB
 7aee18c98c59 Downloading [===========>                                       ]  140.5MB/595.5MB
 7aee18c98c59 Downloading [===========>                                       ]  141.6MB/595.5MB
 7aee18c98c59 Downloading [===========>                                       ]  141.6MB/595.5MB
 7aee18c98c59 Downloading [===========>                                       ]  141.6MB/595.5MB
 7aee18c98c59 Downloading [===========>                                       ]  141.6MB/595.5MB
 7aee18c98c59 Downloading [===========>                                       ]  141.6MB/595.5MB
 7aee18c98c59 Downloading [===========>                                       ]  141.6MB/595.5MB
 7aee18c98c59 Downloading [===========>                                       ]  141.6MB/595.5MB
 7aee18c98c59 Downloading [===========>                                       ]  141.6MB/595.5MB
 7aee18c98c59 Downloading [===========>                                       ]  141.6MB/595.5MB
 7aee18c98c59 Downloading [===========>                                       ]  141.6MB/595.5MB
 7aee18c98c59 Downloading [===========>                                       ]  141.6MB/595.5MB
 7aee18c98c59 Downloading [===========>                                       ]  141.6MB/595.5MB
 7aee18c98c59 Downloading [===========>                                       ]  141.6MB/595.5MB
 7aee18c98c59 Downloading [===========>                                       ]  141.6MB/595.5MB
 7aee18c98c59 Downloading [===========>                                       ]  141.6MB/595.5MB
 7aee18c98c59 Downloading [===========>                                       ]  142.6MB/595.5MB
 7aee18c98c59 Downloading [===========>                                       ]  142.6MB/595.5MB
 7aee18c98c59 Downloading [===========>                                       ]  142.6MB/595.5MB
 7aee18c98c59 Downloading [===========>                                       ]  142.6MB/595.5MB
 7aee18c98c59 Downloading [===========>                                       ]  142.6MB/595.5MB
 7aee18c98c59 Downloading [===========>                                       ]  142.6MB/595.5MB
 7aee18c98c59 Downloading [===========>                                       ]  142.6MB/595.5MB
 7aee18c98c59 Downloading [===========>                                       ]  142.6MB/595.5MB
 7aee18c98c59 Downloading [===========>                                       ]  142.6MB/595.5MB
 7aee18c98c59 Downloading [===========>                                       ]  142.6MB/595.5MB
 7aee18c98c59 Downloading [===========>                                       ]  142.6MB/595.5MB
 7aee18c98c59 Downloading [===========>                                       ]  142.6MB/595.5MB
 7aee18c98c59 Downloading [===========>                                       ]  142.6MB/595.5MB
 7aee18c98c59 Downloading [===========>                                       ]  142.6MB/595.5MB
 7aee18c98c59 Downloading [===========>                                       ]  142.6MB/595.5MB
 7aee18c98c59 Downloading [============>                                      ]  143.7MB/595.5MB
 7aee18c98c59 Downloading [============>                                      ]  143.7MB/595.5MB
 7aee18c98c59 Downloading [============>                                      ]  143.7MB/595.5MB
 7aee18c98c59 Downloading [============>                                      ]  143.7MB/595.5MB
 7aee18c98c59 Downloading [============>                                      ]  143.7MB/595.5MB
 7aee18c98c59 Downloading [============>                                      ]  143.7MB/595.5MB
 7aee18c98c59 Downloading [============>                                      ]  143.7MB/595.5MB
 7aee18c98c59 Downloading [============>                                      ]  143.7MB/595.5MB
 7aee18c98c59 Downloading [============>                                      ]  143.7MB/595.5MB
 7aee18c98c59 Downloading [============>                                      ]  143.7MB/595.5MB
 7aee18c98c59 Downloading [============>                                      ]  143.7MB/595.5MB
 7aee18c98c59 Downloading [============>                                      ]  143.7MB/595.5MB
 7aee18c98c59 Downloading [============>                                      ]  143.7MB/595.5MB
 7aee18c98c59 Downloading [============>                                      ]  143.7MB/595.5MB
 7aee18c98c59 Downloading [============>                                      ]  143.7MB/595.5MB
 7aee18c98c59 Downloading [============>                                      ]  143.7MB/595.5MB
 7aee18c98c59 Downloading [============>                                      ]  144.7MB/595.5MB
 7aee18c98c59 Downloading [============>                                      ]  144.7MB/595.5MB
 7aee18c98c59 Downloading [============>                                      ]  144.7MB/595.5MB
 7aee18c98c59 Downloading [============>                                      ]  144.7MB/595.5MB
 7aee18c98c59 Downloading [============>                                      ]  144.7MB/595.5MB
 7aee18c98c59 Downloading [============>                                      ]  144.7MB/595.5MB
 7aee18c98c59 Downloading [============>                                      ]  144.7MB/595.5MB
 7aee18c98c59 Downloading [============>                                      ]  144.7MB/595.5MB
 7aee18c98c59 Downloading [============>                                      ]  144.7MB/595.5MB
 7aee18c98c59 Downloading [============>                                      ]  144.7MB/595.5MB
 7aee18c98c59 Downloading [============>                                      ]  145.8MB/595.5MB
 7aee18c98c59 Downloading [============>                                      ]  145.8MB/595.5MB
 7aee18c98c59 Downloading [============>                                      ]  145.8MB/595.5MB
 7aee18c98c59 Downloading [============>                                      ]  145.8MB/595.5MB
 7aee18c98c59 Downloading [============>                                      ]  145.8MB/595.5MB
 7aee18c98c59 Downloading [============>                                      ]  145.8MB/595.5MB
 7aee18c98c59 Downloading [============>                                      ]  145.8MB/595.5MB
 7aee18c98c59 Downloading [============>                                      ]  145.8MB/595.5MB
 7aee18c98c59 Downloading [============>                                      ]  145.8MB/595.5MB
 7aee18c98c59 Downloading [============>                                      ]  145.8MB/595.5MB
 7aee18c98c59 Downloading [============>                                      ]  145.8MB/595.5MB
 7aee18c98c59 Downloading [============>                                      ]  145.8MB/595.5MB
 7aee18c98c59 Downloading [============>                                      ]  146.8MB/595.5MB
 7aee18c98c59 Downloading [============>                                      ]  146.8MB/595.5MB
 7aee18c98c59 Downloading [============>                                      ]  146.8MB/595.5MB
 7aee18c98c59 Downloading [============>                                      ]  146.8MB/595.5MB
 7aee18c98c59 Downloading [============>                                      ]  146.8MB/595.5MB
 7aee18c98c59 Downloading [============>                                      ]  146.8MB/595.5MB
 7aee18c98c59 Downloading [============>                                      ]  146.8MB/595.5MB
 7aee18c98c59 Downloading [============>                                      ]  146.8MB/595.5MB
 7aee18c98c59 Downloading [============>                                      ]  146.8MB/595.5MB
 7aee18c98c59 Downloading [============>                                      ]  146.8MB/595.5MB
 7aee18c98c59 Downloading [============>                                      ]  146.8MB/595.5MB
 7aee18c98c59 Downloading [============>                                      ]  146.8MB/595.5MB
 7aee18c98c59 Downloading [============>                                      ]  146.8MB/595.5MB
 7aee18c98c59 Downloading [============>                                      ]  146.8MB/595.5MB
 7aee18c98c59 Downloading [============>                                      ]  146.8MB/595.5MB
 7aee18c98c59 Downloading [============>                                      ]  146.8MB/595.5MB
 7aee18c98c59 Downloading [============>                                      ]  146.8MB/595.5MB
 7aee18c98c59 Downloading [============>                                      ]  146.8MB/595.5MB
 7aee18c98c59 Downloading [============>                                      ]  147.8MB/595.5MB
 7aee18c98c59 Downloading [============>                                      ]  147.8MB/595.5MB
 7aee18c98c59 Downloading [============>                                      ]  147.8MB/595.5MB
 7aee18c98c59 Downloading [============>                                      ]  147.8MB/595.5MB
 7aee18c98c59 Downloading [============>                                      ]  147.8MB/595.5MB
 7aee18c98c59 Downloading [============>                                      ]  147.8MB/595.5MB
 7aee18c98c59 Downloading [============>                                      ]  147.8MB/595.5MB
 7aee18c98c59 Downloading [============>                                      ]  147.8MB/595.5MB
 7aee18c98c59 Downloading [============>                                      ]  147.8MB/595.5MB
 7aee18c98c59 Downloading [============>                                      ]  147.8MB/595.5MB
 7aee18c98c59 Downloading [============>                                      ]  148.9MB/595.5MB
 7aee18c98c59 Downloading [============>                                      ]  148.9MB/595.5MB
 7aee18c98c59 Downloading [============>                                      ]  148.9MB/595.5MB
 7aee18c98c59 Downloading [============>                                      ]  148.9MB/595.5MB
 7aee18c98c59 Downloading [============>                                      ]  148.9MB/595.5MB
 7aee18c98c59 Downloading [============>                                      ]  148.9MB/595.5MB
 7aee18c98c59 Downloading [============>                                      ]  148.9MB/595.5MB
 7aee18c98c59 Downloading [============>                                      ]  148.9MB/595.5MB
 7aee18c98c59 Downloading [============>                                      ]  149.9MB/595.5MB
 7aee18c98c59 Downloading [============>                                      ]  149.9MB/595.5MB
 7aee18c98c59 Downloading [============>                                      ]  149.9MB/595.5MB
 7aee18c98c59 Downloading [============>                                      ]  149.9MB/595.5MB
 7aee18c98c59 Downloading [============>                                      ]  149.9MB/595.5MB
 7aee18c98c59 Downloading [============>                                      ]  149.9MB/595.5MB
 7aee18c98c59 Downloading [============>                                      ]  149.9MB/595.5MB
 7aee18c98c59 Downloading [============>                                      ]  149.9MB/595.5MB
 7aee18c98c59 Downloading [============>                                      ]    151MB/595.5MB
 7aee18c98c59 Downloading [============>                                      ]    151MB/595.5MB
 7aee18c98c59 Downloading [============>                                      ]    151MB/595.5MB
 7aee18c98c59 Downloading [============>                                      ]    151MB/595.5MB
 7aee18c98c59 Downloading [============>                                      ]    151MB/595.5MB
 7aee18c98c59 Downloading [============>                                      ]    151MB/595.5MB
 7aee18c98c59 Downloading [============>                                      ]    151MB/595.5MB
 7aee18c98c59 Downloading [============>                                      ]    151MB/595.5MB
 7aee18c98c59 Downloading [============>                                      ]    151MB/595.5MB
 7aee18c98c59 Downloading [============>                                      ]    152MB/595.5MB
 7aee18c98c59 Downloading [============>                                      ]    152MB/595.5MB
 7aee18c98c59 Downloading [============>                                      ]    152MB/595.5MB
 7aee18c98c59 Downloading [============>                                      ]    152MB/595.5MB
 7aee18c98c59 Downloading [============>                                      ]    152MB/595.5MB
 7aee18c98c59 Downloading [============>                                      ]    152MB/595.5MB
 7aee18c98c59 Downloading [============>                                      ]    152MB/595.5MB
 7aee18c98c59 Downloading [============>                                      ]    152MB/595.5MB
 7aee18c98c59 Downloading [============>                                      ]  153.1MB/595.5MB
 7aee18c98c59 Downloading [============>                                      ]  153.1MB/595.5MB
 7aee18c98c59 Downloading [============>                                      ]  153.1MB/595.5MB
 7aee18c98c59 Downloading [============>                                      ]  153.1MB/595.5MB
 7aee18c98c59 Downloading [============>                                      ]  153.1MB/595.5MB
 7aee18c98c59 Downloading [============>                                      ]  153.1MB/595.5MB
 7aee18c98c59 Downloading [============>                                      ]  153.1MB/595.5MB
 7aee18c98c59 Downloading [============>                                      ]  153.1MB/595.5MB
 7aee18c98c59 Downloading [============>                                      ]  153.1MB/595.5MB
 7aee18c98c59 Downloading [============>                                      ]  153.1MB/595.5MB
 7aee18c98c59 Downloading [============>                                      ]  153.1MB/595.5MB
 7aee18c98c59 Downloading [============>                                      ]  153.1MB/595.5MB
 7aee18c98c59 Downloading [============>                                      ]  153.1MB/595.5MB
 7aee18c98c59 Downloading [============>                                      ]  153.1MB/595.5MB
 7aee18c98c59 Downloading [============>                                      ]  153.1MB/595.5MB
 7aee18c98c59 Downloading [============>                                      ]  153.1MB/595.5MB
 7aee18c98c59 Downloading [============>                                      ]  154.1MB/595.5MB
 7aee18c98c59 Downloading [============>                                      ]  154.1MB/595.5MB
 7aee18c98c59 Downloading [============>                                      ]  154.1MB/595.5MB
 7aee18c98c59 Downloading [============>                                      ]  154.1MB/595.5MB
 7aee18c98c59 Downloading [============>                                      ]  154.1MB/595.5MB
 7aee18c98c59 Downloading [============>                                      ]  154.1MB/595.5MB
 7aee18c98c59 Downloading [============>                                      ]  154.1MB/595.5MB
 7aee18c98c59 Downloading [============>                                      ]  154.1MB/595.5MB
 7aee18c98c59 Downloading [============>                                      ]  154.1MB/595.5MB
 7aee18c98c59 Downloading [============>                                      ]  154.1MB/595.5MB
 7aee18c98c59 Downloading [=============>                                     ]  155.2MB/595.5MB
 7aee18c98c59 Downloading [=============>                                     ]  155.2MB/595.5MB
 7aee18c98c59 Downloading [=============>                                     ]  155.2MB/595.5MB
 7aee18c98c59 Downloading [=============>                                     ]  155.2MB/595.5MB
 7aee18c98c59 Downloading [=============>                                     ]  155.2MB/595.5MB
 7aee18c98c59 Downloading [=============>                                     ]  155.2MB/595.5MB
 7aee18c98c59 Downloading [=============>                                     ]  155.2MB/595.5MB
 7aee18c98c59 Downloading [=============>                                     ]  155.2MB/595.5MB
 7aee18c98c59 Downloading [=============>                                     ]  155.2MB/595.5MB
 7aee18c98c59 Downloading [=============>                                     ]  156.2MB/595.5MB
 7aee18c98c59 Downloading [=============>                                     ]  156.2MB/595.5MB
 7aee18c98c59 Downloading [=============>                                     ]  156.2MB/595.5MB
 7aee18c98c59 Downloading [=============>                                     ]  156.2MB/595.5MB
 7aee18c98c59 Downloading [=============>                                     ]  156.2MB/595.5MB
 7aee18c98c59 Downloading [=============>                                     ]  156.2MB/595.5MB
 7aee18c98c59 Downloading [=============>                                     ]  156.2MB/595.5MB
 7aee18c98c59 Downloading [=============>                                     ]  156.2MB/595.5MB
 7aee18c98c59 Downloading [=============>                                     ]  156.2MB/595.5MB
 7aee18c98c59 Downloading [=============>                                     ]  156.2MB/595.5MB
 7aee18c98c59 Downloading [=============>                                     ]  157.3MB/595.5MB
 7aee18c98c59 Downloading [=============>                                     ]  157.3MB/595.5MB
 7aee18c98c59 Downloading [=============>                                     ]  157.3MB/595.5MB
 7aee18c98c59 Downloading [=============>                                     ]  157.3MB/595.5MB
 7aee18c98c59 Downloading [=============>                                     ]  157.3MB/595.5MB
 7aee18c98c59 Downloading [=============>                                     ]  157.3MB/595.5MB
 7aee18c98c59 Downloading [=============>                                     ]  157.3MB/595.5MB
 7aee18c98c59 Downloading [=============>                                     ]  158.3MB/595.5MB
 7aee18c98c59 Downloading [=============>                                     ]  158.3MB/595.5MB
 7aee18c98c59 Downloading [=============>                                     ]  158.3MB/595.5MB
 7aee18c98c59 Downloading [=============>                                     ]  158.3MB/595.5MB
 7aee18c98c59 Downloading [=============>                                     ]  158.3MB/595.5MB
 7aee18c98c59 Downloading [=============>                                     ]  158.3MB/595.5MB
 7aee18c98c59 Downloading [=============>                                     ]  158.3MB/595.5MB
 7aee18c98c59 Downloading [=============>                                     ]  158.3MB/595.5MB
 7aee18c98c59 Downloading [=============>                                     ]  158.3MB/595.5MB
 7aee18c98c59 Downloading [=============>                                     ]  158.3MB/595.5MB
 7aee18c98c59 Downloading [=============>                                     ]  158.3MB/595.5MB
 7aee18c98c59 Downloading [=============>                                     ]  158.3MB/595.5MB
 7aee18c98c59 Downloading [=============>                                     ]  158.3MB/595.5MB
 7aee18c98c59 Downloading [=============>                                     ]  158.3MB/595.5MB
 7aee18c98c59 Downloading [=============>                                     ]  158.3MB/595.5MB
 7aee18c98c59 Downloading [=============>                                     ]  158.3MB/595.5MB
 7aee18c98c59 Downloading [=============>                                     ]  158.3MB/595.5MB
 7aee18c98c59 Downloading [=============>                                     ]  158.3MB/595.5MB
 7aee18c98c59 Downloading [=============>                                     ]  158.3MB/595.5MB
 7aee18c98c59 Downloading [=============>                                     ]  158.3MB/595.5MB
 7aee18c98c59 Downloading [=============>                                     ]  159.4MB/595.5MB
 7aee18c98c59 Downloading [=============>                                     ]  159.4MB/595.5MB
 7aee18c98c59 Downloading [=============>                                     ]  159.4MB/595.5MB
 7aee18c98c59 Downloading [=============>                                     ]  159.4MB/595.5MB
 7aee18c98c59 Downloading [=============>                                     ]  159.4MB/595.5MB
 7aee18c98c59 Downloading [=============>                                     ]  159.4MB/595.5MB
 7aee18c98c59 Downloading [=============>                                     ]  159.4MB/595.5MB
 7aee18c98c59 Downloading [=============>                                     ]  159.4MB/595.5MB
 7aee18c98c59 Downloading [=============>                                     ]  160.4MB/595.5MB
 7aee18c98c59 Downloading [=============>                                     ]  160.4MB/595.5MB
 7aee18c98c59 Downloading [=============>                                     ]  160.4MB/595.5MB
 7aee18c98c59 Downloading [=============>                                     ]  160.4MB/595.5MB
 7aee18c98c59 Downloading [=============>                                     ]  160.4MB/595.5MB
 7aee18c98c59 Downloading [=============>                                     ]  160.4MB/595.5MB
 7aee18c98c59 Downloading [=============>                                     ]  160.4MB/595.5MB
 7aee18c98c59 Downloading [=============>                                     ]  160.4MB/595.5MB
 7aee18c98c59 Downloading [=============>                                     ]  160.4MB/595.5MB
 7aee18c98c59 Downloading [=============>                                     ]  161.5MB/595.5MB
 7aee18c98c59 Downloading [=============>                                     ]  161.5MB/595.5MB
 7aee18c98c59 Downloading [=============>                                     ]  161.5MB/595.5MB
 7aee18c98c59 Downloading [=============>                                     ]  161.5MB/595.5MB
 7aee18c98c59 Downloading [=============>                                     ]  161.5MB/595.5MB
 7aee18c98c59 Downloading [=============>                                     ]  161.5MB/595.5MB
 7aee18c98c59 Downloading [=============>                                     ]  161.5MB/595.5MB
 7aee18c98c59 Downloading [=============>                                     ]  161.5MB/595.5MB
 7aee18c98c59 Downloading [=============>                                     ]  161.5MB/595.5MB
 7aee18c98c59 Downloading [=============>                                     ]  162.5MB/595.5MB
 7aee18c98c59 Downloading [=============>                                     ]  162.5MB/595.5MB
 7aee18c98c59 Downloading [=============>                                     ]  162.5MB/595.5MB
 7aee18c98c59 Downloading [=============>                                     ]  162.5MB/595.5MB
 7aee18c98c59 Downloading [=============>                                     ]  162.5MB/595.5MB
 7aee18c98c59 Downloading [=============>                                     ]  162.5MB/595.5MB
 7aee18c98c59 Downloading [=============>                                     ]  162.5MB/595.5MB
 7aee18c98c59 Downloading [=============>                                     ]  162.5MB/595.5MB
 7aee18c98c59 Downloading [=============>                                     ]  162.5MB/595.5MB
 7aee18c98c59 Downloading [=============>                                     ]  162.5MB/595.5MB
 7aee18c98c59 Downloading [=============>                                     ]  163.6MB/595.5MB
 7aee18c98c59 Downloading [=============>                                     ]  163.6MB/595.5MB
 7aee18c98c59 Downloading [=============>                                     ]  163.6MB/595.5MB
 7aee18c98c59 Downloading [=============>                                     ]  163.6MB/595.5MB
 7aee18c98c59 Downloading [=============>                                     ]  163.6MB/595.5MB
 7aee18c98c59 Downloading [=============>                                     ]  163.6MB/595.5MB
 7aee18c98c59 Downloading [=============>                                     ]  163.6MB/595.5MB
 7aee18c98c59 Downloading [=============>                                     ]  163.6MB/595.5MB
 7aee18c98c59 Downloading [=============>                                     ]  163.6MB/595.5MB
 7aee18c98c59 Downloading [=============>                                     ]  164.6MB/595.5MB
 7aee18c98c59 Downloading [=============>                                     ]  164.6MB/595.5MB
 7aee18c98c59 Downloading [=============>                                     ]  164.6MB/595.5MB
 7aee18c98c59 Downloading [=============>                                     ]  164.6MB/595.5MB
 7aee18c98c59 Downloading [=============>                                     ]  164.6MB/595.5MB
 7aee18c98c59 Downloading [=============>                                     ]  164.6MB/595.5MB
 7aee18c98c59 Downloading [=============>                                     ]  165.7MB/595.5MB
 7aee18c98c59 Downloading [=============>                                     ]  165.7MB/595.5MB
 7aee18c98c59 Downloading [=============>                                     ]  165.7MB/595.5MB
 7aee18c98c59 Downloading [=============>                                     ]  165.7MB/595.5MB
 7aee18c98c59 Downloading [=============>                                     ]  165.7MB/595.5MB
 7aee18c98c59 Downloading [=============>                                     ]  165.7MB/595.5MB
 7aee18c98c59 Downloading [=============>                                     ]  165.7MB/595.5MB
 7aee18c98c59 Downloading [=============>                                     ]  165.7MB/595.5MB
 7aee18c98c59 Downloading [=============>                                     ]  165.7MB/595.5MB
 7aee18c98c59 Downloading [=============>                                     ]  165.7MB/595.5MB
 7aee18c98c59 Downloading [=============>                                     ]  165.7MB/595.5MB
 7aee18c98c59 Downloading [=============>                                     ]  166.7MB/595.5MB
 7aee18c98c59 Downloading [=============>                                     ]  166.7MB/595.5MB
 7aee18c98c59 Downloading [=============>                                     ]  166.7MB/595.5MB
 7aee18c98c59 Downloading [=============>                                     ]  166.7MB/595.5MB
 7aee18c98c59 Downloading [=============>                                     ]  166.7MB/595.5MB
 7aee18c98c59 Downloading [=============>                                     ]  166.7MB/595.5MB
 7aee18c98c59 Downloading [=============>                                     ]  166.7MB/595.5MB
 7aee18c98c59 Downloading [==============>                                    ]  167.8MB/595.5MB
 7aee18c98c59 Downloading [==============>                                    ]  167.8MB/595.5MB
 7aee18c98c59 Downloading [==============>                                    ]  167.8MB/595.5MB
 7aee18c98c59 Downloading [==============>                                    ]  167.8MB/595.5MB
 7aee18c98c59 Downloading [==============>                                    ]  167.8MB/595.5MB
 7aee18c98c59 Downloading [==============>                                    ]  167.8MB/595.5MB
 7aee18c98c59 Downloading [==============>                                    ]  167.8MB/595.5MB
 7aee18c98c59 Downloading [==============>                                    ]  167.8MB/595.5MB
 7aee18c98c59 Downloading [==============>                                    ]  168.8MB/595.5MB
 7aee18c98c59 Downloading [==============>                                    ]  168.8MB/595.5MB
 7aee18c98c59 Downloading [==============>                                    ]  168.8MB/595.5MB
 7aee18c98c59 Downloading [==============>                                    ]  168.8MB/595.5MB
 7aee18c98c59 Downloading [==============>                                    ]  168.8MB/595.5MB
 7aee18c98c59 Downloading [==============>                                    ]  168.8MB/595.5MB
 7aee18c98c59 Downloading [==============>                                    ]  168.8MB/595.5MB
 7aee18c98c59 Downloading [==============>                                    ]  169.9MB/595.5MB
 7aee18c98c59 Downloading [==============>                                    ]  169.9MB/595.5MB
 7aee18c98c59 Downloading [==============>                                    ]  169.9MB/595.5MB
 7aee18c98c59 Downloading [==============>                                    ]  169.9MB/595.5MB
 7aee18c98c59 Downloading [==============>                                    ]  169.9MB/595.5MB
 7aee18c98c59 Downloading [==============>                                    ]  169.9MB/595.5MB
 7aee18c98c59 Downloading [==============>                                    ]  169.9MB/595.5MB
 7aee18c98c59 Downloading [==============>                                    ]  170.9MB/595.5MB
 7aee18c98c59 Downloading [==============>                                    ]  170.9MB/595.5MB
 7aee18c98c59 Downloading [==============>                                    ]  170.9MB/595.5MB
 7aee18c98c59 Downloading [==============>                                    ]  170.9MB/595.5MB
 7aee18c98c59 Downloading [==============>                                    ]  170.9MB/595.5MB
 7aee18c98c59 Downloading [==============>                                    ]  170.9MB/595.5MB
 7aee18c98c59 Downloading [==============>                                    ]  170.9MB/595.5MB
 7aee18c98c59 Downloading [==============>                                    ]  170.9MB/595.5MB
 7aee18c98c59 Downloading [==============>                                    ]  170.9MB/595.5MB
 7aee18c98c59 Downloading [==============>                                    ]  170.9MB/595.5MB
 7aee18c98c59 Downloading [==============>                                    ]  170.9MB/595.5MB
 7aee18c98c59 Downloading [==============>                                    ]  170.9MB/595.5MB
 7aee18c98c59 Downloading [==============>                                    ]  170.9MB/595.5MB
 7aee18c98c59 Downloading [==============>                                    ]  170.9MB/595.5MB
 7aee18c98c59 Downloading [==============>                                    ]  170.9MB/595.5MB
 7aee18c98c59 Downloading [==============>                                    ]    172MB/595.5MB
 7aee18c98c59 Downloading [==============>                                    ]    172MB/595.5MB
 7aee18c98c59 Downloading [==============>                                    ]    172MB/595.5MB
 7aee18c98c59 Downloading [==============>                                    ]    172MB/595.5MB
 7aee18c98c59 Downloading [==============>                                    ]    172MB/595.5MB
 7aee18c98c59 Downloading [==============>                                    ]    172MB/595.5MB
 7aee18c98c59 Downloading [==============>                                    ]    172MB/595.5MB
 7aee18c98c59 Downloading [==============>                                    ]    172MB/595.5MB
 7aee18c98c59 Downloading [==============>                                    ]    172MB/595.5MB
 7aee18c98c59 Downloading [==============>                                    ]    172MB/595.5MB
 7aee18c98c59 Downloading [==============>                                    ]    172MB/595.5MB
 7aee18c98c59 Downloading [==============>                                    ]    172MB/595.5MB
 7aee18c98c59 Downloading [==============>                                    ]    172MB/595.5MB
 7aee18c98c59 Downloading [==============>                                    ]    172MB/595.5MB
 7aee18c98c59 Downloading [==============>                                    ]    172MB/595.5MB
 7aee18c98c59 Downloading [==============>                                    ]    172MB/595.5MB
 7aee18c98c59 Downloading [==============>                                    ]    172MB/595.5MB
 7aee18c98c59 Downloading [==============>                                    ]    172MB/595.5MB
 7aee18c98c59 Downloading [==============>                                    ]    172MB/595.5MB
 7aee18c98c59 Downloading [==============>                                    ]    173MB/595.5MB
 7aee18c98c59 Downloading [==============>                                    ]    173MB/595.5MB
 7aee18c98c59 Downloading [==============>                                    ]    173MB/595.5MB
 7aee18c98c59 Downloading [==============>                                    ]    173MB/595.5MB
 7aee18c98c59 Downloading [==============>                                    ]    173MB/595.5MB
 7aee18c98c59 Downloading [==============>                                    ]    173MB/595.5MB
 7aee18c98c59 Downloading [==============>                                    ]    173MB/595.5MB
 7aee18c98c59 Downloading [==============>                                    ]    173MB/595.5MB
 7aee18c98c59 Downloading [==============>                                    ]    173MB/595.5MB
 7aee18c98c59 Downloading [==============>                                    ]    173MB/595.5MB
 7aee18c98c59 Downloading [==============>                                    ]    173MB/595.5MB
 7aee18c98c59 Downloading [==============>                                    ]    173MB/595.5MB
 7aee18c98c59 Downloading [==============>                                    ]    173MB/595.5MB
 7aee18c98c59 Downloading [==============>                                    ]    173MB/595.5MB
 7aee18c98c59 Downloading [==============>                                    ]    173MB/595.5MB
 7aee18c98c59 Downloading [==============>                                    ]    173MB/595.5MB
 7aee18c98c59 Downloading [==============>                                    ]    173MB/595.5MB
 7aee18c98c59 Downloading [==============>                                    ]    173MB/595.5MB
 7aee18c98c59 Downloading [==============>                                    ]  174.1MB/595.5MB
 7aee18c98c59 Downloading [==============>                                    ]  174.1MB/595.5MB
 7aee18c98c59 Downloading [==============>                                    ]  174.1MB/595.5MB
 7aee18c98c59 Downloading [==============>                                    ]  174.1MB/595.5MB
 7aee18c98c59 Downloading [==============>                                    ]  174.1MB/595.5MB
 7aee18c98c59 Downloading [==============>                                    ]  174.1MB/595.5MB
 7aee18c98c59 Downloading [==============>                                    ]  174.1MB/595.5MB
 7aee18c98c59 Downloading [==============>                                    ]  174.1MB/595.5MB
 7aee18c98c59 Downloading [==============>                                    ]  175.1MB/595.5MB
 7aee18c98c59 Downloading [==============>                                    ]  175.1MB/595.5MB
 7aee18c98c59 Downloading [==============>                                    ]  175.1MB/595.5MB
 7aee18c98c59 Downloading [==============>                                    ]  175.1MB/595.5MB
 7aee18c98c59 Downloading [==============>                                    ]  175.1MB/595.5MB
 7aee18c98c59 Downloading [==============>                                    ]  175.1MB/595.5MB
 7aee18c98c59 Downloading [==============>                                    ]  175.1MB/595.5MB
 7aee18c98c59 Downloading [==============>                                    ]  175.1MB/595.5MB
 7aee18c98c59 Downloading [==============>                                    ]  175.1MB/595.5MB
 7aee18c98c59 Downloading [==============>                                    ]  175.1MB/595.5MB
 7aee18c98c59 Downloading [==============>                                    ]  175.1MB/595.5MB
 7aee18c98c59 Downloading [==============>                                    ]  175.1MB/595.5MB
 7aee18c98c59 Downloading [==============>                                    ]  175.1MB/595.5MB
 7aee18c98c59 Downloading [==============>                                    ]  175.1MB/595.5MB
 7aee18c98c59 Downloading [==============>                                    ]  175.1MB/595.5MB
 7aee18c98c59 Downloading [==============>                                    ]  176.2MB/595.5MB
 7aee18c98c59 Downloading [==============>                                    ]  176.2MB/595.5MB
 7aee18c98c59 Downloading [==============>                                    ]  176.2MB/595.5MB
 7aee18c98c59 Downloading [==============>                                    ]  176.2MB/595.5MB
 7aee18c98c59 Downloading [==============>                                    ]  176.2MB/595.5MB
 7aee18c98c59 Downloading [==============>                                    ]  176.2MB/595.5MB
 7aee18c98c59 Downloading [==============>                                    ]  176.2MB/595.5MB
 7aee18c98c59 Downloading [==============>                                    ]  176.2MB/595.5MB
 7aee18c98c59 Downloading [==============>                                    ]  176.2MB/595.5MB
 7aee18c98c59 Downloading [==============>                                    ]  176.2MB/595.5MB
 7aee18c98c59 Downloading [==============>                                    ]  176.2MB/595.5MB
 7aee18c98c59 Downloading [==============>                                    ]  176.2MB/595.5MB
 7aee18c98c59 Downloading [==============>                                    ]  176.2MB/595.5MB
 7aee18c98c59 Downloading [==============>                                    ]  176.2MB/595.5MB
 7aee18c98c59 Downloading [==============>                                    ]  176.2MB/595.5MB
 7aee18c98c59 Downloading [==============>                                    ]  176.2MB/595.5MB
 7aee18c98c59 Downloading [==============>                                    ]  176.2MB/595.5MB
 7aee18c98c59 Downloading [==============>                                    ]  177.2MB/595.5MB
 7aee18c98c59 Downloading [==============>                                    ]  177.2MB/595.5MB
 7aee18c98c59 Downloading [==============>                                    ]  177.2MB/595.5MB
 7aee18c98c59 Downloading [==============>                                    ]  177.2MB/595.5MB
 7aee18c98c59 Downloading [==============>                                    ]  177.2MB/595.5MB
 7aee18c98c59 Downloading [==============>                                    ]  177.2MB/595.5MB
 7aee18c98c59 Downloading [==============>                                    ]  177.2MB/595.5MB
 7aee18c98c59 Downloading [==============>                                    ]  177.2MB/595.5MB
 7aee18c98c59 Downloading [==============>                                    ]  177.2MB/595.5MB
 7aee18c98c59 Downloading [==============>                                    ]  177.2MB/595.5MB
 7aee18c98c59 Downloading [==============>                                    ]  177.2MB/595.5MB
 7aee18c98c59 Downloading [==============>                                    ]  177.2MB/595.5MB
 7aee18c98c59 Downloading [==============>                                    ]  177.2MB/595.5MB
 7aee18c98c59 Downloading [==============>                                    ]  177.2MB/595.5MB
 7aee18c98c59 Downloading [==============>                                    ]  177.2MB/595.5MB
 7aee18c98c59 Downloading [==============>                                    ]  177.2MB/595.5MB
 7aee18c98c59 Downloading [==============>                                    ]  177.2MB/595.5MB
 7aee18c98c59 Downloading [==============>                                    ]  177.2MB/595.5MB
 7aee18c98c59 Downloading [==============>                                    ]  177.2MB/595.5MB
 7aee18c98c59 Downloading [==============>                                    ]  177.2MB/595.5MB
 7aee18c98c59 Downloading [==============>                                    ]  177.2MB/595.5MB
 7aee18c98c59 Downloading [==============>                                    ]  177.2MB/595.5MB
 7aee18c98c59 Downloading [==============>                                    ]  177.2MB/595.5MB
 7aee18c98c59 Downloading [==============>                                    ]  177.2MB/595.5MB
 7aee18c98c59 Downloading [==============>                                    ]  177.2MB/595.5MB
 7aee18c98c59 Downloading [==============>                                    ]  177.2MB/595.5MB
 7aee18c98c59 Downloading [==============>                                    ]  177.2MB/595.5MB
 7aee18c98c59 Downloading [==============>                                    ]  177.2MB/595.5MB
 7aee18c98c59 Downloading [==============>                                    ]  177.2MB/595.5MB
 7aee18c98c59 Downloading [==============>                                    ]  178.3MB/595.5MB
 7aee18c98c59 Downloading [==============>                                    ]  178.3MB/595.5MB
 7aee18c98c59 Downloading [==============>                                    ]  178.3MB/595.5MB
 7aee18c98c59 Downloading [==============>                                    ]  178.3MB/595.5MB
 7aee18c98c59 Downloading [==============>                                    ]  178.3MB/595.5MB
 7aee18c98c59 Downloading [==============>                                    ]  178.3MB/595.5MB
 7aee18c98c59 Downloading [==============>                                    ]  178.3MB/595.5MB
 7aee18c98c59 Downloading [==============>                                    ]  178.3MB/595.5MB
 7aee18c98c59 Downloading [==============>                                    ]  178.3MB/595.5MB
 7aee18c98c59 Downloading [==============>                                    ]  178.3MB/595.5MB
 7aee18c98c59 Downloading [==============>                                    ]  178.3MB/595.5MB
 7aee18c98c59 Downloading [==============>                                    ]  178.3MB/595.5MB
 7aee18c98c59 Downloading [==============>                                    ]  178.3MB/595.5MB
 7aee18c98c59 Downloading [==============>                                    ]  178.3MB/595.5MB
 7aee18c98c59 Downloading [==============>                                    ]  178.3MB/595.5MB
 7aee18c98c59 Downloading [==============>                                    ]  178.3MB/595.5MB
 7aee18c98c59 Downloading [==============>                                    ]  178.3MB/595.5MB
 7aee18c98c59 Downloading [==============>                                    ]  178.3MB/595.5MB
 7aee18c98c59 Downloading [==============>                                    ]  178.3MB/595.5MB
 7aee18c98c59 Downloading [==============>                                    ]  178.3MB/595.5MB
 7aee18c98c59 Downloading [==============>                                    ]  178.3MB/595.5MB
 7aee18c98c59 Downloading [==============>                                    ]  178.3MB/595.5MB
 7aee18c98c59 Downloading [==============>                                    ]  178.3MB/595.5MB
 7aee18c98c59 Downloading [==============>                                    ]  178.3MB/595.5MB
 7aee18c98c59 Downloading [==============>                                    ]  178.3MB/595.5MB
 7aee18c98c59 Downloading [==============>                                    ]  178.3MB/595.5MB
 7aee18c98c59 Downloading [==============>                                    ]  178.3MB/595.5MB
 7aee18c98c59 Downloading [==============>                                    ]  178.3MB/595.5MB
 7aee18c98c59 Downloading [==============>                                    ]  178.3MB/595.5MB
 7aee18c98c59 Downloading [==============>                                    ]  178.3MB/595.5MB
 7aee18c98c59 Downloading [==============>                                    ]  178.3MB/595.5MB
 7aee18c98c59 Downloading [==============>                                    ]  178.3MB/595.5MB
 7aee18c98c59 Downloading [==============>                                    ]  178.3MB/595.5MB
 7aee18c98c59 Downloading [==============>                                    ]  178.3MB/595.5MB
 7aee18c98c59 Downloading [==============>                                    ]  178.3MB/595.5MB
 7aee18c98c59 Downloading [==============>                                    ]  178.3MB/595.5MB
 7aee18c98c59 Downloading [==============>                                    ]  178.3MB/595.5MB
 7aee18c98c59 Downloading [==============>                                    ]  178.3MB/595.5MB
 7aee18c98c59 Downloading [==============>                                    ]  178.3MB/595.5MB
 7aee18c98c59 Downloading [==============>                                    ]  178.3MB/595.5MB
 7aee18c98c59 Downloading [==============>                                    ]  178.3MB/595.5MB
 7aee18c98c59 Downloading [==============>                                    ]  178.3MB/595.5MB
 7aee18c98c59 Downloading [===============>                                   ]  179.3MB/595.5MB
 7aee18c98c59 Downloading [===============>                                   ]  179.3MB/595.5MB
 7aee18c98c59 Downloading [===============>                                   ]  179.3MB/595.5MB
 7aee18c98c59 Downloading [===============>                                   ]  179.3MB/595.5MB
 7aee18c98c59 Downloading [===============>                                   ]  179.3MB/595.5MB
 7aee18c98c59 Downloading [===============>                                   ]  179.3MB/595.5MB
 7aee18c98c59 Downloading [===============>                                   ]  179.3MB/595.5MB
 7aee18c98c59 Downloading [===============>                                   ]  179.3MB/595.5MB
 7aee18c98c59 Downloading [===============>                                   ]  179.3MB/595.5MB
 7aee18c98c59 Downloading [===============>                                   ]  179.3MB/595.5MB
 7aee18c98c59 Downloading [===============>                                   ]  179.3MB/595.5MB
 7aee18c98c59 Downloading [===============>                                   ]  179.3MB/595.5MB
 7aee18c98c59 Downloading [===============>                                   ]  179.3MB/595.5MB
 7aee18c98c59 Downloading [===============>                                   ]  179.3MB/595.5MB
 7aee18c98c59 Downloading [===============>                                   ]  180.4MB/595.5MB
 7aee18c98c59 Downloading [===============>                                   ]  180.4MB/595.5MB
 7aee18c98c59 Downloading [===============>                                   ]  180.4MB/595.5MB
 7aee18c98c59 Downloading [===============>                                   ]  180.4MB/595.5MB
 7aee18c98c59 Downloading [===============>                                   ]  180.4MB/595.5MB
 7aee18c98c59 Downloading [===============>                                   ]  180.4MB/595.5MB
 7aee18c98c59 Downloading [===============>                                   ]  180.4MB/595.5MB
 7aee18c98c59 Downloading [===============>                                   ]  180.4MB/595.5MB
 7aee18c98c59 Downloading [===============>                                   ]  180.4MB/595.5MB
 7aee18c98c59 Downloading [===============>                                   ]  180.4MB/595.5MB
 7aee18c98c59 Downloading [===============>                                   ]  180.4MB/595.5MB
 7aee18c98c59 Downloading [===============>                                   ]  180.4MB/595.5MB
 7aee18c98c59 Downloading [===============>                                   ]  180.4MB/595.5MB
 7aee18c98c59 Downloading [===============>                                   ]  180.4MB/595.5MB
 7aee18c98c59 Downloading [===============>                                   ]  180.4MB/595.5MB
 7aee18c98c59 Downloading [===============>                                   ]  180.4MB/595.5MB
 7aee18c98c59 Downloading [===============>                                   ]  180.4MB/595.5MB
 7aee18c98c59 Downloading [===============>                                   ]  180.4MB/595.5MB
 7aee18c98c59 Downloading [===============>                                   ]  180.4MB/595.5MB
 7aee18c98c59 Downloading [===============>                                   ]  180.4MB/595.5MB
 7aee18c98c59 Downloading [===============>                                   ]  180.4MB/595.5MB
 7aee18c98c59 Downloading [===============>                                   ]  180.4MB/595.5MB
 7aee18c98c59 Downloading [===============>                                   ]  180.4MB/595.5MB
 7aee18c98c59 Downloading [===============>                                   ]  180.4MB/595.5MB
 7aee18c98c59 Downloading [===============>                                   ]  180.4MB/595.5MB
 7aee18c98c59 Downloading [===============>                                   ]  180.4MB/595.5MB
 7aee18c98c59 Downloading [===============>                                   ]  181.4MB/595.5MB
 7aee18c98c59 Downloading [===============>                                   ]  181.4MB/595.5MB
 7aee18c98c59 Downloading [===============>                                   ]  181.4MB/595.5MB
 7aee18c98c59 Downloading [===============>                                   ]  181.4MB/595.5MB
 7aee18c98c59 Downloading [===============>                                   ]  181.4MB/595.5MB
 7aee18c98c59 Downloading [===============>                                   ]  181.4MB/595.5MB
 7aee18c98c59 Downloading [===============>                                   ]  181.4MB/595.5MB
 7aee18c98c59 Downloading [===============>                                   ]  181.4MB/595.5MB
 7aee18c98c59 Downloading [===============>                                   ]  181.4MB/595.5MB
 7aee18c98c59 Downloading [===============>                                   ]  181.4MB/595.5MB
 7aee18c98c59 Downloading [===============>                                   ]  181.4MB/595.5MB
 7aee18c98c59 Downloading [===============>                                   ]  181.4MB/595.5MB
 7aee18c98c59 Downloading [===============>                                   ]  181.4MB/595.5MB
 7aee18c98c59 Downloading [===============>                                   ]  181.4MB/595.5MB
 7aee18c98c59 Downloading [===============>                                   ]  181.4MB/595.5MB
 7aee18c98c59 Downloading [===============>                                   ]  182.5MB/595.5MB
 7aee18c98c59 Downloading [===============>                                   ]  182.5MB/595.5MB
 7aee18c98c59 Downloading [===============>                                   ]  182.5MB/595.5MB
 7aee18c98c59 Downloading [===============>                                   ]  182.5MB/595.5MB
 7aee18c98c59 Downloading [===============>                                   ]  182.5MB/595.5MB
 7aee18c98c59 Downloading [===============>                                   ]  182.5MB/595.5MB
 7aee18c98c59 Downloading [===============>                                   ]  182.5MB/595.5MB
 7aee18c98c59 Downloading [===============>                                   ]  182.5MB/595.5MB
 7aee18c98c59 Downloading [===============>                                   ]  182.5MB/595.5MB
 7aee18c98c59 Downloading [===============>                                   ]  182.5MB/595.5MB
 7aee18c98c59 Downloading [===============>                                   ]  182.5MB/595.5MB
 7aee18c98c59 Downloading [===============>                                   ]  182.5MB/595.5MB
 7aee18c98c59 Downloading [===============>                                   ]  182.5MB/595.5MB
 7aee18c98c59 Downloading [===============>                                   ]  182.5MB/595.5MB
 7aee18c98c59 Downloading [===============>                                   ]  182.5MB/595.5MB
 7aee18c98c59 Downloading [===============>                                   ]  182.5MB/595.5MB
 7aee18c98c59 Downloading [===============>                                   ]  182.5MB/595.5MB
 7aee18c98c59 Downloading [===============>                                   ]  182.5MB/595.5MB
 7aee18c98c59 Downloading [===============>                                   ]  182.5MB/595.5MB
 7aee18c98c59 Downloading [===============>                                   ]  182.5MB/595.5MB
 7aee18c98c59 Downloading [===============>                                   ]  182.5MB/595.5MB
 7aee18c98c59 Downloading [===============>                                   ]  182.5MB/595.5MB
 7aee18c98c59 Downloading [===============>                                   ]  182.5MB/595.5MB
 7aee18c98c59 Downloading [===============>                                   ]  183.5MB/595.5MB
 7aee18c98c59 Downloading [===============>                                   ]  183.5MB/595.5MB
 7aee18c98c59 Downloading [===============>                                   ]  183.5MB/595.5MB
 7aee18c98c59 Downloading [===============>                                   ]  183.5MB/595.5MB
 7aee18c98c59 Downloading [===============>                                   ]  183.5MB/595.5MB
 7aee18c98c59 Downloading [===============>                                   ]  183.5MB/595.5MB
 7aee18c98c59 Downloading [===============>                                   ]  183.5MB/595.5MB
 7aee18c98c59 Downloading [===============>                                   ]  183.5MB/595.5MB
 7aee18c98c59 Downloading [===============>                                   ]  183.5MB/595.5MB
 7aee18c98c59 Downloading [===============>                                   ]  183.5MB/595.5MB
 7aee18c98c59 Downloading [===============>                                   ]  183.5MB/595.5MB
 7aee18c98c59 Downloading [===============>                                   ]  183.5MB/595.5MB
 7aee18c98c59 Downloading [===============>                                   ]  183.5MB/595.5MB
 7aee18c98c59 Downloading [===============>                                   ]  183.5MB/595.5MB
 7aee18c98c59 Downloading [===============>                                   ]  183.5MB/595.5MB
 7aee18c98c59 Downloading [===============>                                   ]  183.5MB/595.5MB
 7aee18c98c59 Downloading [===============>                                   ]  183.5MB/595.5MB
 7aee18c98c59 Downloading [===============>                                   ]  183.5MB/595.5MB
 7aee18c98c59 Downloading [===============>                                   ]  183.5MB/595.5MB
 7aee18c98c59 Downloading [===============>                                   ]  183.5MB/595.5MB
 7aee18c98c59 Downloading [===============>                                   ]  183.5MB/595.5MB
 7aee18c98c59 Downloading [===============>                                   ]  183.5MB/595.5MB
 7aee18c98c59 Downloading [===============>                                   ]  183.5MB/595.5MB
 7aee18c98c59 Downloading [===============>                                   ]  183.5MB/595.5MB
 7aee18c98c59 Downloading [===============>                                   ]  183.5MB/595.5MB
 7aee18c98c59 Downloading [===============>                                   ]  183.5MB/595.5MB
 7aee18c98c59 Downloading [===============>                                   ]  183.5MB/595.5MB
 7aee18c98c59 Downloading [===============>                                   ]  183.5MB/595.5MB
 7aee18c98c59 Downloading [===============>                                   ]  183.5MB/595.5MB
 7aee18c98c59 Downloading [===============>                                   ]  183.5MB/595.5MB
 7aee18c98c59 Downloading [===============>                                   ]  184.5MB/595.5MB
 7aee18c98c59 Downloading [===============>                                   ]  184.5MB/595.5MB
 7aee18c98c59 Downloading [===============>                                   ]  184.5MB/595.5MB
 7aee18c98c59 Downloading [===============>                                   ]  184.5MB/595.5MB
 7aee18c98c59 Downloading [===============>                                   ]  184.5MB/595.5MB
 7aee18c98c59 Downloading [===============>                                   ]  184.5MB/595.5MB
 7aee18c98c59 Downloading [===============>                                   ]  184.5MB/595.5MB
 7aee18c98c59 Downloading [===============>                                   ]  184.5MB/595.5MB
 7aee18c98c59 Downloading [===============>                                   ]  184.5MB/595.5MB
 7aee18c98c59 Downloading [===============>                                   ]  184.5MB/595.5MB
 7aee18c98c59 Downloading [===============>                                   ]  184.5MB/595.5MB
 7aee18c98c59 Downloading [===============>                                   ]  184.5MB/595.5MB
 7aee18c98c59 Downloading [===============>                                   ]  184.5MB/595.5MB
 7aee18c98c59 Downloading [===============>                                   ]  184.5MB/595.5MB
 7aee18c98c59 Downloading [===============>                                   ]  184.5MB/595.5MB
 7aee18c98c59 Downloading [===============>                                   ]  184.5MB/595.5MB
 7aee18c98c59 Downloading [===============>                                   ]  184.5MB/595.5MB
 7aee18c98c59 Downloading [===============>                                   ]  184.5MB/595.5MB
 7aee18c98c59 Downloading [===============>                                   ]  184.5MB/595.5MB
 7aee18c98c59 Downloading [===============>                                   ]  185.6MB/595.5MB
 7aee18c98c59 Downloading [===============>                                   ]  185.6MB/595.5MB
 7aee18c98c59 Downloading [===============>                                   ]  185.6MB/595.5MB
 7aee18c98c59 Downloading [===============>                                   ]  185.6MB/595.5MB
 7aee18c98c59 Downloading [===============>                                   ]  185.6MB/595.5MB
 7aee18c98c59 Downloading [===============>                                   ]  185.6MB/595.5MB
 7aee18c98c59 Downloading [===============>                                   ]  185.6MB/595.5MB
 7aee18c98c59 Downloading [===============>                                   ]  185.6MB/595.5MB
 7aee18c98c59 Downloading [===============>                                   ]  185.6MB/595.5MB
 7aee18c98c59 Downloading [===============>                                   ]  185.6MB/595.5MB
 7aee18c98c59 Downloading [===============>                                   ]  185.6MB/595.5MB
 7aee18c98c59 Downloading [===============>                                   ]  185.6MB/595.5MB
 7aee18c98c59 Downloading [===============>                                   ]  185.6MB/595.5MB
 7aee18c98c59 Downloading [===============>                                   ]  185.6MB/595.5MB
 7aee18c98c59 Downloading [===============>                                   ]  185.6MB/595.5MB
 7aee18c98c59 Downloading [===============>                                   ]  185.6MB/595.5MB
 7aee18c98c59 Downloading [===============>                                   ]  186.6MB/595.5MB
 7aee18c98c59 Downloading [===============>                                   ]  186.6MB/595.5MB
 7aee18c98c59 Downloading [===============>                                   ]  186.6MB/595.5MB
 7aee18c98c59 Downloading [===============>                                   ]  186.6MB/595.5MB
 7aee18c98c59 Downloading [===============>                                   ]  186.6MB/595.5MB
 7aee18c98c59 Downloading [===============>                                   ]  186.6MB/595.5MB
 7aee18c98c59 Downloading [===============>                                   ]  186.6MB/595.5MB
 7aee18c98c59 Downloading [===============>                                   ]  186.6MB/595.5MB
 7aee18c98c59 Downloading [===============>                                   ]  186.6MB/595.5MB
 7aee18c98c59 Downloading [===============>                                   ]  186.6MB/595.5MB
 7aee18c98c59 Downloading [===============>                                   ]  186.6MB/595.5MB
 7aee18c98c59 Downloading [===============>                                   ]  186.6MB/595.5MB
 7aee18c98c59 Downloading [===============>                                   ]  186.6MB/595.5MB
 7aee18c98c59 Downloading [===============>                                   ]  186.6MB/595.5MB
 7aee18c98c59 Downloading [===============>                                   ]  187.7MB/595.5MB
 7aee18c98c59 Downloading [===============>                                   ]  187.7MB/595.5MB
 7aee18c98c59 Downloading [===============>                                   ]  187.7MB/595.5MB
 7aee18c98c59 Downloading [===============>                                   ]  187.7MB/595.5MB
 7aee18c98c59 Downloading [===============>                                   ]  187.7MB/595.5MB
 7aee18c98c59 Downloading [===============>                                   ]  187.7MB/595.5MB
 7aee18c98c59 Downloading [===============>                                   ]  187.7MB/595.5MB
 7aee18c98c59 Downloading [===============>                                   ]  187.7MB/595.5MB
 7aee18c98c59 Downloading [===============>                                   ]  187.7MB/595.5MB
 7aee18c98c59 Downloading [===============>                                   ]  187.7MB/595.5MB
 7aee18c98c59 Downloading [===============>                                   ]  187.7MB/595.5MB
 7aee18c98c59 Downloading [===============>                                   ]  187.7MB/595.5MB
 7aee18c98c59 Downloading [===============>                                   ]  188.7MB/595.5MB
 7aee18c98c59 Downloading [===============>                                   ]  188.7MB/595.5MB
 7aee18c98c59 Downloading [===============>                                   ]  188.7MB/595.5MB
 7aee18c98c59 Downloading [===============>                                   ]  188.7MB/595.5MB
 7aee18c98c59 Downloading [===============>                                   ]  188.7MB/595.5MB
 7aee18c98c59 Downloading [===============>                                   ]  188.7MB/595.5MB
 7aee18c98c59 Downloading [===============>                                   ]  188.7MB/595.5MB
 7aee18c98c59 Downloading [===============>                                   ]  188.7MB/595.5MB
 7aee18c98c59 Downloading [===============>                                   ]  188.7MB/595.5MB
 7aee18c98c59 Downloading [===============>                                   ]  188.7MB/595.5MB
 7aee18c98c59 Downloading [===============>                                   ]  188.7MB/595.5MB
 7aee18c98c59 Downloading [===============>                                   ]  188.7MB/595.5MB
 7aee18c98c59 Downloading [===============>                                   ]  188.7MB/595.5MB
 7aee18c98c59 Downloading [===============>                                   ]  188.7MB/595.5MB
 7aee18c98c59 Downloading [===============>                                   ]  188.7MB/595.5MB
 7aee18c98c59 Downloading [===============>                                   ]  189.8MB/595.5MB
 7aee18c98c59 Downloading [===============>                                   ]  189.8MB/595.5MB
 7aee18c98c59 Downloading [===============>                                   ]  189.8MB/595.5MB
 7aee18c98c59 Downloading [===============>                                   ]  189.8MB/595.5MB
 7aee18c98c59 Downloading [===============>                                   ]  189.8MB/595.5MB
 7aee18c98c59 Downloading [===============>                                   ]  189.8MB/595.5MB
 7aee18c98c59 Downloading [===============>                                   ]  189.8MB/595.5MB
 7aee18c98c59 Downloading [===============>                                   ]  189.8MB/595.5MB
 7aee18c98c59 Downloading [===============>                                   ]  189.8MB/595.5MB
 7aee18c98c59 Downloading [===============>                                   ]  189.8MB/595.5MB
 7aee18c98c59 Downloading [===============>                                   ]  189.8MB/595.5MB
 7aee18c98c59 Downloading [===============>                                   ]  189.8MB/595.5MB
 7aee18c98c59 Downloading [===============>                                   ]  189.8MB/595.5MB
 7aee18c98c59 Downloading [===============>                                   ]  189.8MB/595.5MB
 7aee18c98c59 Downloading [================>                                  ]  190.8MB/595.5MB
 7aee18c98c59 Downloading [================>                                  ]  190.8MB/595.5MB
 7aee18c98c59 Downloading [================>                                  ]  190.8MB/595.5MB
 7aee18c98c59 Downloading [================>                                  ]  190.8MB/595.5MB
 7aee18c98c59 Downloading [================>                                  ]  190.8MB/595.5MB
 7aee18c98c59 Downloading [================>                                  ]  190.8MB/595.5MB
 7aee18c98c59 Downloading [================>                                  ]  190.8MB/595.5MB
 7aee18c98c59 Downloading [================>                                  ]  190.8MB/595.5MB
 7aee18c98c59 Downloading [================>                                  ]  190.8MB/595.5MB
 7aee18c98c59 Downloading [================>                                  ]  190.8MB/595.5MB
 7aee18c98c59 Downloading [================>                                  ]  191.9MB/595.5MB
 7aee18c98c59 Downloading [================>                                  ]  191.9MB/595.5MB
 7aee18c98c59 Downloading [================>                                  ]  191.9MB/595.5MB
 7aee18c98c59 Downloading [================>                                  ]  191.9MB/595.5MB
 7aee18c98c59 Downloading [================>                                  ]  191.9MB/595.5MB
 7aee18c98c59 Downloading [================>                                  ]  191.9MB/595.5MB
 7aee18c98c59 Downloading [================>                                  ]  191.9MB/595.5MB
 7aee18c98c59 Downloading [================>                                  ]  191.9MB/595.5MB
 7aee18c98c59 Downloading [================>                                  ]  191.9MB/595.5MB
 7aee18c98c59 Downloading [================>                                  ]  191.9MB/595.5MB
 7aee18c98c59 Downloading [================>                                  ]  192.9MB/595.5MB
 7aee18c98c59 Downloading [================>                                  ]  192.9MB/595.5MB
 7aee18c98c59 Downloading [================>                                  ]  192.9MB/595.5MB
 7aee18c98c59 Downloading [================>                                  ]  192.9MB/595.5MB
 7aee18c98c59 Downloading [================>                                  ]  192.9MB/595.5MB
 7aee18c98c59 Downloading [================>                                  ]  192.9MB/595.5MB
 7aee18c98c59 Downloading [================>                                  ]  192.9MB/595.5MB
 7aee18c98c59 Downloading [================>                                  ]  192.9MB/595.5MB
 7aee18c98c59 Downloading [================>                                  ]  192.9MB/595.5MB
 7aee18c98c59 Downloading [================>                                  ]  192.9MB/595.5MB
 7aee18c98c59 Downloading [================>                                  ]    194MB/595.5MB
 7aee18c98c59 Downloading [================>                                  ]    194MB/595.5MB
 7aee18c98c59 Downloading [================>                                  ]    194MB/595.5MB
 7aee18c98c59 Downloading [================>                                  ]    194MB/595.5MB
 7aee18c98c59 Downloading [================>                                  ]    194MB/595.5MB
 7aee18c98c59 Downloading [================>                                  ]    194MB/595.5MB
 7aee18c98c59 Downloading [================>                                  ]    194MB/595.5MB
 7aee18c98c59 Downloading [================>                                  ]    194MB/595.5MB
 7aee18c98c59 Downloading [================>                                  ]    194MB/595.5MB
 7aee18c98c59 Downloading [================>                                  ]    194MB/595.5MB
 7aee18c98c59 Downloading [================>                                  ]    194MB/595.5MB
 7aee18c98c59 Downloading [================>                                  ]    195MB/595.5MB
 7aee18c98c59 Downloading [================>                                  ]    195MB/595.5MB
 7aee18c98c59 Downloading [================>                                  ]    195MB/595.5MB
 7aee18c98c59 Downloading [================>                                  ]    195MB/595.5MB
 7aee18c98c59 Downloading [================>                                  ]    195MB/595.5MB
 7aee18c98c59 Downloading [================>                                  ]    195MB/595.5MB
 7aee18c98c59 Downloading [================>                                  ]    195MB/595.5MB
 7aee18c98c59 Downloading [================>                                  ]    195MB/595.5MB
 7aee18c98c59 Downloading [================>                                  ]    195MB/595.5MB
 7aee18c98c59 Downloading [================>                                  ]  196.1MB/595.5MB
 7aee18c98c59 Downloading [================>                                  ]  196.1MB/595.5MB
 7aee18c98c59 Downloading [================>                                  ]  196.1MB/595.5MB
 7aee18c98c59 Downloading [================>                                  ]  196.1MB/595.5MB
 7aee18c98c59 Downloading [================>                                  ]  196.1MB/595.5MB
 7aee18c98c59 Downloading [================>                                  ]  196.1MB/595.5MB
 7aee18c98c59 Downloading [================>                                  ]  196.1MB/595.5MB
 7aee18c98c59 Downloading [================>                                  ]  196.1MB/595.5MB
 7aee18c98c59 Downloading [================>                                  ]  196.1MB/595.5MB
 7aee18c98c59 Downloading [================>                                  ]  196.1MB/595.5MB
 7aee18c98c59 Downloading [================>                                  ]  196.1MB/595.5MB
 7aee18c98c59 Downloading [================>                                  ]  197.1MB/595.5MB
 7aee18c98c59 Downloading [================>                                  ]  197.1MB/595.5MB
 7aee18c98c59 Downloading [================>                                  ]  197.1MB/595.5MB
 7aee18c98c59 Downloading [================>                                  ]  197.1MB/595.5MB
 7aee18c98c59 Downloading [================>                                  ]  197.1MB/595.5MB
 7aee18c98c59 Downloading [================>                                  ]  197.1MB/595.5MB
 7aee18c98c59 Downloading [================>                                  ]  197.1MB/595.5MB
 7aee18c98c59 Downloading [================>                                  ]  197.1MB/595.5MB
 7aee18c98c59 Downloading [================>                                  ]  198.2MB/595.5MB
 7aee18c98c59 Downloading [================>                                  ]  198.2MB/595.5MB
 7aee18c98c59 Downloading [================>                                  ]  198.2MB/595.5MB
 7aee18c98c59 Downloading [================>                                  ]  198.2MB/595.5MB
 7aee18c98c59 Downloading [================>                                  ]  198.2MB/595.5MB
 7aee18c98c59 Downloading [================>                                  ]  198.2MB/595.5MB
 7aee18c98c59 Downloading [================>                                  ]  198.2MB/595.5MB
 7aee18c98c59 Downloading [================>                                  ]  198.2MB/595.5MB
 7aee18c98c59 Downloading [================>                                  ]  199.2MB/595.5MB
 7aee18c98c59 Downloading [================>                                  ]  199.2MB/595.5MB
 7aee18c98c59 Downloading [================>                                  ]  199.2MB/595.5MB
 7aee18c98c59 Downloading [================>                                  ]  199.2MB/595.5MB
 7aee18c98c59 Downloading [================>                                  ]  199.2MB/595.5MB
 7aee18c98c59 Downloading [================>                                  ]  199.2MB/595.5MB
 7aee18c98c59 Downloading [================>                                  ]  199.2MB/595.5MB
 7aee18c98c59 Downloading [================>                                  ]  199.2MB/595.5MB
 7aee18c98c59 Downloading [================>                                  ]  199.2MB/595.5MB
 7aee18c98c59 Downloading [================>                                  ]  199.2MB/595.5MB
 7aee18c98c59 Downloading [================>                                  ]  200.3MB/595.5MB
 7aee18c98c59 Downloading [================>                                  ]  200.3MB/595.5MB
 7aee18c98c59 Downloading [================>                                  ]  200.3MB/595.5MB
 7aee18c98c59 Downloading [================>                                  ]  200.3MB/595.5MB
 7aee18c98c59 Downloading [================>                                  ]  200.3MB/595.5MB
 7aee18c98c59 Downloading [================>                                  ]  200.3MB/595.5MB
 7aee18c98c59 Downloading [================>                                  ]  200.3MB/595.5MB
 7aee18c98c59 Downloading [================>                                  ]  200.3MB/595.5MB
 7aee18c98c59 Downloading [================>                                  ]  200.3MB/595.5MB
 7aee18c98c59 Downloading [================>                                  ]  200.3MB/595.5MB
 7aee18c98c59 Downloading [================>                                  ]  201.3MB/595.5MB
 7aee18c98c59 Downloading [================>                                  ]  201.3MB/595.5MB
 7aee18c98c59 Downloading [================>                                  ]  201.3MB/595.5MB
 7aee18c98c59 Downloading [================>                                  ]  201.3MB/595.5MB
 7aee18c98c59 Downloading [================>                                  ]  201.3MB/595.5MB
 7aee18c98c59 Downloading [================>                                  ]  201.3MB/595.5MB
 7aee18c98c59 Downloading [================>                                  ]  201.3MB/595.5MB
 7aee18c98c59 Downloading [================>                                  ]  201.3MB/595.5MB
 7aee18c98c59 Downloading [================>                                  ]  202.4MB/595.5MB
 7aee18c98c59 Downloading [================>                                  ]  202.4MB/595.5MB
 7aee18c98c59 Downloading [================>                                  ]  202.4MB/595.5MB
 7aee18c98c59 Downloading [================>                                  ]  202.4MB/595.5MB
 7aee18c98c59 Downloading [================>                                  ]  202.4MB/595.5MB
 7aee18c98c59 Downloading [================>                                  ]  202.4MB/595.5MB
 7aee18c98c59 Downloading [================>                                  ]  202.4MB/595.5MB
 7aee18c98c59 Downloading [================>                                  ]  202.4MB/595.5MB
 7aee18c98c59 Downloading [================>                                  ]  202.4MB/595.5MB
 7aee18c98c59 Downloading [================>                                  ]  202.4MB/595.5MB
 7aee18c98c59 Downloading [================>                                  ]  202.4MB/595.5MB
 7aee18c98c59 Downloading [================>                                  ]  202.4MB/595.5MB
 7aee18c98c59 Downloading [================>                                  ]  202.4MB/595.5MB
 7aee18c98c59 Downloading [================>                                  ]  202.4MB/595.5MB
 7aee18c98c59 Downloading [================>                                  ]  202.4MB/595.5MB
 7aee18c98c59 Downloading [=================>                                 ]  203.4MB/595.5MB
 7aee18c98c59 Downloading [=================>                                 ]  203.4MB/595.5MB
 7aee18c98c59 Downloading [=================>                                 ]  204.5MB/595.5MB
 7aee18c98c59 Downloading [=================>                                 ]  204.5MB/595.5MB
 7aee18c98c59 Downloading [=================>                                 ]  204.5MB/595.5MB
 7aee18c98c59 Downloading [=================>                                 ]  204.5MB/595.5MB
 7aee18c98c59 Downloading [=================>                                 ]  204.5MB/595.5MB
 7aee18c98c59 Downloading [=================>                                 ]  204.5MB/595.5MB
 7aee18c98c59 Downloading [=================>                                 ]  204.5MB/595.5MB
 7aee18c98c59 Downloading [=================>                                 ]  204.5MB/595.5MB
 7aee18c98c59 Downloading [=================>                                 ]  204.5MB/595.5MB
 7aee18c98c59 Downloading [=================>                                 ]  204.5MB/595.5MB
 7aee18c98c59 Downloading [=================>                                 ]  205.5MB/595.5MB
 7aee18c98c59 Downloading [=================>                                 ]  205.5MB/595.5MB
 7aee18c98c59 Downloading [=================>                                 ]  205.5MB/595.5MB
 7aee18c98c59 Downloading [=================>                                 ]  205.5MB/595.5MB
 7aee18c98c59 Downloading [=================>                                 ]  205.5MB/595.5MB
 7aee18c98c59 Downloading [=================>                                 ]  205.5MB/595.5MB
 7aee18c98c59 Downloading [=================>                                 ]  205.5MB/595.5MB
 7aee18c98c59 Downloading [=================>                                 ]  205.5MB/595.5MB
 7aee18c98c59 Downloading [=================>                                 ]  206.6MB/595.5MB
 7aee18c98c59 Downloading [=================>                                 ]  206.6MB/595.5MB
 7aee18c98c59 Downloading [=================>                                 ]  206.6MB/595.5MB
 7aee18c98c59 Downloading [=================>                                 ]  206.6MB/595.5MB
 7aee18c98c59 Downloading [=================>                                 ]  206.6MB/595.5MB
 7aee18c98c59 Downloading [=================>                                 ]  206.6MB/595.5MB
 7aee18c98c59 Downloading [=================>                                 ]  206.6MB/595.5MB
 7aee18c98c59 Downloading [=================>                                 ]  206.6MB/595.5MB
 7aee18c98c59 Downloading [=================>                                 ]  206.6MB/595.5MB
 7aee18c98c59 Downloading [=================>                                 ]  206.6MB/595.5MB
 7aee18c98c59 Downloading [=================>                                 ]  206.6MB/595.5MB
 7aee18c98c59 Downloading [=================>                                 ]  207.6MB/595.5MB
 7aee18c98c59 Downloading [=================>                                 ]  207.6MB/595.5MB
 7aee18c98c59 Downloading [=================>                                 ]  207.6MB/595.5MB
 7aee18c98c59 Downloading [=================>                                 ]  207.6MB/595.5MB
 7aee18c98c59 Downloading [=================>                                 ]  207.6MB/595.5MB
 7aee18c98c59 Downloading [=================>                                 ]  207.6MB/595.5MB
 7aee18c98c59 Downloading [=================>                                 ]  207.6MB/595.5MB
 7aee18c98c59 Downloading [=================>                                 ]  208.7MB/595.5MB
 7aee18c98c59 Downloading [=================>                                 ]  208.7MB/595.5MB
 7aee18c98c59 Downloading [=================>                                 ]  208.7MB/595.5MB
 7aee18c98c59 Downloading [=================>                                 ]  208.7MB/595.5MB
 7aee18c98c59 Downloading [=================>                                 ]  208.7MB/595.5MB
 7aee18c98c59 Downloading [=================>                                 ]  208.7MB/595.5MB
 7aee18c98c59 Downloading [=================>                                 ]  208.7MB/595.5MB
 7aee18c98c59 Downloading [=================>                                 ]  208.7MB/595.5MB
 7aee18c98c59 Downloading [=================>                                 ]  208.7MB/595.5MB
 7aee18c98c59 Downloading [=================>                                 ]  208.7MB/595.5MB
 7aee18c98c59 Downloading [=================>                                 ]  209.7MB/595.5MB
 7aee18c98c59 Downloading [=================>                                 ]  209.7MB/595.5MB
 7aee18c98c59 Downloading [=================>                                 ]  209.7MB/595.5MB
 7aee18c98c59 Downloading [=================>                                 ]  209.7MB/595.5MB
 7aee18c98c59 Downloading [=================>                                 ]  209.7MB/595.5MB
 7aee18c98c59 Downloading [=================>                                 ]  209.7MB/595.5MB
 7aee18c98c59 Downloading [=================>                                 ]  209.7MB/595.5MB
 7aee18c98c59 Downloading [=================>                                 ]  209.7MB/595.5MB
 7aee18c98c59 Downloading [=================>                                 ]  209.7MB/595.5MB
 7aee18c98c59 Downloading [=================>                                 ]  209.7MB/595.5MB
 7aee18c98c59 Downloading [=================>                                 ]  209.7MB/595.5MB
 7aee18c98c59 Downloading [=================>                                 ]  210.8MB/595.5MB
 7aee18c98c59 Downloading [=================>                                 ]  210.8MB/595.5MB
 7aee18c98c59 Downloading [=================>                                 ]  210.8MB/595.5MB
 7aee18c98c59 Downloading [=================>                                 ]  210.8MB/595.5MB
 7aee18c98c59 Downloading [=================>                                 ]  210.8MB/595.5MB
 7aee18c98c59 Downloading [=================>                                 ]  210.8MB/595.5MB
 7aee18c98c59 Downloading [=================>                                 ]  210.8MB/595.5MB
 7aee18c98c59 Downloading [=================>                                 ]  210.8MB/595.5MB
 7aee18c98c59 Downloading [=================>                                 ]  210.8MB/595.5MB
 7aee18c98c59 Downloading [=================>                                 ]  211.8MB/595.5MB
 7aee18c98c59 Downloading [=================>                                 ]  211.8MB/595.5MB
 7aee18c98c59 Downloading [=================>                                 ]  211.8MB/595.5MB
 7aee18c98c59 Downloading [=================>                                 ]  211.8MB/595.5MB
 7aee18c98c59 Downloading [=================>                                 ]  211.8MB/595.5MB
 7aee18c98c59 Downloading [=================>                                 ]  211.8MB/595.5MB
 7aee18c98c59 Downloading [=================>                                 ]  211.8MB/595.5MB
 7aee18c98c59 Downloading [=================>                                 ]  211.8MB/595.5MB
 7aee18c98c59 Downloading [=================>                                 ]  211.8MB/595.5MB
 7aee18c98c59 Downloading [=================>                                 ]  211.8MB/595.5MB
 7aee18c98c59 Downloading [=================>                                 ]  211.8MB/595.5MB
 7aee18c98c59 Downloading [=================>                                 ]  211.8MB/595.5MB
 7aee18c98c59 Downloading [=================>                                 ]  211.8MB/595.5MB
 7aee18c98c59 Downloading [=================>                                 ]  211.8MB/595.5MB
 7aee18c98c59 Downloading [=================>                                 ]  212.9MB/595.5MB
 7aee18c98c59 Downloading [=================>                                 ]  212.9MB/595.5MB
 7aee18c98c59 Downloading [=================>                                 ]  212.9MB/595.5MB
 7aee18c98c59 Downloading [=================>                                 ]  212.9MB/595.5MB
 7aee18c98c59 Downloading [=================>                                 ]  212.9MB/595.5MB
 7aee18c98c59 Downloading [=================>                                 ]  212.9MB/595.5MB
 7aee18c98c59 Downloading [=================>                                 ]  212.9MB/595.5MB
 7aee18c98c59 Downloading [=================>                                 ]  212.9MB/595.5MB
 7aee18c98c59 Downloading [=================>                                 ]  212.9MB/595.5MB
 7aee18c98c59 Downloading [=================>                                 ]  213.9MB/595.5MB
 7aee18c98c59 Downloading [=================>                                 ]  213.9MB/595.5MB
 7aee18c98c59 Downloading [=================>                                 ]  213.9MB/595.5MB
 7aee18c98c59 Downloading [=================>                                 ]  213.9MB/595.5MB
 7aee18c98c59 Downloading [=================>                                 ]  213.9MB/595.5MB
 7aee18c98c59 Downloading [=================>                                 ]  213.9MB/595.5MB
 7aee18c98c59 Downloading [=================>                                 ]  213.9MB/595.5MB
 7aee18c98c59 Downloading [=================>                                 ]  213.9MB/595.5MB
 7aee18c98c59 Downloading [=================>                                 ]  213.9MB/595.5MB
 7aee18c98c59 Downloading [=================>                                 ]  213.9MB/595.5MB
 7aee18c98c59 Downloading [==================>                                ]    215MB/595.5MB
 7aee18c98c59 Downloading [==================>                                ]    215MB/595.5MB
 7aee18c98c59 Downloading [==================>                                ]    215MB/595.5MB
 7aee18c98c59 Downloading [==================>                                ]    215MB/595.5MB
 7aee18c98c59 Downloading [==================>                                ]    215MB/595.5MB
 7aee18c98c59 Downloading [==================>                                ]    215MB/595.5MB
 7aee18c98c59 Downloading [==================>                                ]    215MB/595.5MB
 7aee18c98c59 Downloading [==================>                                ]    215MB/595.5MB
 7aee18c98c59 Downloading [==================>                                ]    215MB/595.5MB
 7aee18c98c59 Downloading [==================>                                ]    215MB/595.5MB
 7aee18c98c59 Downloading [==================>                                ]    215MB/595.5MB
 7aee18c98c59 Downloading [==================>                                ]    215MB/595.5MB
 7aee18c98c59 Downloading [==================>                                ]    216MB/595.5MB
 7aee18c98c59 Downloading [==================>                                ]    216MB/595.5MB
 7aee18c98c59 Downloading [==================>                                ]    216MB/595.5MB
 7aee18c98c59 Downloading [==================>                                ]    216MB/595.5MB
 7aee18c98c59 Downloading [==================>                                ]    216MB/595.5MB
 7aee18c98c59 Downloading [==================>                                ]    216MB/595.5MB
 7aee18c98c59 Downloading [==================>                                ]    216MB/595.5MB
 7aee18c98c59 Downloading [==================>                                ]  217.1MB/595.5MB
 7aee18c98c59 Downloading [==================>                                ]  217.1MB/595.5MB
 7aee18c98c59 Downloading [==================>                                ]  217.1MB/595.5MB
 7aee18c98c59 Downloading [==================>                                ]  217.1MB/595.5MB
 7aee18c98c59 Downloading [==================>                                ]  217.1MB/595.5MB
 7aee18c98c59 Downloading [==================>                                ]  217.1MB/595.5MB
 7aee18c98c59 Downloading [==================>                                ]  217.1MB/595.5MB
 7aee18c98c59 Downloading [==================>                                ]  217.1MB/595.5MB
 7aee18c98c59 Downloading [==================>                                ]  217.1MB/595.5MB
 7aee18c98c59 Downloading [==================>                                ]  217.1MB/595.5MB
 7aee18c98c59 Downloading [==================>                                ]  217.1MB/595.5MB
 7aee18c98c59 Downloading [==================>                                ]  217.1MB/595.5MB
 7aee18c98c59 Downloading [==================>                                ]  217.1MB/595.5MB
 7aee18c98c59 Downloading [==================>                                ]  217.1MB/595.5MB
 7aee18c98c59 Downloading [==================>                                ]  217.1MB/595.5MB
 7aee18c98c59 Downloading [==================>                                ]  217.1MB/595.5MB
 7aee18c98c59 Downloading [==================>                                ]  217.1MB/595.5MB
 7aee18c98c59 Downloading [==================>                                ]  217.1MB/595.5MB
 7aee18c98c59 Downloading [==================>                                ]  218.1MB/595.5MB
 7aee18c98c59 Downloading [==================>                                ]  218.1MB/595.5MB
 7aee18c98c59 Downloading [==================>                                ]  218.1MB/595.5MB
 7aee18c98c59 Downloading [==================>                                ]  218.1MB/595.5MB
 7aee18c98c59 Downloading [==================>                                ]  218.1MB/595.5MB
 7aee18c98c59 Downloading [==================>                                ]  218.1MB/595.5MB
 7aee18c98c59 Downloading [==================>                                ]  219.2MB/595.5MB
 7aee18c98c59 Downloading [==================>                                ]  219.2MB/595.5MB
 7aee18c98c59 Downloading [==================>                                ]  219.2MB/595.5MB
 7aee18c98c59 Downloading [==================>                                ]  219.2MB/595.5MB
 7aee18c98c59 Downloading [==================>                                ]  219.2MB/595.5MB
 7aee18c98c59 Downloading [==================>                                ]  219.2MB/595.5MB
 7aee18c98c59 Downloading [==================>                                ]  219.2MB/595.5MB
 7aee18c98c59 Downloading [==================>                                ]  219.2MB/595.5MB
 7aee18c98c59 Downloading [==================>                                ]  219.2MB/595.5MB
 7aee18c98c59 Downloading [==================>                                ]  219.2MB/595.5MB
 7aee18c98c59 Downloading [==================>                                ]  219.2MB/595.5MB
 7aee18c98c59 Downloading [==================>                                ]  219.2MB/595.5MB
 7aee18c98c59 Downloading [==================>                                ]  220.2MB/595.5MB
 7aee18c98c59 Downloading [==================>                                ]  220.2MB/595.5MB
 7aee18c98c59 Downloading [==================>                                ]  220.2MB/595.5MB
 7aee18c98c59 Downloading [==================>                                ]  220.2MB/595.5MB
 7aee18c98c59 Downloading [==================>                                ]  220.2MB/595.5MB
 7aee18c98c59 Downloading [==================>                                ]  220.2MB/595.5MB
 7aee18c98c59 Downloading [==================>                                ]  220.2MB/595.5MB
 7aee18c98c59 Downloading [==================>                                ]  220.2MB/595.5MB
 7aee18c98c59 Downloading [==================>                                ]  220.2MB/595.5MB
 7aee18c98c59 Downloading [==================>                                ]  220.2MB/595.5MB
 7aee18c98c59 Downloading [==================>                                ]  220.2MB/595.5MB
 7aee18c98c59 Downloading [==================>                                ]  221.2MB/595.5MB
 7aee18c98c59 Downloading [==================>                                ]  221.2MB/595.5MB
 7aee18c98c59 Downloading [==================>                                ]  221.2MB/595.5MB
 7aee18c98c59 Downloading [==================>                                ]  221.2MB/595.5MB
 7aee18c98c59 Downloading [==================>                                ]  221.2MB/595.5MB
 7aee18c98c59 Downloading [==================>                                ]  221.2MB/595.5MB
 7aee18c98c59 Downloading [==================>                                ]  221.2MB/595.5MB
 7aee18c98c59 Downloading [==================>                                ]  221.2MB/595.5MB
 7aee18c98c59 Downloading [==================>                                ]  222.3MB/595.5MB
 7aee18c98c59 Downloading [==================>                                ]  222.3MB/595.5MB
 7aee18c98c59 Downloading [==================>                                ]  222.3MB/595.5MB
 7aee18c98c59 Downloading [==================>                                ]  222.3MB/595.5MB
 7aee18c98c59 Downloading [==================>                                ]  222.3MB/595.5MB
 7aee18c98c59 Downloading [==================>                                ]  222.3MB/595.5MB
 7aee18c98c59 Downloading [==================>                                ]  222.3MB/595.5MB
 7aee18c98c59 Downloading [==================>                                ]  222.3MB/595.5MB
 7aee18c98c59 Downloading [==================>                                ]  222.3MB/595.5MB
 7aee18c98c59 Downloading [==================>                                ]  222.3MB/595.5MB
 7aee18c98c59 Downloading [==================>                                ]  222.3MB/595.5MB
 7aee18c98c59 Downloading [==================>                                ]  223.3MB/595.5MB
 7aee18c98c59 Downloading [==================>                                ]  223.3MB/595.5MB
 7aee18c98c59 Downloading [==================>                                ]  223.3MB/595.5MB
 7aee18c98c59 Downloading [==================>                                ]  223.3MB/595.5MB
 7aee18c98c59 Downloading [==================>                                ]  223.3MB/595.5MB
 7aee18c98c59 Downloading [==================>                                ]  223.3MB/595.5MB
 7aee18c98c59 Downloading [==================>                                ]  223.3MB/595.5MB
 7aee18c98c59 Downloading [==================>                                ]  223.3MB/595.5MB
 7aee18c98c59 Downloading [==================>                                ]  223.3MB/595.5MB
 7aee18c98c59 Downloading [==================>                                ]  223.3MB/595.5MB
 7aee18c98c59 Downloading [==================>                                ]  223.3MB/595.5MB
 7aee18c98c59 Downloading [==================>                                ]  224.4MB/595.5MB
 7aee18c98c59 Downloading [==================>                                ]  224.4MB/595.5MB
 7aee18c98c59 Downloading [==================>                                ]  224.4MB/595.5MB
 7aee18c98c59 Downloading [==================>                                ]  224.4MB/595.5MB
 7aee18c98c59 Downloading [==================>                                ]  224.4MB/595.5MB
 7aee18c98c59 Downloading [==================>                                ]  224.4MB/595.5MB
 7aee18c98c59 Downloading [==================>                                ]  224.4MB/595.5MB
 7aee18c98c59 Downloading [==================>                                ]  224.4MB/595.5MB
 7aee18c98c59 Downloading [==================>                                ]  224.4MB/595.5MB
 7aee18c98c59 Downloading [==================>                                ]  224.4MB/595.5MB
 7aee18c98c59 Downloading [==================>                                ]  224.4MB/595.5MB
 7aee18c98c59 Downloading [==================>                                ]  224.4MB/595.5MB
 7aee18c98c59 Downloading [==================>                                ]  224.4MB/595.5MB
 7aee18c98c59 Downloading [==================>                                ]  224.4MB/595.5MB
 7aee18c98c59 Downloading [==================>                                ]  225.4MB/595.5MB
 7aee18c98c59 Downloading [==================>                                ]  225.4MB/595.5MB
 7aee18c98c59 Downloading [==================>                                ]  225.4MB/595.5MB
 7aee18c98c59 Downloading [==================>                                ]  225.4MB/595.5MB
 7aee18c98c59 Downloading [==================>                                ]  225.4MB/595.5MB
 7aee18c98c59 Downloading [==================>                                ]  225.4MB/595.5MB
 7aee18c98c59 Downloading [==================>                                ]  225.4MB/595.5MB
 7aee18c98c59 Downloading [==================>                                ]  225.4MB/595.5MB
 7aee18c98c59 Downloading [==================>                                ]  225.4MB/595.5MB
 7aee18c98c59 Downloading [==================>                                ]  225.4MB/595.5MB
 7aee18c98c59 Downloading [==================>                                ]  225.4MB/595.5MB
 7aee18c98c59 Downloading [==================>                                ]  225.4MB/595.5MB
 7aee18c98c59 Downloading [==================>                                ]  225.4MB/595.5MB
 7aee18c98c59 Downloading [==================>                                ]  225.4MB/595.5MB
 7aee18c98c59 Downloading [===================>                               ]  226.5MB/595.5MB
 7aee18c98c59 Downloading [===================>                               ]  226.5MB/595.5MB
 7aee18c98c59 Downloading [===================>                               ]  226.5MB/595.5MB
 7aee18c98c59 Downloading [===================>                               ]  226.5MB/595.5MB
 7aee18c98c59 Downloading [===================>                               ]  226.5MB/595.5MB
 7aee18c98c59 Downloading [===================>                               ]  226.5MB/595.5MB
 7aee18c98c59 Downloading [===================>                               ]  226.5MB/595.5MB
 7aee18c98c59 Downloading [===================>                               ]  226.5MB/595.5MB
 7aee18c98c59 Downloading [===================>                               ]  226.5MB/595.5MB
 7aee18c98c59 Downloading [===================>                               ]  226.5MB/595.5MB
 7aee18c98c59 Downloading [===================>                               ]  226.5MB/595.5MB
 7aee18c98c59 Downloading [===================>                               ]  226.5MB/595.5MB
 7aee18c98c59 Downloading [===================>                               ]  226.5MB/595.5MB
 7aee18c98c59 Downloading [===================>                               ]  226.5MB/595.5MB
 7aee18c98c59 Downloading [===================>                               ]  226.5MB/595.5MB
 7aee18c98c59 Downloading [===================>                               ]  227.5MB/595.5MB
 7aee18c98c59 Downloading [===================>                               ]  227.5MB/595.5MB
 7aee18c98c59 Downloading [===================>                               ]  227.5MB/595.5MB
 7aee18c98c59 Downloading [===================>                               ]  227.5MB/595.5MB
 7aee18c98c59 Downloading [===================>                               ]  227.5MB/595.5MB
 7aee18c98c59 Downloading [===================>                               ]  227.5MB/595.5MB
 7aee18c98c59 Downloading [===================>                               ]  227.5MB/595.5MB
 7aee18c98c59 Downloading [===================>                               ]  227.5MB/595.5MB
 7aee18c98c59 Downloading [===================>                               ]  227.5MB/595.5MB
 7aee18c98c59 Downloading [===================>                               ]  227.5MB/595.5MB
 7aee18c98c59 Downloading [===================>                               ]  227.5MB/595.5MB
 7aee18c98c59 Downloading [===================>                               ]  227.5MB/595.5MB
 7aee18c98c59 Downloading [===================>                               ]  227.5MB/595.5MB
 7aee18c98c59 Downloading [===================>                               ]  227.5MB/595.5MB
 7aee18c98c59 Downloading [===================>                               ]  228.6MB/595.5MB
 7aee18c98c59 Downloading [===================>                               ]  228.6MB/595.5MB
 7aee18c98c59 Downloading [===================>                               ]  228.6MB/595.5MB
 7aee18c98c59 Downloading [===================>                               ]  228.6MB/595.5MB
 7aee18c98c59 Downloading [===================>                               ]  228.6MB/595.5MB
 7aee18c98c59 Downloading [===================>                               ]  228.6MB/595.5MB
 7aee18c98c59 Downloading [===================>                               ]  228.6MB/595.5MB
 7aee18c98c59 Downloading [===================>                               ]  228.6MB/595.5MB
 7aee18c98c59 Downloading [===================>                               ]  228.6MB/595.5MB
 7aee18c98c59 Downloading [===================>                               ]  228.6MB/595.5MB
 7aee18c98c59 Downloading [===================>                               ]  228.6MB/595.5MB
 7aee18c98c59 Downloading [===================>                               ]  228.6MB/595.5MB
 7aee18c98c59 Downloading [===================>                               ]  228.6MB/595.5MB
 7aee18c98c59 Downloading [===================>                               ]  228.6MB/595.5MB
 7aee18c98c59 Downloading [===================>                               ]  228.6MB/595.5MB
 7aee18c98c59 Downloading [===================>                               ]  228.6MB/595.5MB
 7aee18c98c59 Downloading [===================>                               ]  229.6MB/595.5MB
 7aee18c98c59 Downloading [===================>                               ]  229.6MB/595.5MB
 7aee18c98c59 Downloading [===================>                               ]  229.6MB/595.5MB
 7aee18c98c59 Downloading [===================>                               ]  229.6MB/595.5MB
 7aee18c98c59 Downloading [===================>                               ]  229.6MB/595.5MB
 7aee18c98c59 Downloading [===================>                               ]  229.6MB/595.5MB
 7aee18c98c59 Downloading [===================>                               ]  229.6MB/595.5MB
 7aee18c98c59 Downloading [===================>                               ]  229.6MB/595.5MB
 7aee18c98c59 Downloading [===================>                               ]  229.6MB/595.5MB
 7aee18c98c59 Downloading [===================>                               ]  229.6MB/595.5MB
 7aee18c98c59 Downloading [===================>                               ]  229.6MB/595.5MB
 7aee18c98c59 Downloading [===================>                               ]  229.6MB/595.5MB
 7aee18c98c59 Downloading [===================>                               ]  229.6MB/595.5MB
 7aee18c98c59 Downloading [===================>                               ]  229.6MB/595.5MB
 7aee18c98c59 Downloading [===================>                               ]  229.6MB/595.5MB
 7aee18c98c59 Downloading [===================>                               ]  229.6MB/595.5MB
 7aee18c98c59 Downloading [===================>                               ]  229.6MB/595.5MB
 7aee18c98c59 Downloading [===================>                               ]  230.7MB/595.5MB
 7aee18c98c59 Downloading [===================>                               ]  230.7MB/595.5MB
 7aee18c98c59 Downloading [===================>                               ]  230.7MB/595.5MB
 7aee18c98c59 Downloading [===================>                               ]  230.7MB/595.5MB
 7aee18c98c59 Downloading [===================>                               ]  230.7MB/595.5MB
 7aee18c98c59 Downloading [===================>                               ]  230.7MB/595.5MB
 7aee18c98c59 Downloading [===================>                               ]  230.7MB/595.5MB
 7aee18c98c59 Downloading [===================>                               ]  230.7MB/595.5MB
 7aee18c98c59 Downloading [===================>                               ]  230.7MB/595.5MB
 7aee18c98c59 Downloading [===================>                               ]  230.7MB/595.5MB
 7aee18c98c59 Downloading [===================>                               ]  230.7MB/595.5MB
 7aee18c98c59 Downloading [===================>                               ]  230.7MB/595.5MB
 7aee18c98c59 Downloading [===================>                               ]  230.7MB/595.5MB
 7aee18c98c59 Downloading [===================>                               ]  230.7MB/595.5MB
 7aee18c98c59 Downloading [===================>                               ]  230.7MB/595.5MB
 7aee18c98c59 Downloading [===================>                               ]  230.7MB/595.5MB
 7aee18c98c59 Downloading [===================>                               ]  230.7MB/595.5MB
 7aee18c98c59 Downloading [===================>                               ]  230.7MB/595.5MB
 7aee18c98c59 Downloading [===================>                               ]  230.7MB/595.5MB
 7aee18c98c59 Downloading [===================>                               ]  231.7MB/595.5MB
 7aee18c98c59 Downloading [===================>                               ]  231.7MB/595.5MB
 7aee18c98c59 Downloading [===================>                               ]  231.7MB/595.5MB
 7aee18c98c59 Downloading [===================>                               ]  231.7MB/595.5MB
 7aee18c98c59 Downloading [===================>                               ]  231.7MB/595.5MB
 7aee18c98c59 Downloading [===================>                               ]  231.7MB/595.5MB
 7aee18c98c59 Downloading [===================>                               ]  231.7MB/595.5MB
 7aee18c98c59 Downloading [===================>                               ]  231.7MB/595.5MB
 7aee18c98c59 Downloading [===================>                               ]  231.7MB/595.5MB
 7aee18c98c59 Downloading [===================>                               ]  231.7MB/595.5MB
 7aee18c98c59 Downloading [===================>                               ]  231.7MB/595.5MB
 7aee18c98c59 Downloading [===================>                               ]  231.7MB/595.5MB
 7aee18c98c59 Downloading [===================>                               ]  231.7MB/595.5MB
 7aee18c98c59 Downloading [===================>                               ]  231.7MB/595.5MB
 7aee18c98c59 Downloading [===================>                               ]  231.7MB/595.5MB
 7aee18c98c59 Downloading [===================>                               ]  232.8MB/595.5MB
 7aee18c98c59 Downloading [===================>                               ]  232.8MB/595.5MB
 7aee18c98c59 Downloading [===================>                               ]  232.8MB/595.5MB
 7aee18c98c59 Downloading [===================>                               ]  232.8MB/595.5MB
 7aee18c98c59 Downloading [===================>                               ]  232.8MB/595.5MB
 7aee18c98c59 Downloading [===================>                               ]  232.8MB/595.5MB
 7aee18c98c59 Downloading [===================>                               ]  232.8MB/595.5MB
 7aee18c98c59 Downloading [===================>                               ]  232.8MB/595.5MB
 7aee18c98c59 Downloading [===================>                               ]  232.8MB/595.5MB
 7aee18c98c59 Downloading [===================>                               ]  232.8MB/595.5MB
 7aee18c98c59 Downloading [===================>                               ]  232.8MB/595.5MB
 7aee18c98c59 Downloading [===================>                               ]  232.8MB/595.5MB
 7aee18c98c59 Downloading [===================>                               ]  232.8MB/595.5MB
 7aee18c98c59 Downloading [===================>                               ]  232.8MB/595.5MB
 7aee18c98c59 Downloading [===================>                               ]  232.8MB/595.5MB
 7aee18c98c59 Downloading [===================>                               ]  232.8MB/595.5MB
 7aee18c98c59 Downloading [===================>                               ]  232.8MB/595.5MB
 7aee18c98c59 Downloading [===================>                               ]  232.8MB/595.5MB
 7aee18c98c59 Downloading [===================>                               ]  232.8MB/595.5MB
 7aee18c98c59 Downloading [===================>                               ]  232.8MB/595.5MB
 7aee18c98c59 Downloading [===================>                               ]  233.8MB/595.5MB
 7aee18c98c59 Downloading [===================>                               ]  233.8MB/595.5MB
 7aee18c98c59 Downloading [===================>                               ]  233.8MB/595.5MB
 7aee18c98c59 Downloading [===================>                               ]  233.8MB/595.5MB
 7aee18c98c59 Downloading [===================>                               ]  233.8MB/595.5MB
 7aee18c98c59 Downloading [===================>                               ]  233.8MB/595.5MB
 7aee18c98c59 Downloading [===================>                               ]  233.8MB/595.5MB
 7aee18c98c59 Downloading [===================>                               ]  233.8MB/595.5MB
 7aee18c98c59 Downloading [===================>                               ]  233.8MB/595.5MB
 7aee18c98c59 Downloading [===================>                               ]  233.8MB/595.5MB
 7aee18c98c59 Downloading [===================>                               ]  233.8MB/595.5MB
 7aee18c98c59 Downloading [===================>                               ]  234.9MB/595.5MB
 7aee18c98c59 Downloading [===================>                               ]  234.9MB/595.5MB
 7aee18c98c59 Downloading [===================>                               ]  234.9MB/595.5MB
 7aee18c98c59 Downloading [===================>                               ]  234.9MB/595.5MB
 7aee18c98c59 Downloading [===================>                               ]  234.9MB/595.5MB
 7aee18c98c59 Downloading [===================>                               ]  234.9MB/595.5MB
 7aee18c98c59 Downloading [===================>                               ]  234.9MB/595.5MB
 7aee18c98c59 Downloading [===================>                               ]  234.9MB/595.5MB
 7aee18c98c59 Downloading [===================>                               ]  234.9MB/595.5MB
 7aee18c98c59 Downloading [===================>                               ]  234.9MB/595.5MB
 7aee18c98c59 Downloading [===================>                               ]  234.9MB/595.5MB
 7aee18c98c59 Downloading [===================>                               ]  234.9MB/595.5MB
 7aee18c98c59 Downloading [===================>                               ]  234.9MB/595.5MB
 7aee18c98c59 Downloading [===================>                               ]  234.9MB/595.5MB
 7aee18c98c59 Downloading [===================>                               ]  234.9MB/595.5MB
 7aee18c98c59 Downloading [===================>                               ]  234.9MB/595.5MB
 7aee18c98c59 Downloading [===================>                               ]  234.9MB/595.5MB
 7aee18c98c59 Downloading [===================>                               ]  234.9MB/595.5MB
 7aee18c98c59 Downloading [===================>                               ]  235.9MB/595.5MB
 7aee18c98c59 Downloading [===================>                               ]  235.9MB/595.5MB
 7aee18c98c59 Downloading [===================>                               ]  235.9MB/595.5MB
 7aee18c98c59 Downloading [===================>                               ]  235.9MB/595.5MB
 7aee18c98c59 Downloading [===================>                               ]  235.9MB/595.5MB
 7aee18c98c59 Downloading [===================>                               ]  235.9MB/595.5MB
 7aee18c98c59 Downloading [===================>                               ]  235.9MB/595.5MB
 7aee18c98c59 Downloading [===================>                               ]  235.9MB/595.5MB
 7aee18c98c59 Downloading [===================>                               ]  235.9MB/595.5MB
 7aee18c98c59 Downloading [===================>                               ]  235.9MB/595.5MB
 7aee18c98c59 Downloading [===================>                               ]  235.9MB/595.5MB
 7aee18c98c59 Downloading [===================>                               ]  235.9MB/595.5MB
 7aee18c98c59 Downloading [===================>                               ]  235.9MB/595.5MB
 7aee18c98c59 Downloading [===================>                               ]  235.9MB/595.5MB
 7aee18c98c59 Downloading [===================>                               ]  235.9MB/595.5MB
 7aee18c98c59 Downloading [===================>                               ]  235.9MB/595.5MB
 7aee18c98c59 Downloading [===================>                               ]  235.9MB/595.5MB
 7aee18c98c59 Downloading [===================>                               ]  235.9MB/595.5MB
 7aee18c98c59 Downloading [===================>                               ]  235.9MB/595.5MB
 7aee18c98c59 Downloading [===================>                               ]  235.9MB/595.5MB
 7aee18c98c59 Downloading [===================>                               ]  235.9MB/595.5MB
 7aee18c98c59 Downloading [===================>                               ]  235.9MB/595.5MB
 7aee18c98c59 Downloading [===================>                               ]  235.9MB/595.5MB
 7aee18c98c59 Downloading [===================>                               ]  235.9MB/595.5MB
 7aee18c98c59 Downloading [===================>                               ]    237MB/595.5MB
 7aee18c98c59 Downloading [===================>                               ]    237MB/595.5MB
 7aee18c98c59 Downloading [===================>                               ]    237MB/595.5MB
 7aee18c98c59 Downloading [===================>                               ]    237MB/595.5MB
 7aee18c98c59 Downloading [===================>                               ]    237MB/595.5MB
 7aee18c98c59 Downloading [===================>                               ]    237MB/595.5MB
 7aee18c98c59 Downloading [===================>                               ]    237MB/595.5MB
 7aee18c98c59 Downloading [===================>                               ]    237MB/595.5MB
 7aee18c98c59 Downloading [===================>                               ]    237MB/595.5MB
 7aee18c98c59 Downloading [===================>                               ]    237MB/595.5MB
 7aee18c98c59 Downloading [===================>                               ]    237MB/595.5MB
 7aee18c98c59 Downloading [===================>                               ]    237MB/595.5MB
 7aee18c98c59 Downloading [===================>                               ]    237MB/595.5MB
 7aee18c98c59 Downloading [===================>                               ]    237MB/595.5MB
 7aee18c98c59 Downloading [===================>                               ]    237MB/595.5MB
 7aee18c98c59 Downloading [===================>                               ]    237MB/595.5MB
 7aee18c98c59 Downloading [===================>                               ]    237MB/595.5MB
 7aee18c98c59 Downloading [===================>                               ]    238MB/595.5MB
 7aee18c98c59 Downloading [===================>                               ]    238MB/595.5MB
 7aee18c98c59 Downloading [===================>                               ]    238MB/595.5MB
 7aee18c98c59 Downloading [===================>                               ]    238MB/595.5MB
 7aee18c98c59 Downloading [===================>                               ]    238MB/595.5MB
 7aee18c98c59 Downloading [===================>                               ]    238MB/595.5MB
 7aee18c98c59 Downloading [===================>                               ]    238MB/595.5MB
 7aee18c98c59 Downloading [===================>                               ]    238MB/595.5MB
 7aee18c98c59 Downloading [===================>                               ]    238MB/595.5MB
 7aee18c98c59 Downloading [===================>                               ]    238MB/595.5MB
 7aee18c98c59 Downloading [===================>                               ]    238MB/595.5MB
 7aee18c98c59 Downloading [===================>                               ]    238MB/595.5MB
 7aee18c98c59 Downloading [===================>                               ]    238MB/595.5MB
 7aee18c98c59 Downloading [===================>                               ]    238MB/595.5MB
 7aee18c98c59 Downloading [===================>                               ]    238MB/595.5MB
 7aee18c98c59 Downloading [===================>                               ]    238MB/595.5MB
 7aee18c98c59 Downloading [====================>                              ]  239.1MB/595.5MB
 7aee18c98c59 Downloading [====================>                              ]  239.1MB/595.5MB
 7aee18c98c59 Downloading [====================>                              ]  239.1MB/595.5MB
 7aee18c98c59 Downloading [====================>                              ]  239.1MB/595.5MB
 7aee18c98c59 Downloading [====================>                              ]  239.1MB/595.5MB
 7aee18c98c59 Downloading [====================>                              ]  239.1MB/595.5MB
 7aee18c98c59 Downloading [====================>                              ]  239.1MB/595.5MB
 7aee18c98c59 Downloading [====================>                              ]  239.1MB/595.5MB
 7aee18c98c59 Downloading [====================>                              ]  239.1MB/595.5MB
 7aee18c98c59 Downloading [====================>                              ]  239.1MB/595.5MB
 7aee18c98c59 Downloading [====================>                              ]  239.1MB/595.5MB
 7aee18c98c59 Downloading [====================>                              ]  239.1MB/595.5MB
 7aee18c98c59 Downloading [====================>                              ]  239.1MB/595.5MB
 7aee18c98c59 Downloading [====================>                              ]  239.1MB/595.5MB
 7aee18c98c59 Downloading [====================>                              ]  239.1MB/595.5MB
 7aee18c98c59 Downloading [====================>                              ]  239.1MB/595.5MB
 7aee18c98c59 Downloading [====================>                              ]  240.1MB/595.5MB
 7aee18c98c59 Downloading [====================>                              ]  240.1MB/595.5MB
 7aee18c98c59 Downloading [====================>                              ]  240.1MB/595.5MB
 7aee18c98c59 Downloading [====================>                              ]  240.1MB/595.5MB
 7aee18c98c59 Downloading [====================>                              ]  240.1MB/595.5MB
 7aee18c98c59 Downloading [====================>                              ]  240.1MB/595.5MB
 7aee18c98c59 Downloading [====================>                              ]  240.1MB/595.5MB
 7aee18c98c59 Downloading [====================>                              ]  240.1MB/595.5MB
 7aee18c98c59 Downloading [====================>                              ]  240.1MB/595.5MB
 7aee18c98c59 Downloading [====================>                              ]  240.1MB/595.5MB
 7aee18c98c59 Downloading [====================>                              ]  240.1MB/595.5MB
 7aee18c98c59 Downloading [====================>                              ]  240.1MB/595.5MB
 7aee18c98c59 Downloading [====================>                              ]  240.1MB/595.5MB
 7aee18c98c59 Downloading [====================>                              ]  240.1MB/595.5MB
 7aee18c98c59 Downloading [====================>                              ]  240.1MB/595.5MB
 7aee18c98c59 Downloading [====================>                              ]  240.1MB/595.5MB
 7aee18c98c59 Downloading [====================>                              ]  240.1MB/595.5MB
 7aee18c98c59 Downloading [====================>                              ]  240.1MB/595.5MB
 7aee18c98c59 Downloading [====================>                              ]  241.2MB/595.5MB
 7aee18c98c59 Downloading [====================>                              ]  241.2MB/595.5MB
 7aee18c98c59 Downloading [====================>                              ]  241.2MB/595.5MB
 7aee18c98c59 Downloading [====================>                              ]  241.2MB/595.5MB
 7aee18c98c59 Downloading [====================>                              ]  241.2MB/595.5MB
 7aee18c98c59 Downloading [====================>                              ]  241.2MB/595.5MB
 7aee18c98c59 Downloading [====================>                              ]  241.2MB/595.5MB
 7aee18c98c59 Downloading [====================>                              ]  241.2MB/595.5MB
 7aee18c98c59 Downloading [====================>                              ]  241.2MB/595.5MB
 7aee18c98c59 Downloading [====================>                              ]  241.2MB/595.5MB
 7aee18c98c59 Downloading [====================>                              ]  241.2MB/595.5MB
 7aee18c98c59 Downloading [====================>                              ]  241.2MB/595.5MB
 7aee18c98c59 Downloading [====================>                              ]  241.2MB/595.5MB
 7aee18c98c59 Downloading [====================>                              ]  241.2MB/595.5MB
 7aee18c98c59 Downloading [====================>                              ]  241.2MB/595.5MB
 7aee18c98c59 Downloading [====================>                              ]  241.2MB/595.5MB
 7aee18c98c59 Downloading [====================>                              ]  241.2MB/595.5MB
 7aee18c98c59 Downloading [====================>                              ]  241.2MB/595.5MB
 7aee18c98c59 Downloading [====================>                              ]  241.2MB/595.5MB
 7aee18c98c59 Downloading [====================>                              ]  241.2MB/595.5MB
 7aee18c98c59 Downloading [====================>                              ]  241.2MB/595.5MB
 7aee18c98c59 Downloading [====================>                              ]  241.2MB/595.5MB
 7aee18c98c59 Downloading [====================>                              ]  241.2MB/595.5MB
 7aee18c98c59 Downloading [====================>                              ]  241.2MB/595.5MB
 7aee18c98c59 Downloading [====================>                              ]  241.2MB/595.5MB
 7aee18c98c59 Downloading [====================>                              ]  241.2MB/595.5MB
 7aee18c98c59 Downloading [====================>                              ]  241.2MB/595.5MB
 7aee18c98c59 Downloading [====================>                              ]  241.2MB/595.5MB
 7aee18c98c59 Downloading [====================>                              ]  241.2MB/595.5MB
 7aee18c98c59 Downloading [====================>                              ]  241.2MB/595.5MB
 7aee18c98c59 Downloading [====================>                              ]  241.2MB/595.5MB
 7aee18c98c59 Downloading [====================>                              ]  241.2MB/595.5MB
 7aee18c98c59 Downloading [====================>                              ]  241.2MB/595.5MB
 7aee18c98c59 Downloading [====================>                              ]  241.2MB/595.5MB
 7aee18c98c59 Downloading [====================>                              ]  241.2MB/595.5MB
 7aee18c98c59 Downloading [====================>                              ]  241.2MB/595.5MB
 7aee18c98c59 Downloading [====================>                              ]  241.2MB/595.5MB
 7aee18c98c59 Downloading [====================>                              ]  241.2MB/595.5MB
 7aee18c98c59 Downloading [====================>                              ]  241.2MB/595.5MB
 7aee18c98c59 Downloading [====================>                              ]  241.2MB/595.5MB
 7aee18c98c59 Downloading [====================>                              ]  241.2MB/595.5MB
 7aee18c98c59 Downloading [====================>                              ]  241.2MB/595.5MB
 7aee18c98c59 Downloading [====================>                              ]  241.2MB/595.5MB
 7aee18c98c59 Downloading [====================>                              ]  241.2MB/595.5MB
 7aee18c98c59 Downloading [====================>                              ]  241.2MB/595.5MB
 7aee18c98c59 Downloading [====================>                              ]  241.2MB/595.5MB
 7aee18c98c59 Downloading [====================>                              ]  241.2MB/595.5MB
 7aee18c98c59 Downloading [====================>                              ]  241.2MB/595.5MB
 7aee18c98c59 Downloading [====================>                              ]  241.2MB/595.5MB
 7aee18c98c59 Downloading [====================>                              ]  241.2MB/595.5MB
 7aee18c98c59 Downloading [====================>                              ]  241.2MB/595.5MB
 7aee18c98c59 Downloading [====================>                              ]  241.2MB/595.5MB
 7aee18c98c59 Downloading [====================>                              ]  241.2MB/595.5MB
 7aee18c98c59 Downloading [====================>                              ]  241.2MB/595.5MB
 7aee18c98c59 Downloading [====================>                              ]  241.2MB/595.5MB
 7aee18c98c59 Downloading [====================>                              ]  241.2MB/595.5MB
 7aee18c98c59 Downloading [====================>                              ]  241.2MB/595.5MB
 7aee18c98c59 Downloading [====================>                              ]  241.2MB/595.5MB
 7aee18c98c59 Downloading [====================>                              ]  241.2MB/595.5MB
 7aee18c98c59 Downloading [====================>                              ]  241.2MB/595.5MB
 7aee18c98c59 Downloading [====================>                              ]  241.2MB/595.5MB
 7aee18c98c59 Downloading [====================>                              ]  241.2MB/595.5MB
 7aee18c98c59 Downloading [====================>                              ]  241.2MB/595.5MB
 7aee18c98c59 Downloading [====================>                              ]  241.2MB/595.5MB
 7aee18c98c59 Downloading [====================>                              ]  241.2MB/595.5MB
 7aee18c98c59 Downloading [====================>                              ]  241.2MB/595.5MB
 7aee18c98c59 Downloading [====================>                              ]  241.2MB/595.5MB
 7aee18c98c59 Downloading [====================>                              ]  242.2MB/595.5MB
 7aee18c98c59 Downloading [====================>                              ]  242.2MB/595.5MB
 7aee18c98c59 Downloading [====================>                              ]  242.2MB/595.5MB
 7aee18c98c59 Downloading [====================>                              ]  242.2MB/595.5MB
 7aee18c98c59 Downloading [====================>                              ]  242.2MB/595.5MB
 7aee18c98c59 Downloading [====================>                              ]  242.2MB/595.5MB
 7aee18c98c59 Downloading [====================>                              ]  242.2MB/595.5MB
 7aee18c98c59 Downloading [====================>                              ]  242.2MB/595.5MB
 7aee18c98c59 Downloading [====================>                              ]  242.2MB/595.5MB
 7aee18c98c59 Downloading [====================>                              ]  242.2MB/595.5MB
 7aee18c98c59 Downloading [====================>                              ]  242.2MB/595.5MB
 7aee18c98c59 Downloading [====================>                              ]  242.2MB/595.5MB
 7aee18c98c59 Downloading [====================>                              ]  242.2MB/595.5MB
 7aee18c98c59 Downloading [====================>                              ]  242.2MB/595.5MB
 7aee18c98c59 Downloading [====================>                              ]  242.2MB/595.5MB
 7aee18c98c59 Downloading [====================>                              ]  242.2MB/595.5MB
 7aee18c98c59 Downloading [====================>                              ]  242.2MB/595.5MB
 7aee18c98c59 Downloading [====================>                              ]  242.2MB/595.5MB
 7aee18c98c59 Downloading [====================>                              ]  242.2MB/595.5MB
 7aee18c98c59 Downloading [====================>                              ]  242.2MB/595.5MB
 7aee18c98c59 Downloading [====================>                              ]  242.2MB/595.5MB
 7aee18c98c59 Downloading [====================>                              ]  242.2MB/595.5MB
 7aee18c98c59 Downloading [====================>                              ]  242.2MB/595.5MB
 7aee18c98c59 Downloading [====================>                              ]  242.2MB/595.5MB
 7aee18c98c59 Downloading [====================>                              ]  242.2MB/595.5MB
 7aee18c98c59 Downloading [====================>                              ]  242.2MB/595.5MB
 7aee18c98c59 Downloading [====================>                              ]  242.2MB/595.5MB
 7aee18c98c59 Downloading [====================>                              ]  242.2MB/595.5MB
 7aee18c98c59 Downloading [====================>                              ]  242.2MB/595.5MB
 7aee18c98c59 Downloading [====================>                              ]  242.2MB/595.5MB
 7aee18c98c59 Downloading [====================>                              ]  242.2MB/595.5MB
 7aee18c98c59 Downloading [====================>                              ]  242.2MB/595.5MB
 7aee18c98c59 Downloading [====================>                              ]  242.2MB/595.5MB
 7aee18c98c59 Downloading [====================>                              ]  242.2MB/595.5MB
 7aee18c98c59 Downloading [====================>                              ]  242.2MB/595.5MB
 7aee18c98c59 Downloading [====================>                              ]  242.2MB/595.5MB
 7aee18c98c59 Downloading [====================>                              ]  242.2MB/595.5MB
 7aee18c98c59 Downloading [====================>                              ]  242.2MB/595.5MB
 7aee18c98c59 Downloading [====================>                              ]  242.2MB/595.5MB
 7aee18c98c59 Downloading [====================>                              ]  242.2MB/595.5MB
 7aee18c98c59 Downloading [====================>                              ]  243.3MB/595.5MB
 7aee18c98c59 Downloading [====================>                              ]  243.3MB/595.5MB
 7aee18c98c59 Downloading [====================>                              ]  243.3MB/595.5MB
 7aee18c98c59 Downloading [====================>                              ]  243.3MB/595.5MB
 7aee18c98c59 Downloading [====================>                              ]  243.3MB/595.5MB
 7aee18c98c59 Downloading [====================>                              ]  243.3MB/595.5MB
 7aee18c98c59 Downloading [====================>                              ]  243.3MB/595.5MB
 7aee18c98c59 Downloading [====================>                              ]  243.3MB/595.5MB
 7aee18c98c59 Downloading [====================>                              ]  243.3MB/595.5MB
 7aee18c98c59 Downloading [====================>                              ]  243.3MB/595.5MB
 7aee18c98c59 Downloading [====================>                              ]  243.3MB/595.5MB
 7aee18c98c59 Downloading [====================>                              ]  243.3MB/595.5MB
 7aee18c98c59 Downloading [====================>                              ]  243.3MB/595.5MB
 7aee18c98c59 Downloading [====================>                              ]  243.3MB/595.5MB
 7aee18c98c59 Downloading [====================>                              ]  243.3MB/595.5MB
 7aee18c98c59 Downloading [====================>                              ]  243.3MB/595.5MB
 7aee18c98c59 Downloading [====================>                              ]  243.3MB/595.5MB
 7aee18c98c59 Downloading [====================>                              ]  243.3MB/595.5MB
 7aee18c98c59 Downloading [====================>                              ]  243.3MB/595.5MB
 7aee18c98c59 Downloading [====================>                              ]  243.3MB/595.5MB
 7aee18c98c59 Downloading [====================>                              ]  243.3MB/595.5MB
 7aee18c98c59 Downloading [====================>                              ]  243.3MB/595.5MB
 7aee18c98c59 Downloading [====================>                              ]  243.3MB/595.5MB
 7aee18c98c59 Downloading [====================>                              ]  243.3MB/595.5MB
 7aee18c98c59 Downloading [====================>                              ]  243.3MB/595.5MB
 7aee18c98c59 Downloading [====================>                              ]  243.3MB/595.5MB
 7aee18c98c59 Downloading [====================>                              ]  243.3MB/595.5MB
 7aee18c98c59 Downloading [====================>                              ]  243.3MB/595.5MB
 7aee18c98c59 Downloading [====================>                              ]  243.3MB/595.5MB
 7aee18c98c59 Downloading [====================>                              ]  243.3MB/595.5MB
 7aee18c98c59 Downloading [====================>                              ]  243.3MB/595.5MB
 7aee18c98c59 Downloading [====================>                              ]  243.3MB/595.5MB
 7aee18c98c59 Downloading [====================>                              ]  243.3MB/595.5MB
 7aee18c98c59 Downloading [====================>                              ]  243.3MB/595.5MB
 7aee18c98c59 Downloading [====================>                              ]  243.3MB/595.5MB
 7aee18c98c59 Downloading [====================>                              ]  243.3MB/595.5MB
 7aee18c98c59 Downloading [====================>                              ]  243.3MB/595.5MB
 7aee18c98c59 Downloading [====================>                              ]  243.3MB/595.5MB
 7aee18c98c59 Downloading [====================>                              ]  243.3MB/595.5MB
 7aee18c98c59 Downloading [====================>                              ]  243.3MB/595.5MB
 7aee18c98c59 Downloading [====================>                              ]  243.3MB/595.5MB
 7aee18c98c59 Downloading [====================>                              ]  243.3MB/595.5MB
 7aee18c98c59 Downloading [====================>                              ]  243.3MB/595.5MB
 7aee18c98c59 Downloading [====================>                              ]  243.3MB/595.5MB
 7aee18c98c59 Downloading [====================>                              ]  243.3MB/595.5MB
 7aee18c98c59 Downloading [====================>                              ]  243.3MB/595.5MB
 7aee18c98c59 Downloading [====================>                              ]  243.3MB/595.5MB
 7aee18c98c59 Downloading [====================>                              ]  243.3MB/595.5MB
 7aee18c98c59 Downloading [====================>                              ]  243.3MB/595.5MB
 7aee18c98c59 Downloading [====================>                              ]  243.3MB/595.5MB
 7aee18c98c59 Downloading [====================>                              ]  243.3MB/595.5MB
 7aee18c98c59 Downloading [====================>                              ]  243.3MB/595.5MB
 7aee18c98c59 Downloading [====================>                              ]  243.3MB/595.5MB
 7aee18c98c59 Downloading [====================>                              ]  243.3MB/595.5MB
 7aee18c98c59 Downloading [====================>                              ]  243.3MB/595.5MB
 7aee18c98c59 Downloading [====================>                              ]  243.3MB/595.5MB
 7aee18c98c59 Downloading [====================>                              ]  243.3MB/595.5MB
 7aee18c98c59 Downloading [====================>                              ]  243.3MB/595.5MB
 7aee18c98c59 Downloading [====================>                              ]  243.3MB/595.5MB
 7aee18c98c59 Downloading [====================>                              ]  243.3MB/595.5MB
 7aee18c98c59 Downloading [====================>                              ]  243.3MB/595.5MB
 7aee18c98c59 Downloading [====================>                              ]  243.3MB/595.5MB
 7aee18c98c59 Downloading [====================>                              ]  243.3MB/595.5MB
 7aee18c98c59 Downloading [====================>                              ]  243.3MB/595.5MB
 7aee18c98c59 Downloading [====================>                              ]  243.3MB/595.5MB
 7aee18c98c59 Downloading [====================>                              ]  243.3MB/595.5MB
 7aee18c98c59 Downloading [====================>                              ]  243.3MB/595.5MB
 7aee18c98c59 Downloading [====================>                              ]  243.3MB/595.5MB
 7aee18c98c59 Downloading [====================>                              ]  243.3MB/595.5MB
 7aee18c98c59 Downloading [====================>                              ]  243.3MB/595.5MB
 7aee18c98c59 Downloading [====================>                              ]  243.3MB/595.5MB
 7aee18c98c59 Downloading [====================>                              ]  243.3MB/595.5MB
 7aee18c98c59 Downloading [====================>                              ]  243.3MB/595.5MB
 7aee18c98c59 Downloading [====================>                              ]  243.3MB/595.5MB
 7aee18c98c59 Downloading [====================>                              ]  243.3MB/595.5MB
 7aee18c98c59 Downloading [====================>                              ]  243.3MB/595.5MB
 7aee18c98c59 Downloading [====================>                              ]  243.3MB/595.5MB
 7aee18c98c59 Downloading [====================>                              ]  243.3MB/595.5MB
 7aee18c98c59 Downloading [====================>                              ]  243.3MB/595.5MB
 7aee18c98c59 Downloading [====================>                              ]  243.3MB/595.5MB
 7aee18c98c59 Downloading [====================>                              ]  243.3MB/595.5MB
 7aee18c98c59 Downloading [====================>                              ]  243.3MB/595.5MB
 7aee18c98c59 Downloading [====================>                              ]  243.3MB/595.5MB
 7aee18c98c59 Downloading [====================>                              ]  243.3MB/595.5MB
 7aee18c98c59 Downloading [====================>                              ]  243.3MB/595.5MB
 7aee18c98c59 Downloading [====================>                              ]  243.3MB/595.5MB
 7aee18c98c59 Downloading [====================>                              ]  243.3MB/595.5MB
 7aee18c98c59 Downloading [====================>                              ]  243.3MB/595.5MB
 7aee18c98c59 Downloading [====================>                              ]  243.3MB/595.5MB
 7aee18c98c59 Downloading [====================>                              ]  243.3MB/595.5MB
 7aee18c98c59 Downloading [====================>                              ]  243.3MB/595.5MB
 7aee18c98c59 Downloading [====================>                              ]  243.3MB/595.5MB
 7aee18c98c59 Downloading [====================>                              ]  243.3MB/595.5MB
 7aee18c98c59 Downloading [====================>                              ]  243.3MB/595.5MB
 7aee18c98c59 Downloading [====================>                              ]  243.3MB/595.5MB
 7aee18c98c59 Downloading [====================>                              ]  243.3MB/595.5MB
 7aee18c98c59 Downloading [====================>                              ]  244.3MB/595.5MB
 7aee18c98c59 Downloading [====================>                              ]  244.3MB/595.5MB
 7aee18c98c59 Downloading [====================>                              ]  244.3MB/595.5MB
 7aee18c98c59 Downloading [====================>                              ]  244.3MB/595.5MB
 7aee18c98c59 Downloading [====================>                              ]  244.3MB/595.5MB
 7aee18c98c59 Downloading [====================>                              ]  244.3MB/595.5MB
 7aee18c98c59 Downloading [====================>                              ]  244.3MB/595.5MB
 7aee18c98c59 Downloading [====================>                              ]  244.3MB/595.5MB
 7aee18c98c59 Downloading [====================>                              ]  244.3MB/595.5MB
 7aee18c98c59 Downloading [====================>                              ]  244.3MB/595.5MB
 7aee18c98c59 Downloading [====================>                              ]  244.3MB/595.5MB
 7aee18c98c59 Downloading [====================>                              ]  244.3MB/595.5MB
 7aee18c98c59 Downloading [====================>                              ]  244.3MB/595.5MB
 7aee18c98c59 Downloading [====================>                              ]  244.3MB/595.5MB
 7aee18c98c59 Downloading [====================>                              ]  244.3MB/595.5MB
 7aee18c98c59 Downloading [====================>                              ]  244.3MB/595.5MB
 7aee18c98c59 Downloading [====================>                              ]  244.3MB/595.5MB
 7aee18c98c59 Downloading [====================>                              ]  244.3MB/595.5MB
 7aee18c98c59 Downloading [====================>                              ]  244.3MB/595.5MB
 7aee18c98c59 Downloading [====================>                              ]  244.3MB/595.5MB
 7aee18c98c59 Downloading [====================>                              ]  244.3MB/595.5MB
 7aee18c98c59 Downloading [====================>                              ]  244.3MB/595.5MB
 7aee18c98c59 Downloading [====================>                              ]  244.3MB/595.5MB
 7aee18c98c59 Downloading [====================>                              ]  244.3MB/595.5MB
 7aee18c98c59 Downloading [====================>                              ]  244.3MB/595.5MB
 7aee18c98c59 Downloading [====================>                              ]  244.3MB/595.5MB
 7aee18c98c59 Downloading [====================>                              ]  244.3MB/595.5MB
 7aee18c98c59 Downloading [====================>                              ]  244.3MB/595.5MB
 7aee18c98c59 Downloading [====================>                              ]  244.3MB/595.5MB
 7aee18c98c59 Downloading [====================>                              ]  244.3MB/595.5MB
 7aee18c98c59 Downloading [====================>                              ]  244.3MB/595.5MB
 7aee18c98c59 Downloading [====================>                              ]  244.3MB/595.5MB
 7aee18c98c59 Downloading [====================>                              ]  244.3MB/595.5MB
 7aee18c98c59 Downloading [====================>                              ]  245.4MB/595.5MB
 7aee18c98c59 Downloading [====================>                              ]  245.4MB/595.5MB
 7aee18c98c59 Downloading [====================>                              ]  245.4MB/595.5MB
 7aee18c98c59 Downloading [====================>                              ]  245.4MB/595.5MB
 7aee18c98c59 Downloading [====================>                              ]  245.4MB/595.5MB
 7aee18c98c59 Downloading [====================>                              ]  245.4MB/595.5MB
 7aee18c98c59 Downloading [====================>                              ]  245.4MB/595.5MB
 7aee18c98c59 Downloading [====================>                              ]  245.4MB/595.5MB
 7aee18c98c59 Downloading [====================>                              ]  245.4MB/595.5MB
 7aee18c98c59 Downloading [====================>                              ]  245.4MB/595.5MB
 7aee18c98c59 Downloading [====================>                              ]  245.4MB/595.5MB
 7aee18c98c59 Downloading [====================>                              ]  245.4MB/595.5MB
 7aee18c98c59 Downloading [====================>                              ]  245.4MB/595.5MB
 7aee18c98c59 Downloading [====================>                              ]  245.4MB/595.5MB
 7aee18c98c59 Downloading [====================>                              ]  245.4MB/595.5MB
 7aee18c98c59 Downloading [====================>                              ]  245.4MB/595.5MB
 7aee18c98c59 Downloading [====================>                              ]  245.4MB/595.5MB
 7aee18c98c59 Downloading [====================>                              ]  245.4MB/595.5MB
 7aee18c98c59 Downloading [====================>                              ]  245.4MB/595.5MB
 7aee18c98c59 Downloading [====================>                              ]  245.4MB/595.5MB
 7aee18c98c59 Downloading [====================>                              ]  245.4MB/595.5MB
 7aee18c98c59 Downloading [====================>                              ]  245.4MB/595.5MB
 7aee18c98c59 Downloading [====================>                              ]  245.4MB/595.5MB
 7aee18c98c59 Downloading [====================>                              ]  245.4MB/595.5MB
 7aee18c98c59 Downloading [====================>                              ]  245.4MB/595.5MB
 7aee18c98c59 Downloading [====================>                              ]  245.4MB/595.5MB
 7aee18c98c59 Downloading [====================>                              ]  245.4MB/595.5MB
 7aee18c98c59 Downloading [====================>                              ]  245.4MB/595.5MB
 7aee18c98c59 Downloading [====================>                              ]  245.4MB/595.5MB
 7aee18c98c59 Downloading [====================>                              ]  245.4MB/595.5MB
 7aee18c98c59 Downloading [====================>                              ]  245.4MB/595.5MB
 7aee18c98c59 Downloading [====================>                              ]  245.4MB/595.5MB
 7aee18c98c59 Downloading [====================>                              ]  245.4MB/595.5MB
 7aee18c98c59 Downloading [====================>                              ]  245.4MB/595.5MB
 7aee18c98c59 Downloading [====================>                              ]  245.4MB/595.5MB
 7aee18c98c59 Downloading [====================>                              ]  245.4MB/595.5MB
 7aee18c98c59 Downloading [====================>                              ]  245.4MB/595.5MB
 7aee18c98c59 Downloading [====================>                              ]  245.4MB/595.5MB
 7aee18c98c59 Downloading [====================>                              ]  245.4MB/595.5MB
 7aee18c98c59 Downloading [====================>                              ]  245.4MB/595.5MB
 7aee18c98c59 Downloading [====================>                              ]  245.4MB/595.5MB
 7aee18c98c59 Downloading [====================>                              ]  245.4MB/595.5MB
 7aee18c98c59 Downloading [====================>                              ]  245.4MB/595.5MB
 7aee18c98c59 Downloading [====================>                              ]  245.4MB/595.5MB
 7aee18c98c59 Downloading [====================>                              ]  245.4MB/595.5MB
 7aee18c98c59 Downloading [====================>                              ]  245.4MB/595.5MB
 7aee18c98c59 Downloading [====================>                              ]  245.4MB/595.5MB
 7aee18c98c59 Downloading [====================>                              ]  245.4MB/595.5MB
 7aee18c98c59 Downloading [====================>                              ]  245.4MB/595.5MB
 7aee18c98c59 Downloading [====================>                              ]  245.4MB/595.5MB
 7aee18c98c59 Downloading [====================>                              ]  245.4MB/595.5MB
 7aee18c98c59 Downloading [====================>                              ]  245.4MB/595.5MB
 7aee18c98c59 Downloading [====================>                              ]  245.4MB/595.5MB
 7aee18c98c59 Downloading [====================>                              ]  245.4MB/595.5MB
 7aee18c98c59 Downloading [====================>                              ]  245.4MB/595.5MB
 7aee18c98c59 Downloading [====================>                              ]  245.4MB/595.5MB
 7aee18c98c59 Downloading [====================>                              ]  245.4MB/595.5MB
 7aee18c98c59 Downloading [====================>                              ]  245.4MB/595.5MB
 7aee18c98c59 Downloading [====================>                              ]  245.4MB/595.5MB
 7aee18c98c59 Downloading [====================>                              ]  245.4MB/595.5MB
 7aee18c98c59 Downloading [====================>                              ]  245.4MB/595.5MB
 7aee18c98c59 Downloading [====================>                              ]  245.4MB/595.5MB
 7aee18c98c59 Downloading [====================>                              ]  245.4MB/595.5MB
 7aee18c98c59 Downloading [====================>                              ]  245.4MB/595.5MB
 7aee18c98c59 Downloading [====================>                              ]  245.4MB/595.5MB
 7aee18c98c59 Downloading [====================>                              ]  245.4MB/595.5MB
 7aee18c98c59 Downloading [====================>                              ]  245.4MB/595.5MB
 7aee18c98c59 Downloading [====================>                              ]  245.4MB/595.5MB
 7aee18c98c59 Downloading [====================>                              ]  245.4MB/595.5MB
 7aee18c98c59 Downloading [====================>                              ]  245.4MB/595.5MB
 7aee18c98c59 Downloading [====================>                              ]  245.4MB/595.5MB
 7aee18c98c59 Downloading [====================>                              ]  245.4MB/595.5MB
 7aee18c98c59 Downloading [====================>                              ]  245.4MB/595.5MB
 7aee18c98c59 Downloading [====================>                              ]  245.4MB/595.5MB
 7aee18c98c59 Downloading [====================>                              ]  245.4MB/595.5MB
 7aee18c98c59 Downloading [====================>                              ]  245.4MB/595.5MB
 7aee18c98c59 Downloading [====================>                              ]  245.4MB/595.5MB
 7aee18c98c59 Downloading [====================>                              ]  245.4MB/595.5MB
 7aee18c98c59 Downloading [====================>                              ]  245.4MB/595.5MB
 7aee18c98c59 Downloading [====================>                              ]  245.4MB/595.5MB
 7aee18c98c59 Downloading [====================>                              ]  245.4MB/595.5MB
 7aee18c98c59 Downloading [====================>                              ]  245.4MB/595.5MB
 7aee18c98c59 Downloading [====================>                              ]  245.4MB/595.5MB
 7aee18c98c59 Downloading [====================>                              ]  245.4MB/595.5MB
 7aee18c98c59 Downloading [====================>                              ]  245.4MB/595.5MB
 7aee18c98c59 Downloading [====================>                              ]  245.4MB/595.5MB
 7aee18c98c59 Downloading [====================>                              ]  245.4MB/595.5MB
 7aee18c98c59 Downloading [====================>                              ]  245.4MB/595.5MB
 7aee18c98c59 Downloading [====================>                              ]  245.4MB/595.5MB
 7aee18c98c59 Downloading [====================>                              ]  245.4MB/595.5MB
 7aee18c98c59 Downloading [====================>                              ]  245.4MB/595.5MB
 7aee18c98c59 Downloading [====================>                              ]  245.4MB/595.5MB
 7aee18c98c59 Downloading [====================>                              ]  245.4MB/595.5MB
 7aee18c98c59 Downloading [====================>                              ]  245.4MB/595.5MB
 7aee18c98c59 Downloading [====================>                              ]  245.4MB/595.5MB
 7aee18c98c59 Downloading [====================>                              ]  245.4MB/595.5MB
 7aee18c98c59 Downloading [====================>                              ]  245.4MB/595.5MB
 7aee18c98c59 Downloading [====================>                              ]  245.4MB/595.5MB
 7aee18c98c59 Downloading [====================>                              ]  245.4MB/595.5MB
 7aee18c98c59 Downloading [====================>                              ]  245.4MB/595.5MB
 7aee18c98c59 Downloading [====================>                              ]  245.4MB/595.5MB
 7aee18c98c59 Downloading [====================>                              ]  245.4MB/595.5MB
 7aee18c98c59 Downloading [====================>                              ]  245.4MB/595.5MB
 7aee18c98c59 Downloading [====================>                              ]  245.4MB/595.5MB
 7aee18c98c59 Downloading [====================>                              ]  245.4MB/595.5MB
 7aee18c98c59 Downloading [====================>                              ]  245.4MB/595.5MB
 7aee18c98c59 Downloading [====================>                              ]  245.4MB/595.5MB
 7aee18c98c59 Downloading [====================>                              ]  245.4MB/595.5MB
 7aee18c98c59 Downloading [====================>                              ]  245.4MB/595.5MB
 7aee18c98c59 Downloading [====================>                              ]  245.4MB/595.5MB
 7aee18c98c59 Downloading [====================>                              ]  245.4MB/595.5MB
 7aee18c98c59 Downloading [====================>                              ]  245.4MB/595.5MB
 7aee18c98c59 Downloading [====================>                              ]  245.4MB/595.5MB
 7aee18c98c59 Downloading [====================>                              ]  245.4MB/595.5MB
 7aee18c98c59 Downloading [====================>                              ]  245.4MB/595.5MB
 7aee18c98c59 Downloading [====================>                              ]  245.4MB/595.5MB
 7aee18c98c59 Downloading [====================>                              ]  245.4MB/595.5MB
 7aee18c98c59 Downloading [====================>                              ]  245.4MB/595.5MB
 7aee18c98c59 Downloading [====================>                              ]  245.4MB/595.5MB
 7aee18c98c59 Downloading [====================>                              ]  245.4MB/595.5MB
 7aee18c98c59 Downloading [====================>                              ]  245.4MB/595.5MB
 7aee18c98c59 Downloading [====================>                              ]  245.4MB/595.5MB
 7aee18c98c59 Downloading [====================>                              ]  245.4MB/595.5MB
 7aee18c98c59 Downloading [====================>                              ]  245.4MB/595.5MB
 7aee18c98c59 Downloading [====================>                              ]  245.4MB/595.5MB
 7aee18c98c59 Downloading [====================>                              ]  245.4MB/595.5MB
 7aee18c98c59 Downloading [====================>                              ]  245.4MB/595.5MB
 7aee18c98c59 Downloading [====================>                              ]  245.4MB/595.5MB
 7aee18c98c59 Downloading [====================>                              ]  245.4MB/595.5MB
 7aee18c98c59 Downloading [====================>                              ]  245.4MB/595.5MB
 7aee18c98c59 Downloading [====================>                              ]  245.4MB/595.5MB
 7aee18c98c59 Downloading [====================>                              ]  245.8MB/595.5MB
failed to read expected number of bytes: unexpected EOF
EXIT=1
