Compose can now delegate builds to bake for better performance.
 To do so, set COMPOSE_BAKE=true.
#0 building with "desktop-linux" instance using docker driver

#1 [kali internal] load build definition from Dockerfile
#1 transferring dockerfile: 1.42kB 0.0s done
#1 DONE 0.0s

#2 [kali internal] load metadata for docker.io/kalilinux/kali-rolling:latest
#2 DONE 4.1s

#3 [kali internal] load .dockerignore
#3 transferring context: 2B done
#3 DONE 0.0s

#4 [kali 1/4] FROM docker.io/kalilinux/kali-rolling:latest@sha256:ed99295a386abde2fb31e01a441b7c2800d9bcf19a20028b77d642c3ef068363
#4 resolve docker.io/kalilinux/kali-rolling:latest@sha256:ed99295a386abde2fb31e01a441b7c2800d9bcf19a20028b77d642c3ef068363 0.0s done
#4 sha256:4d8ddc1e35b0fc0917240a61f9268db330cabcf5222664284979f358d068e752 0B / 52.74MB 0.2s
#4 sha256:4d8ddc1e35b0fc0917240a61f9268db330cabcf5222664284979f358d068e752 1.05MB / 52.74MB 5.3s
#4 sha256:4d8ddc1e35b0fc0917240a61f9268db330cabcf5222664284979f358d068e752 3.15MB / 52.74MB 10.4s
#4 sha256:4d8ddc1e35b0fc0917240a61f9268db330cabcf5222664284979f358d068e752 6.29MB / 52.74MB 12.8s
#4 sha256:4d8ddc1e35b0fc0917240a61f9268db330cabcf5222664284979f358d068e752 9.44MB / 52.74MB 14.1s
#4 sha256:4d8ddc1e35b0fc0917240a61f9268db330cabcf5222664284979f358d068e752 12.58MB / 52.74MB 14.9s
#4 sha256:4d8ddc1e35b0fc0917240a61f9268db330cabcf5222664284979f358d068e752 15.73MB / 52.74MB 15.8s
#4 sha256:4d8ddc1e35b0fc0917240a61f9268db330cabcf5222664284979f358d068e752 18.87MB / 52.74MB 16.5s
#4 sha256:4d8ddc1e35b0fc0917240a61f9268db330cabcf5222664284979f358d068e752 22.02MB / 52.74MB 17.1s
#4 sha256:4d8ddc1e35b0fc0917240a61f9268db330cabcf5222664284979f358d068e752 25.17MB / 52.74MB 17.9s
#4 sha256:4d8ddc1e35b0fc0917240a61f9268db330cabcf5222664284979f358d068e752 28.31MB / 52.74MB 18.6s
#4 sha256:4d8ddc1e35b0fc0917240a61f9268db330cabcf5222664284979f358d068e752 31.46MB / 52.74MB 19.5s
#4 sha256:4d8ddc1e35b0fc0917240a61f9268db330cabcf5222664284979f358d068e752 34.60MB / 52.74MB 20.4s
#4 sha256:4d8ddc1e35b0fc0917240a61f9268db330cabcf5222664284979f358d068e752 37.75MB / 52.74MB 21.2s
#4 sha256:4d8ddc1e35b0fc0917240a61f9268db330cabcf5222664284979f358d068e752 40.89MB / 52.74MB 21.9s
#4 sha256:4d8ddc1e35b0fc0917240a61f9268db330cabcf5222664284979f358d068e752 44.04MB / 52.74MB 22.5s
#4 sha256:4d8ddc1e35b0fc0917240a61f9268db330cabcf5222664284979f358d068e752 47.19MB / 52.74MB 23.4s
#4 sha256:4d8ddc1e35b0fc0917240a61f9268db330cabcf5222664284979f358d068e752 50.33MB / 52.74MB 24.5s
#4 sha256:4d8ddc1e35b0fc0917240a61f9268db330cabcf5222664284979f358d068e752 52.74MB / 52.74MB 24.8s done
#4 extracting sha256:4d8ddc1e35b0fc0917240a61f9268db330cabcf5222664284979f358d068e752
#4 extracting sha256:4d8ddc1e35b0fc0917240a61f9268db330cabcf5222664284979f358d068e752 0.7s done
#4 DONE 25.5s

#5 [kali 2/4] RUN apt-get update && apt-get install -y --no-install-recommends         nmap         nikto         sqlmap         whatweb         gobuster         enum4linux         smbclient         dnsutils         whois         curl         nbtscan         redis-tools         exploitdb         ftp         telnet         rpcbind         nfs-common         default-mysql-client         postgresql-client         snmp         netcat-traditional         finger         hydra         python3         python-is-python3         ca-certificates     && rm -rf /var/lib/apt/lists/*
#5 2.169 Get:1 http://mirror.kku.ac.th/kali kali-rolling InRelease [34.0 kB]
#5 2.545 Get:2 http://mirror.kku.ac.th/kali kali-rolling/main amd64 Packages [21.5 MB]
#5 8.994 Get:3 http://mirror.kku.ac.th/kali kali-rolling/non-free-firmware amd64 Packages [16.0 kB]
#5 8.995 Get:4 http://mirror.kku.ac.th/kali kali-rolling/non-free amd64 Packages [183 kB]
#5 9.047 Get:5 http://mirror.kku.ac.th/kali kali-rolling/contrib amd64 Packages [113 kB]
#5 9.273 Fetched 21.8 MB in 9s (2434 kB/s)
#5 9.273 Reading package lists...
#5 9.651 Reading package lists...
#5 10.01 Building dependency tree...
#5 10.10 Reading state information...
#5 10.14 Solving dependencies...
#5 10.24 The following additional packages will be installed:
#5 10.24   adduser bind9-host bind9-libs bubblewrap firebird4.0-common
#5 10.24   firebird4.0-common-doc fontconfig fontconfig-config fonts-dejavu-core
#5 10.24   fonts-dejavu-mono freetds-common glycin-loaders glycin-thumbnailers
#5 10.24   inetutils-telnet keyutils ldap-utils libaom3 libapr1t64 libaprutil1t64
#5 10.24   libarchive13t64 libatomic1 libavahi-client3 libavahi-common-data
#5 10.24   libavahi-common3 libavcodec62 libavutil60 libblas3 libbrotli1 libbson2-2
#5 10.24   libcairo-gobject2 libcairo2 libcap2 libcbor0.10 libcodec2-1.2 libcom-err2
#5 10.24   libcups2t64 libcurl4t64 libdatrie1 libdav1d7 libdbus-1-3 libde265-0
#5 10.24   libdigest-perl-md5-perl libdrm-common libdrm2 libedit2
#5 10.24   libevent-core-2.1-7t64 libexpat1 libfbclient2 libffi8 libfido2-1
#5 10.24   libfontconfig1 libfreerdp3-3 libfreetype6 libfribidi0 libfstrm0 libgcrypt20
#5 10.24   libgdbm-compat4t64 libgdbm6t64 libgdk-pixbuf-2.0-0 libgdk-pixbuf2.0-common
#5 10.24   libglib2.0-0t64 libglycin-2-0 libgnutls30t64 libgomp1 libgpg-error0
#5 10.24   libgraphite2-3 libgsm1 libgssapi-krb5-2 libharfbuzz0b libhashkit2t64
#5 10.24   libheif-plugin-dav1d libheif-plugin-libde265 libheif1 libhwy1t64 libicu78
#5 10.24   libidn12 libidn2-0 libio-socket-ssl-perl libjansson4 libjemalloc2 libjson-c5
#5 10.24   libjson-perl libjxl0.11 libk5crypto3 libkeyutils1 libkrb5-3 libkrb5support0
#5 10.24   liblcms2-2 libldap2 libldb2 liblinear4 liblmdb0 liblua5.4-0 liblzf1
#5 10.24   libmagic-mgc libmagic1t64 libmariadb3 libmaxminddb0 libmemcached11t64
#5 10.24   libmongoc2-2 libmongocrypt0 libmp3lame0 libmpg123-0t64 libncurses6
#5 10.24   libncursesw6 libnet-ssleay-perl libnfsidmap1 libnghttp2-14 libnghttp3-9
#5 10.24   libngtcp2-16 libngtcp2-crypto-gnutls8 libngtcp2-crypto-ossl0 libnl-3-200
#5 10.24   libnl-genl-3-200 libnl-route-3-200 libnuma1 libogg0 libopenjp2-7 libopus0
#5 10.24   libp11-kit0 libpango-1.0-0 libpangocairo-1.0-0 libpangoft2-1.0-0
#5 10.24   libpcap0.8t64 libpci3 libpcre2-posix3 libperl5.42 libpixman-1-0
#5 10.24   libpng16-16t64 libpopt0 libpq5 libproc2-1 libprotobuf-c1 libpsl5t64
#5 10.24   libpython3-stdlib libpython3.14-minimal libpython3.14-stdlib librav1e0.8
#5 10.24   libreadline8t64 librsvg2-2 libruby libruby3.3 libsasl2-2 libsasl2-modules-db
#5 10.24   libsensors-config libsensors5 libserf-1-1 libsharpyuv0 libshine3
#5 10.24   libsmbclient0 libsnappy1v5 libsnmp-base libsnmp45 libsoxr0 libspeex1
#5 10.24   libsqlite3-0 libssh-4 libssh2-1t64 libsvn1 libsvtav1enc4 libswresample6
#5 10.24   libswscale9 libsybdb5 libtalloc2 libtasn1-6 libtdb1 libtevent0t64
#5 10.24   libtext-charwidth-perl libtext-wrapi18n-perl libthai-data libthai0
#5 10.24   libtheoradec2 libtheoraenc2 libtirpc-common libtirpc3t64 libtommath1
#5 10.24   libtwolame0 libunistring5 liburcu8t64 liburing2 liburiparser1 libutf8proc3
#5 10.24   libuv1t64 libva-drm2 libva-x11-2 libva2 libvdpau1 libvorbis0a libvorbisenc2
#5 10.24   libvpl2 libvpx12 libwbclient0 libwebp7 libwebpmux3 libwhisker2-perl
#5 10.24   libwinpr3-3 libwrap0 libx11-6 libx11-data libx11-xcb1 libx264-165
#5 10.24   libx265-216 libxau6 libxcb-dri3-0 libxcb-render0 libxcb-shm0 libxcb1
#5 10.24   libxdmcp6 libxext6 libxfixes3 libxkbfile1 libxml-libxml-perl
#5 10.24   libxml-namespacesupport-perl libxml-sax-base-perl libxml-sax-perl
#5 10.24   libxml-writer-perl libxml2-16 libxml2-utils libxrender1 libxvidcore4
#5 10.24   libyaml-0-2 libzvbi-common libzvbi0t64 mariadb-client mariadb-client-compat
#5 10.24   mariadb-client-core mariadb-common media-types mysql-common netbase
#5 10.24   nmap-common ocl-icd-libopencl1 openssl pci.ids perl perl-modules-5.42
#5 10.24   perl-openssl-defaults polenum postgresql-client-18 postgresql-client-common
#5 10.24   procps publicsuffix python3-bcrypt python3-blinker python3-cffi-backend
#5 10.24   python3-charset-normalizer python3-click python3-cryptography
#5 10.24   python3-dnspython python3-flask python3-impacket python3-itsdangerous
#5 10.24   python3-jinja2 python3-ldap3 python3-ldapdomaindump python3-magic
#5 10.24   python3-markupsafe python3-minimal python3-openssl python3-pyasn1
#5 10.24   python3-pyasn1-modules python3-pycryptodome python3-six python3-werkzeug
#5 10.24   python3.14 python3.14-minimal rake readline-common ruby ruby-addressable
#5 10.24   ruby-csv ruby-did-you-mean ruby-ipaddress ruby-net-telnet ruby-public-suffix
#5 10.24   ruby-ruby2-keywords ruby-rubygems ruby-webrick ruby-xmlrpc ruby3.3
#5 10.24   rubygems-integration samba samba-common samba-common-bin samba-libs
#5 10.24   sensible-utils shared-mime-info tnftp ucf
#5 10.24 Suggested packages:
#5 10.24   liblocale-gettext-perl cron quota ecryptfs-utils libheif-plugin-x265
#5 10.24   | libheif-plugin-kvazaar crunch cupp hashcat hydra-gtk libsasl2-modules
#5 10.24   libsasl2-modules-gssapi-mit | libsasl2-modules-gssapi-heimdal lrzip libcuda1
#5 10.24   libnvcuvid1 libnvidia-encode1 cups-common freerdp-x11 rng-tools gdbm-l10n
#5 10.24   low-memory-monitor gnutls-bin krb5-doc krb5-user libheif-plugin-ffmpegdec
#5 10.24   libheif-plugin-jpegdec libheif-plugin-jpegenc libheif-plugin-j2kdec
#5 10.24   libheif-plugin-j2kenc libheif-plugin-kvazaar libheif-plugin-rav1e
#5 10.24   libheif-plugin-svtenc liblcms2-utils liblinear-tools liblinear-dev file
#5 10.24   mmdb-bin opus-tools libpq-oauth librsvg2-bin lm-sensors snmp-mibs-downloader
#5 10.24   speex libdbd-mariadb-perl | libdbd-mysql-perl libdbi-perl
#5 10.24   libterm-readkey-perl open-iscsi watchdog ncat ndiff zenmap opencl-icd
#5 10.24   perl-doc libterm-readline-gnu-perl | libterm-readline-perl-perl make
#5 10.24   libtap-harness-archive-perl debhelper postgresql-18 postgresql-doc-18
#5 10.24   python3-doc python3-tk python3-venv python-blinker-doc
#5 10.24   python-charset-normalizer-doc python-cryptography-doc
#5 10.24   python3-cryptography-vectors python3-aioquic python3-trio python-flask-doc
#5 10.24   python-jinja2-doc python-openssl-doc ipython3 python-werkzeug-doc
#5 10.24   python3-lxml python3-watchdog python3.14-venv python3.14-doc binutils
#5 10.24   binfmt-support readline-doc ruby-redis ri ruby-dev bundler ctdb ufw winbind
#5 10.24   python3-samba samba-vfs-ceph samba-vfs-glusterfs attr heimdal-clients
#5 10.24   cifs-utils
#5 10.24 Recommended packages:
#5 10.24   bash-completion libheif-plugin-aomenc | libheif-plugin-rav1e
#5 10.24   | libheif-plugin-svtenc libglib2.0-data xdg-user-dirs libgpg-error-l10n
#5 10.24   libheif-plugin-x265 libheif-plugin-aomenc liburi-perl | libnet-libidn-perl
#5 10.24   | libnet-idn-encode-perl libjson-xs-perl krb5-locales libldap-common libgpm2
#5 10.24   librsvg2-common ruby-sdbm libsasl2-modules va-driver-all | va-driver
#5 10.24   libwww-perl libxml-sax-expat-perl psmisc linux-sysctl-defaults python3-idna
#5 10.24   python3-h2 python3-httpcore python3-httpx python3-asgiref python3-dotenv
#5 10.24   python3-babel python3-pyinotify zip fonts-lato libjs-jquery python3-samba
#5 10.24   ruby-json ruby-rchardet
#5 11.52 The following NEW packages will be installed:
#5 11.52   adduser bind9-dnsutils bind9-host bind9-libs bubblewrap ca-certificates curl
#5 11.52   default-mysql-client enum4linux exploitdb finger firebird4.0-common
#5 11.52   firebird4.0-common-doc fontconfig fontconfig-config fonts-dejavu-core
#5 11.52   fonts-dejavu-mono freetds-common ftp glycin-loaders glycin-thumbnailers
#5 11.52   gobuster hydra inetutils-telnet keyutils ldap-utils libaom3 libapr1t64
#5 11.52   libaprutil1t64 libarchive13t64 libatomic1 libavahi-client3
#5 11.52   libavahi-common-data libavahi-common3 libavcodec62 libavutil60 libblas3
#5 11.52   libbrotli1 libbson2-2 libcairo-gobject2 libcairo2 libcap2 libcbor0.10
#5 11.52   libcodec2-1.2 libcom-err2 libcups2t64 libcurl4t64 libdatrie1 libdav1d7
#5 11.52   libdbus-1-3 libde265-0 libdigest-perl-md5-perl libdrm-common libdrm2
#5 11.52   libedit2 libevent-core-2.1-7t64 libexpat1 libfbclient2 libffi8 libfido2-1
#5 11.52   libfontconfig1 libfreerdp3-3 libfreetype6 libfribidi0 libfstrm0 libgcrypt20
#5 11.52   libgdbm-compat4t64 libgdbm6t64 libgdk-pixbuf-2.0-0 libgdk-pixbuf2.0-common
#5 11.52   libglib2.0-0t64 libglycin-2-0 libgnutls30t64 libgomp1 libgpg-error0
#5 11.52   libgraphite2-3 libgsm1 libgssapi-krb5-2 libharfbuzz0b libhashkit2t64
#5 11.52   libheif-plugin-dav1d libheif-plugin-libde265 libheif1 libhwy1t64 libicu78
#5 11.52   libidn12 libidn2-0 libio-socket-ssl-perl libjansson4 libjemalloc2 libjson-c5
#5 11.52   libjson-perl libjxl0.11 libk5crypto3 libkeyutils1 libkrb5-3 libkrb5support0
#5 11.52   liblcms2-2 libldap2 libldb2 liblinear4 liblmdb0 liblua5.4-0 liblzf1
#5 11.52   libmagic-mgc libmagic1t64 libmariadb3 libmaxminddb0 libmemcached11t64
#5 11.52   libmongoc2-2 libmongocrypt0 libmp3lame0 libmpg123-0t64 libncurses6
#5 11.52   libncursesw6 libnet-ssleay-perl libnfsidmap1 libnghttp2-14 libnghttp3-9
#5 11.52   libngtcp2-16 libngtcp2-crypto-gnutls8 libngtcp2-crypto-ossl0 libnl-3-200
#5 11.52   libnl-genl-3-200 libnl-route-3-200 libnuma1 libogg0 libopenjp2-7 libopus0
#5 11.52   libp11-kit0 libpango-1.0-0 libpangocairo-1.0-0 libpangoft2-1.0-0
#5 11.52   libpcap0.8t64 libpci3 libpcre2-posix3 libperl5.42 libpixman-1-0
#5 11.52   libpng16-16t64 libpopt0 libpq5 libproc2-1 libprotobuf-c1 libpsl5t64
#5 11.52   libpython3-stdlib libpython3.14-minimal libpython3.14-stdlib librav1e0.8
#5 11.52   libreadline8t64 librsvg2-2 libruby libruby3.3 libsasl2-2 libsasl2-modules-db
#5 11.52   libsensors-config libsensors5 libserf-1-1 libsharpyuv0 libshine3
#5 11.52   libsmbclient0 libsnappy1v5 libsnmp-base libsnmp45 libsoxr0 libspeex1
#5 11.52   libsqlite3-0 libssh-4 libssh2-1t64 libsvn1 libsvtav1enc4 libswresample6
#5 11.52   libswscale9 libsybdb5 libtalloc2 libtasn1-6 libtdb1 libtevent0t64
#5 11.52   libtext-charwidth-perl libtext-wrapi18n-perl libthai-data libthai0
#5 11.52   libtheoradec2 libtheoraenc2 libtirpc-common libtirpc3t64 libtommath1
#5 11.52   libtwolame0 libunistring5 liburcu8t64 liburing2 liburiparser1 libutf8proc3
#5 11.52   libuv1t64 libva-drm2 libva-x11-2 libva2 libvdpau1 libvorbis0a libvorbisenc2
#5 11.52   libvpl2 libvpx12 libwbclient0 libwebp7 libwebpmux3 libwhisker2-perl
#5 11.52   libwinpr3-3 libwrap0 libx11-6 libx11-data libx11-xcb1 libx264-165
#5 11.52   libx265-216 libxau6 libxcb-dri3-0 libxcb-render0 libxcb-shm0 libxcb1
#5 11.52   libxdmcp6 libxext6 libxfixes3 libxkbfile1 libxml-libxml-perl
#5 11.52   libxml-namespacesupport-perl libxml-sax-base-perl libxml-sax-perl
#5 11.52   libxml-writer-perl libxml2-16 libxml2-utils libxrender1 libxvidcore4
#5 11.52   libyaml-0-2 libzvbi-common libzvbi0t64 mariadb-client mariadb-client-compat
#5 11.52   mariadb-client-core mariadb-common media-types mysql-common nbtscan netbase
#5 11.52   netcat-traditional nfs-common nikto nmap nmap-common ocl-icd-libopencl1
#5 11.52   openssl pci.ids perl perl-modules-5.42 perl-openssl-defaults polenum
#5 11.52   postgresql-client postgresql-client-18 postgresql-client-common procps
#5 11.52   publicsuffix python-is-python3 python3 python3-bcrypt python3-blinker
#5 11.52   python3-cffi-backend python3-charset-normalizer python3-click
#5 11.52   python3-cryptography python3-dnspython python3-flask python3-impacket
#5 11.52   python3-itsdangerous python3-jinja2 python3-ldap3 python3-ldapdomaindump
#5 11.52   python3-magic python3-markupsafe python3-minimal python3-openssl
#5 11.52   python3-pyasn1 python3-pyasn1-modules python3-pycryptodome python3-six
#5 11.52   python3-werkzeug python3.14 python3.14-minimal rake readline-common
#5 11.52   redis-tools rpcbind ruby ruby-addressable ruby-csv ruby-did-you-mean
#5 11.52   ruby-ipaddress ruby-net-telnet ruby-public-suffix ruby-ruby2-keywords
#5 11.52   ruby-rubygems ruby-webrick ruby-xmlrpc ruby3.3 rubygems-integration samba
#5 11.52   samba-common samba-common-bin samba-libs sensible-utils shared-mime-info
#5 11.52   smbclient snmp sqlmap telnet tnftp ucf whatweb whois
#5 12.71 0 upgraded, 315 newly installed, 0 to remove and 4 not upgraded.
#5 12.71 Need to get 190 MB of archives.
#5 12.71 After this operation, 868 MB of additional disk space will be used.
#5 12.71 Get:1 http://mirror.yer.az/kali kali-rolling/main amd64 libexpat1 amd64 2.8.3-1 [127 kB]
#5 12.82 Get:2 http://kali.download/kali kali-rolling/main amd64 libpython3.14-minimal amd64 3.14.6-1 [896 kB]
#5 12.83 Get:3 http://mirror.kku.ac.th/kali kali-rolling/main amd64 python3.14-minimal amd64 3.14.6-1 [2416 kB]
#5 13.53 Get:5 http://kali.download/kali kali-rolling/main amd64 media-types all 14.0.0 [30.8 kB]
#5 13.53 Get:6 http://kali.download/kali kali-rolling/main amd64 netbase all 6.5 [12.4 kB]
#5 13.54 Get:7 http://kali.download/kali kali-rolling/main amd64 libffi8 amd64 3.7.1-2 [30.5 kB]
#5 13.56 Get:8 http://http.kali.org/kali kali-rolling/main amd64 libncursesw6 amd64 6.6+20260608-2 [137 kB]
#5 13.60 Get:10 http://kali.download/kali kali-rolling/main amd64 libreadline8t64 amd64 8.3-4 [181 kB]
#5 13.65 Get:11 http://kali.download/kali kali-rolling/main amd64 libsqlite3-0 amd64 3.53.4-2 [974 kB]
#5 13.75 Get:25 http://mirror.ourhost.az/kali kali-rolling/main amd64 adduser all 3.158 [226 kB]
#5 13.89 Get:4 http://mirror.yer.az/kali kali-rolling/main amd64 python3-minimal amd64 3.14.6-1 [25.1 kB]
#5 13.90 Get:39 http://http.kali.org/kali kali-rolling/main amd64 libxml2-16 amd64 2.15.3+dfsg-1+b1 [682 kB]
#5 14.00 Get:12 http://kali.download/kali kali-rolling/main amd64 libpython3.14-stdlib amd64 3.14.6-1 [2278 kB]
#5 15.23 Get:13 http://kali.download/kali kali-rolling/main amd64 python3.14 amd64 3.14.6-1 [846 kB]
#5 15.53 Get:41 http://mirror.yer.az/kali kali-rolling/main amd64 libunistring5 amd64 1.4.2-1 [480 kB]
#5 15.68 Get:14 http://kali.download/kali kali-rolling/main amd64 libpython3-stdlib amd64 3.14.6-1 [8108 B]
#5 15.68 Get:15 http://kali.download/kali kali-rolling/main amd64 python3 amd64 3.14.6-1 [25.1 kB]
#5 15.69 Get:16 http://kali.download/kali kali-rolling/main amd64 libkrb5support0 amd64 1.22.1-3 [31.1 kB]
#5 15.69 Get:17 http://http.kali.org/kali kali-rolling/main amd64 libcom-err2 amd64 1.47.4-1+b1 [19.5 kB]
#5 15.69 Get:18 http://kali.download/kali kali-rolling/main amd64 libk5crypto3 amd64 1.22.1-3 [79.0 kB]
#5 15.71 Get:19 http://http.kali.org/kali kali-rolling/main amd64 libkeyutils1 amd64 1.6.3-6+b2 [9348 B]
#5 15.71 Get:20 http://kali.download/kali kali-rolling/main amd64 libkrb5-3 amd64 1.22.1-3 [335 kB]
#5 15.80 Get:21 http://kali.download/kali kali-rolling/main amd64 libgssapi-krb5-2 amd64 1.22.1-3 [137 kB]
#5 15.82 Get:22 http://http.kali.org/kali kali-rolling/main amd64 libtirpc-common all 1.3.7+ds-1 [10.0 kB]
#5 15.83 Get:32 http://http.kali.org/kali kali-rolling/main amd64 libjson-c5 amd64 0.19+ds-1 [46.7 kB]
#5 15.84 Get:46 http://mirror.ourhost.az/kali kali-rolling/main amd64 openssl amd64 3.6.3-1 [1522 kB]
#5 15.88 Get:53 http://mirror.yer.az/kali kali-rolling/main amd64 libperl5.42 amd64 5.42.2-3 [4245 kB]
#5 15.89 Get:23 http://http.kali.org/kali kali-rolling/main amd64 libtirpc3t64 amd64 1.3.7+ds-1 [82.9 kB]
#5 15.94 Get:24 http://kali.download/kali kali-rolling/main amd64 libwrap0 amd64 7.6.q-37 [55.3 kB]
#5 15.96 Get:26 http://kali.download/kali kali-rolling/main amd64 rpcbind amd64 1.2.7-1 [48.9 kB]
#5 15.98 Get:27 http://kali.download/kali kali-rolling/main amd64 libproc2-1 amd64 2:4.0.6-3 [69.4 kB]
#5 16.00 Get:28 http://kali.download/kali kali-rolling/main amd64 procps amd64 2:4.0.6-3 [983 kB]
#5 16.03 Get:9 http://mirror.kku.ac.th/kali kali-rolling/main amd64 readline-common all 8.3-4 [74.8 kB]
#5 16.05 Get:35 http://mirror.kku.ac.th/kali kali-rolling/main amd64 libnghttp2-14 amd64 1.70.0-1 [92.7 kB]
#5 16.10 Get:42 http://mirror.kku.ac.th/kali kali-rolling/main amd64 libidn2-0 amd64 2.3.8-5 [109 kB]
#5 16.12 Get:48 http://mirror.kku.ac.th/kali kali-rolling/main amd64 inetutils-telnet amd64 2:2.8-3 [132 kB]
#5 16.16 Get:50 http://mirror.kku.ac.th/kali kali-rolling/main amd64 perl-modules-5.42 all 5.42.2-3 [3210 kB]
#5 16.49 Get:29 http://kali.download/kali kali-rolling/main amd64 sensible-utils all 0.0.26 [27.0 kB]
#5 16.50 Get:30 http://http.kali.org/kali kali-rolling/main amd64 libfstrm0 amd64 0.6.1-1+b4 [22.3 kB]
#5 16.52 Get:31 http://kali.download/kali kali-rolling/main amd64 libjemalloc2 amd64 5.3.1-2 [302 kB]
#5 16.63 Get:33 http://kali.download/kali kali-rolling/main amd64 liblmdb0 amd64 0.9.35-1 [45.8 kB]
#5 16.65 Get:34 http://kali.download/kali kali-rolling/main amd64 libmaxminddb0 amd64 1.13.3-1 [26.1 kB]
#5 16.65 Get:36 http://http.kali.org/kali kali-rolling/main amd64 libprotobuf-c1 amd64 1.5.1-1+b2 [21.2 kB]
#5 16.66 Get:37 http://http.kali.org/kali kali-rolling/main amd64 liburcu8t64 amd64 0.15.6-1+b1 [77.0 kB]
#5 16.68 Get:38 http://kali.download/kali kali-rolling/main amd64 libuv1t64 amd64 1.52.1-4 [158 kB]
#5 16.79 Get:40 http://kali.download/kali kali-rolling/main amd64 bind9-libs amd64 1:9.20.27-1 [1317 kB]
#5 17.61 Get:43 http://kali.download/kali kali-rolling/main amd64 bind9-host amd64 1:9.20.27-1 [52.3 kB]
#5 17.64 Get:44 http://kali.download/kali kali-rolling/main amd64 libedit2 amd64 3.1-20260512-1 [93.6 kB]
#5 17.68 Get:45 http://kali.download/kali kali-rolling/main amd64 bind9-dnsutils amd64 1:9.20.27-1 [164 kB]
#5 17.82 Get:47 http://kali.download/kali kali-rolling/main amd64 ca-certificates all 20260601 [134 kB]
#5 17.84 Get:51 http://http.kali.org/kali kali-rolling/main amd64 libgdbm6t64 amd64 1.26-1+b2 [77.7 kB]
#5 17.86 Get:52 http://http.kali.org/kali kali-rolling/main amd64 libgdbm-compat4t64 amd64 1.26-1+b2 [52.0 kB]
#5 17.87 Get:54 http://kali.download/kali kali-rolling/main amd64 perl amd64 5.42.2-3 [265 kB]
#5 17.99 Get:55 http://http.kali.org/kali kali-rolling/main amd64 libtext-charwidth-perl amd64 0.04-12+b1 [9344 B]
#5 18.04 Get:49 http://mirror.ourhost.az/kali kali-rolling/main amd64 netcat-traditional amd64 1.10-50.1 [63.5 kB]
#5 18.05 Get:59 http://mirror.ourhost.az/kali kali-rolling/main amd64 bubblewrap amd64 0.11.2-2 [49.7 kB]
#5 18.08 Get:64 http://http.kali.org/kali kali-rolling/main amd64 libsasl2-2 amd64 2.1.28+dfsg1-11 [55.2 kB]
#5 18.10 Get:56 http://kali.download/kali kali-rolling/main amd64 libtext-wrapi18n-perl all 0.06-11 [7788 B]
#5 18.14 Get:57 http://kali.download/kali kali-rolling/main amd64 ucf all 3.0056 [47.1 kB]
#5 18.22 Get:58 http://http.kali.org/kali kali-rolling/main amd64 libcap2 amd64 1:2.78-1+b1 [28.8 kB]
#5 18.29 Get:60 http://kali.download/kali kali-rolling/main amd64 libnghttp3-9 amd64 1.17.0-1 [68.1 kB]
#5 18.41 Get:65 http://http.kali.org/kali kali-rolling/main amd64 libldap2 amd64 2.6.14+dfsg-1 [200 kB]
#5 18.41 Get:61 http://kali.download/kali kali-rolling/main amd64 libngtcp2-16 amd64 1.24.0-1 [145 kB]
#5 18.49 Get:62 http://http.kali.org/kali kali-rolling/main amd64 libbrotli1 amd64 1.2.0-4+b1 [312 kB]
#5 18.57 Get:63 http://http.kali.org/kali kali-rolling/main amd64 libsasl2-modules-db amd64 2.1.28+dfsg1-11 [17.2 kB]
#5 18.58 Get:68 http://kali.download/kali kali-rolling/main amd64 libssh2-1t64 amd64 1.11.1-6 [253 kB]
#5 18.66 Get:69 http://kali.download/kali kali-rolling/main amd64 libcurl4t64 amd64 8.21.0-2 [422 kB]
#5 18.74 Get:82 http://mirror.ourhost.az/kali kali-rolling/main amd64 libavahi-common3 amd64 0.8-18 [45.2 kB]
#5 18.75 Get:116 http://mirror.ourhost.az/kali kali-rolling/main amd64 python3-ldapdomaindump all 0.9.4-2 [16.8 kB]
#5 19.05 Get:66 http://mirror.kku.ac.th/kali kali-rolling/main amd64 libngtcp2-crypto-ossl0 amd64 1.24.0-1 [26.5 kB]
#5 19.09 Get:71 http://http.kali.org/kali kali-rolling/main amd64 mysql-common all 5.8+1.1.1 [6784 B]
#5 19.09 Get:72 http://kali.download/kali kali-rolling/main amd64 mariadb-common all 1:11.8.8-1 [23.2 kB]
#5 19.10 Get:73 http://kali.download/kali kali-rolling/main amd64 libmariadb3 amd64 1:11.8.8-1 [176 kB]
#5 19.16 Get:74 http://http.kali.org/kali kali-rolling/main amd64 libncurses6 amd64 6.6+20260608-2 [107 kB]
#5 19.23 Get:77 http://kali.download/kali kali-rolling/main amd64 mariadb-client amd64 1:11.8.8-1 [3068 kB]
#5 19.33 Get:70 http://mirror.kku.ac.th/kali kali-rolling/main amd64 curl amd64 8.21.0-2 [283 kB]
#5 19.50 Get:126 http://http.kali.org/kali kali-rolling/main amd64 ldap-utils amd64 2.6.14+dfsg-1 [149 kB]
#5 20.27 Get:88 http://mirror.kku.ac.th/kali kali-rolling/main amd64 libcups2t64 amd64 2.4.18-1 [252 kB]
#5 20.31 Get:91 http://http.kali.org/kali kali-rolling/main amd64 libtalloc2 amd64 2:2.4.4+samba4.24.5+dfsg-1 [45.7 kB]
#5 20.32 Get:92 http://http.kali.org/kali kali-rolling/main amd64 libtdb1 amd64 2:1.4.15+samba4.24.5+dfsg-1 [64.8 kB]
#5 20.33 Get:67 http://mirror.yer.az/kali kali-rolling/main amd64 libpsl5t64 amd64 0.23.3-1 [61.7 kB]
#5 20.34 Get:133 http://mirror.kku.ac.th/kali kali-rolling/main amd64 libpng16-16t64 amd64 1.6.58-1 [289 kB]
#5 20.36 Get:75 http://mirror.yer.az/kali kali-rolling/main amd64 mariadb-client-core amd64 1:11.8.8-1 [967 kB]
#5 20.66 Get:139 http://mirror.ourhost.az/kali kali-rolling/main amd64 fontconfig amd64 2.17.1-5 [191 kB]
#5 21.08 Get:78 http://kali.download/kali kali-rolling/main amd64 mariadb-client-compat all 1:11.8.8-1 [23.2 kB]
#5 21.09 Get:76 http://http.kali.org/kali kali-rolling/main amd64 libpcre2-posix3 amd64 10.46-1+b2 [63.3 kB]
#5 21.10 Get:80 http://http.kali.org/kali kali-rolling/main amd64 samba-common all 2:4.24.5+dfsg-1 [46.7 kB]
#5 21.12 Get:79 http://mirror.yer.az/kali kali-rolling/main amd64 default-mysql-client all 1.1.1 [3028 B]
#5 21.12 Get:83 http://http.kali.org/kali kali-rolling/main amd64 libdbus-1-3 amd64 1.16.2-5+b1 [176 kB]
#5 21.14 Get:81 http://kali.download/kali kali-rolling/main amd64 libavahi-common-data amd64 0.8-18 [113 kB]
#5 21.20 Get:95 http://mirror.yer.az/kali kali-rolling/main amd64 libngtcp2-crypto-gnutls8 amd64 1.24.0-1 [23.9 kB]
#5 21.21 Get:102 http://mirror.yer.az/kali kali-rolling/main amd64 libarchive13t64 amd64 3.8.9-1 [364 kB]
#5 21.22 Get:84 http://kali.download/kali kali-rolling/main amd64 libavahi-client3 amd64 0.8-18 [49.2 kB]
#5 21.23 Get:85 http://kali.download/kali kali-rolling/main amd64 libp11-kit0 amd64 0.26.5-1 [482 kB]
#5 21.29 Get:153 http://http.kali.org/kali kali-rolling/main amd64 libcairo2 amd64 1.18.4-3+b1 [543 kB]
#5 21.57 Get:86 http://http.kali.org/kali kali-rolling/main amd64 libtasn1-6 amd64 4.21.0-2+b1 [49.3 kB]
#5 21.59 Get:87 http://kali.download/kali kali-rolling/main amd64 libgnutls30t64 amd64 3.8.13-1 [1546 kB]
#5 21.66 Get:110 http://mirror.yer.az/kali kali-rolling/main amd64 python3-jinja2 all 3.1.6-3 [106 kB]
#5 21.72 Get:115 http://mirror.yer.az/kali kali-rolling/main amd64 python3-dnspython all 2.8.0-5 [175 kB]
#5 21.81 Get:128 http://http.kali.org/kali kali-rolling/main amd64 libxml2-utils amd64 2.15.3+dfsg-1+b1 [124 kB]
#5 21.86 Get:135 http://mirror.yer.az/kali kali-rolling/main amd64 fonts-dejavu-mono all 2.37-9 [488 kB]
#5 22.40 Get:137 http://mirror.yer.az/kali kali-rolling/main amd64 fontconfig-config amd64 2.17.1-5 [56.1 kB]
#5 22.43 Get:154 http://mirror.yer.az/kali kali-rolling/main amd64 libatomic1 amd64 16.2.0-1 [10.4 kB]
#5 22.44 Get:165 http://http.kali.org/kali kali-rolling/main amd64 libcairo-gobject2 amd64 1.18.4-3+b1 [129 kB]
#5 22.48 Get:166 http://http.kali.org/kali kali-rolling/main amd64 libglycin-2-0 amd64 2.1.5+ds-2 [1393 kB]
#5 22.53 Get:89 http://kali.download/kali kali-rolling/main amd64 libjansson4 amd64 2.15.1-1 [65.6 kB]
#5 22.57 Get:90 http://kali.download/kali kali-rolling/main amd64 libicu78 amd64 78.3-2 [10.0 MB]
#5 23.01 Get:182 http://mirror.kku.ac.th/kali kali-rolling/main amd64 gobuster amd64 3.8.2-1 [2903 kB]
#5 23.45 Get:168 http://http.kali.org/kali kali-rolling/main amd64 libgdk-pixbuf2.0-common all 2.44.7+dfsg-1 [316 kB]
#5 23.53 Get:174 http://mirror.yer.az/kali kali-rolling/main amd64 libthai-data all 0.1.30-3 [172 kB]
#5 23.69 Get:175 http://mirror.yer.az/kali kali-rolling/main amd64 libdatrie1 amd64 0.2.14-2 [39.1 kB]
#5 23.70 Get:181 http://http.kali.org/kali kali-rolling/main amd64 glycin-loaders amd64 2.1.5+ds-2 [2733 kB]
#5 23.77 Get:193 http://http.kali.org/kali kali-rolling/main amd64 libxcb-dri3-0 amd64 1.17.0-2+b2 [107 kB]
#5 24.29 Get:198 http://http.kali.org/kali kali-rolling/main amd64 ocl-icd-libopencl1 amd64 2.3.4-1+b1 [42.8 kB]
#5 25.32 Get:187 http://mirror.yer.az/kali kali-rolling/main amd64 libaom3 amd64 3.14.1-1 [1923 kB]
#5 26.16 Get:184 http://mirror.kku.ac.th/kali kali-rolling/main amd64 libbson2-2 amd64 2.5.0-1 [95.3 kB]
#5 26.21 Get:201 http://mirror.kku.ac.th/kali kali-rolling/main amd64 libgsm1 amd64 1.0.24-1 [29.3 kB]
#5 26.22 Get:229 http://http.kali.org/kali kali-rolling/main amd64 libavcodec62 amd64 7:8.1.2-2+b3 [6805 kB]
#5 26.24 Get:205 http://http.kali.org/kali kali-rolling/main amd64 libopus0 amd64 1.6.1-1+b1 [3484 kB]
#5 26.86 Get:195 http://mirror.yer.az/kali kali-rolling/main amd64 libva-x11-2 amd64 2.24.1-2 [22.9 kB]
#5 26.86 Get:213 http://http.kali.org/kali kali-rolling/main amd64 libswresample6 amd64 7:8.1.2-2+b3 [111 kB]
#5 27.57 Get:224 http://http.kali.org/kali kali-rolling/main amd64 libnuma1 amd64 2.0.19-1+b2 [22.0 kB]
#5 28.65 Get:258 http://mirror.yer.az/kali kali-rolling/main amd64 libio-socket-ssl-perl all 2.099-1 [229 kB]
#5 29.07 Get:93 http://http.kali.org/kali kali-rolling/main amd64 libtevent0t64 amd64 2:0.17.1+samba4.24.5+dfsg-1 [60.5 kB]
#5 29.07 Get:94 http://http.kali.org/kali kali-rolling/main amd64 libldb2 amd64 2:2.11.0+samba4.24.5+dfsg-1 [162 kB]
#5 29.09 Get:96 http://http.kali.org/kali kali-rolling/main amd64 libpopt0 amd64 1.19+dfsg-2+b2 [43.8 kB]
#5 29.09 Get:97 http://http.kali.org/kali kali-rolling/main amd64 libwbclient0 amd64 2:4.24.5+dfsg-1 [52.9 kB]
#5 29.10 Get:98 http://http.kali.org/kali kali-rolling/main amd64 samba-libs amd64 2:4.24.5+dfsg-1 [6134 kB]
#5 29.45 Get:219 http://http.kali.org/kali kali-rolling/main amd64 libvorbisenc2 amd64 1.3.7-3+b2 [76.1 kB]
#5 30.14 Get:236 http://mirror.kku.ac.th/kali kali-rolling/main amd64 libgcrypt20 amd64 1.12.2-1 [903 kB]
#5 30.44 Get:279 http://mirror.yer.az/kali kali-rolling/main amd64 ruby-net-telnet all 0.2.0-1 [13.1 kB]
#5 31.06 Get:246 http://mirror.kku.ac.th/kali kali-rolling/main amd64 libssh-4 amd64 0.12.2-1 [254 kB]
#5 31.09 Get:254 http://mirror.kku.ac.th/kali kali-rolling/main amd64 libdigest-perl-md5-perl all 1.91-1 [11.8 kB]
#5 31.09 Get:268 http://http.kali.org/kali kali-rolling/main amd64 libnl-route-3-200 amd64 3.12.0-2+b1 [200 kB]
#5 31.24 Get:293 http://http.kali.org/kali kali-rolling/main amd64 libxml-sax-perl all 1.02+dfsg-5 [53.6 kB]
#5 31.79 Get:295 http://mirror.yer.az/kali kali-rolling/main amd64 libxml-writer-perl all 0.900-2 [26.8 kB]
#5 31.79 Get:296 http://mirror.yer.az/kali kali-rolling/main amd64 nbtscan amd64 1.7.2-3 [21.5 kB]
#5 32.21 Get:301 http://mirror.yer.az/kali kali-rolling/main amd64 postgresql-client-common all 290 [40.5 kB]
#5 32.58 Get:99 http://http.kali.org/kali kali-rolling/main amd64 samba-common-bin amd64 2:4.24.5+dfsg-1 [1367 kB]
#5 33.40 Get:100 http://kali.download/kali kali-rolling/main amd64 liburing2 amd64 2.15-1 [29.5 kB]
#5 33.43 Get:101 http://http.kali.org/kali kali-rolling/main amd64 samba amd64 2:4.24.5+dfsg-1 [1202 kB]
#5 34.21 Get:103 http://http.kali.org/kali kali-rolling/main amd64 libsmbclient0 amd64 2:4.24.5+dfsg-1 [81.7 kB]
#5 34.24 Get:104 http://http.kali.org/kali kali-rolling/main amd64 smbclient amd64 2:4.24.5+dfsg-1 [463 kB]
#5 34.50 Get:105 http://kali.download/kali kali-rolling/main amd64 python3-charset-normalizer amd64 3.4.7-2 [247 kB]
#5 34.65 Get:106 http://kali.download/kali kali-rolling/main amd64 python3-blinker all 1.9.0-2 [12.7 kB]
#5 34.65 Get:107 http://kali.download/kali kali-rolling/main amd64 python3-click all 8.3.3-2 [107 kB]
#5 34.70 Get:108 http://kali.download/kali kali-rolling/main amd64 python3-itsdangerous all 2.2.0-3 [17.5 kB]
#5 34.70 Get:109 http://http.kali.org/kali kali-rolling/main amd64 python3-markupsafe amd64 3.0.3-2+b1 [13.7 kB]
#5 34.71 Get:111 http://kali.download/kali kali-rolling/main amd64 python3-werkzeug all 3.1.8-1 [208 kB]
#5 34.82 Get:112 http://kali.download/kali kali-rolling/main amd64 python3-flask all 3.1.3-4 [106 kB]
#5 34.86 Get:113 http://kali.download/kali kali-rolling/main amd64 python3-pyasn1 all 0.6.4-1 [70.2 kB]
#5 34.88 Get:114 http://kali.download/kali kali-rolling/main amd64 python3-ldap3 all 2.9.1-2 [235 kB]
#5 35.01 Get:117 http://kali.download/kali kali-rolling/main amd64 python3-bcrypt amd64 5.0.0-6 [229 kB]
#5 35.13 Get:118 http://kali.download/kali kali-rolling/main amd64 python3-cffi-backend amd64 2.1.1-1 [121 kB]
#5 35.18 Get:119 http://kali.download/kali kali-rolling/main amd64 python3-cryptography amd64 47.0.0-1 [1218 kB]
#5 35.76 Get:120 http://kali.download/kali kali-rolling/main amd64 python3-openssl all 26.2.0-1 [51.8 kB]
#5 35.77 Get:121 http://kali.download/kali kali-rolling/main amd64 python3-pyasn1-modules all 0.4.1-2 [85.2 kB]
#5 35.80 Get:122 http://http.kali.org/kali kali-rolling/main amd64 python3-pycryptodome amd64 3.20.0+dfsg-3 [1073 kB]
#5 36.04 Get:245 http://mirror.ourhost.az/kali kali-rolling/main amd64 libfido2-1 amd64 1.17.0-2 [80.5 kB]
#5 36.07 Get:248 http://mirror.ourhost.az/kali kali-rolling/main amd64 libserf-1-1 amd64 1.3.10-4 [57.0 kB]
#5 36.09 Get:260 http://http.kali.org/kali kali-rolling/main amd64 liblinear4 amd64 2.3.0+dfsg-5+b3 [42.9 kB]
#5 36.10 Get:274 http://mirror.ourhost.az/kali kali-rolling/main amd64 ruby-rubygems all 4.0.18-1 [413 kB]
#5 36.28 Get:278 http://mirror.ourhost.az/kali kali-rolling/main amd64 ruby-did-you-mean all 2.0.0-1 [21.0 kB]
#5 36.37 Get:123 http://kali.download/kali kali-rolling/main amd64 python3-six all 1.17.0-3 [15.3 kB]
#5 36.37 Get:124 http://http.kali.org/kali kali-rolling/main amd64 python3-impacket all 0.13.0+git20251120-9c2d8b6-0kali1 [1053 kB]
#5 36.50 Get:288 http://http.kali.org/kali kali-rolling/main amd64 libsnmp-base all 5.9.5.2+dfsg-2.1 [1808 kB]
#5 36.87 Get:125 http://kali.download/kali kali-rolling/main amd64 polenum all 1.7-1 [6672 B]
#5 36.87 Get:127 http://kali.download/kali kali-rolling/main amd64 enum4linux all 0.9.1-0kali2 [15.2 kB]
#5 36.87 Get:129 http://kali.download/kali kali-rolling/main amd64 exploitdb all 20260826-0kali1 [30.4 MB]
#5 46.15 Get:130 http://kali.download/kali kali-rolling/main amd64 finger amd64 0.17-17 [19.8 kB]
#5 46.16 Get:131 http://kali.download/kali kali-rolling/main amd64 firebird4.0-common-doc all 4.0.7.3271.ds6-1 [58.6 kB]
#5 46.17 Get:132 http://kali.download/kali kali-rolling/main amd64 firebird4.0-common all 4.0.7.3271.ds6-1 [18.1 kB]
#5 46.18 Get:134 http://http.kali.org/kali kali-rolling/main amd64 libfreetype6 amd64 2.14.3+dfsg-2 [492 kB]
#5 46.35 Get:136 http://kali.download/kali kali-rolling/main amd64 fonts-dejavu-core all 2.37-9 [840 kB]
#5 46.58 Get:138 http://kali.download/kali kali-rolling/main amd64 libfontconfig1 amd64 2.17.1-5 [132 kB]
#5 46.60 Get:140 http://http.kali.org/kali kali-rolling/main amd64 freetds-common all 1.5.5+ds-1 [30.0 kB]
#5 46.61 Get:141 http://kali.download/kali kali-rolling/main amd64 tnftp amd64 20260211-2 [128 kB]
#5 46.65 Get:142 http://kali.download/kali kali-rolling/main amd64 ftp all 20260211-2 [35.5 kB]
#5 46.66 Get:143 http://http.kali.org/kali kali-rolling/main amd64 libpixman-1-0 amd64 0.46.4-1+b2 [259 kB]
#5 46.71 Get:144 http://http.kali.org/kali kali-rolling/main amd64 libxau6 amd64 1:1.0.11-1+b2 [20.7 kB]
#5 46.72 Get:145 http://http.kali.org/kali kali-rolling/main amd64 libxdmcp6 amd64 1:1.1.5-2+b1 [28.2 kB]
#5 46.73 Get:146 http://http.kali.org/kali kali-rolling/main amd64 libxcb1 amd64 1.17.0-2+b2 [144 kB]
#5 46.76 Get:147 http://kali.download/kali kali-rolling/main amd64 libx11-data all 2:1.8.13-1 [346 kB]
#5 46.83 Get:148 http://kali.download/kali kali-rolling/main amd64 libx11-6 amd64 2:1.8.13-1 [829 kB]
#5 47.06 Get:149 http://http.kali.org/kali kali-rolling/main amd64 libxcb-render0 amd64 1.17.0-2+b2 [115 kB]
#5 47.08 Get:150 http://http.kali.org/kali kali-rolling/main amd64 libxcb-shm0 amd64 1.17.0-2+b2 [105 kB]
#5 47.11 Get:151 http://http.kali.org/kali kali-rolling/main amd64 libxext6 amd64 2:1.3.4-1+b4 [50.7 kB]
#5 47.13 Get:152 http://http.kali.org/kali kali-rolling/main amd64 libxrender1 amd64 1:0.9.12-1+b2 [27.7 kB]
#5 47.13 Get:155 http://kali.download/kali kali-rolling/main amd64 libglib2.0-0t64 amd64 2.88.3-2 [1536 kB]
#5 47.58 Get:156 http://http.kali.org/kali kali-rolling/main amd64 libsharpyuv0 amd64 1.5.0-0.1+b2 [115 kB]
#5 47.60 Get:157 http://kali.download/kali kali-rolling/main amd64 libde265-0 amd64 1.1.1-1 [201 kB]
#5 47.65 Get:158 http://kali.download/kali kali-rolling/main amd64 libheif-plugin-libde265 amd64 1.23.2-1 [17.9 kB]
#5 47.65 Get:159 http://kali.download/kali kali-rolling/main amd64 libdav1d7 amd64 1.5.4-1 [583 kB]
#5 47.81 Get:160 http://kali.download/kali kali-rolling/main amd64 libheif-plugin-dav1d amd64 1.23.2-1 [20.4 kB]
#5 47.81 Get:161 http://kali.download/kali kali-rolling/main amd64 libheif1 amd64 1.23.2-1 [852 kB]
#5 48.03 Get:162 http://kali.download/kali kali-rolling/main amd64 libhwy1t64 amd64 1.3.0-5.1 [694 kB]
#5 48.27 Get:163 http://kali.download/kali kali-rolling/main amd64 liblcms2-2 amd64 2.19.1-1 [164 kB]
#5 48.31 Get:164 http://kali.download/kali kali-rolling/main amd64 libjxl0.11 amd64 0.11.2-5 [1256 kB]
#5 48.62 Get:167 http://http.kali.org/kali kali-rolling/main amd64 glycin-thumbnailers amd64 2.1.5+ds-2 [215 kB]
#5 48.67 Get:169 http://http.kali.org/kali kali-rolling/main amd64 shared-mime-info amd64 2.4-5+b3 [758 kB]
#5 48.87 Get:170 http://http.kali.org/kali kali-rolling/main amd64 libgdk-pixbuf-2.0-0 amd64 2.44.7+dfsg-1 [96.4 kB]
#5 48.88 Get:171 http://http.kali.org/kali kali-rolling/main amd64 libfribidi0 amd64 1.0.16-5+b1 [26.2 kB]
#5 48.89 Get:172 http://kali.download/kali kali-rolling/main amd64 libgraphite2-3 amd64 1.3.15-2 [75.8 kB]
#5 48.91 Get:173 http://http.kali.org/kali kali-rolling/main amd64 libharfbuzz0b amd64 12.3.2-2+b2 [513 kB]
#5 49.03 Get:176 http://kali.download/kali kali-rolling/main amd64 libthai0 amd64 0.1.30-3 [51.7 kB]
#5 49.05 Get:177 http://kali.download/kali kali-rolling/main amd64 libpango-1.0-0 amd64 1.58.0-1 [225 kB]
#5 49.11 Get:178 http://kali.download/kali kali-rolling/main amd64 libpangoft2-1.0-0 amd64 1.58.0-1 [53.1 kB]
#5 49.12 Get:179 http://kali.download/kali kali-rolling/main amd64 libpangocairo-1.0-0 amd64 1.58.0-1 [34.2 kB]
#5 49.12 Get:180 http://http.kali.org/kali kali-rolling/main amd64 librsvg2-2 amd64 2.62.1+dfsg-1 [1828 kB]
#5 49.61 Get:183 http://http.kali.org/kali kali-rolling/main amd64 libapr1t64 amd64 1.7.6-3+b1 [105 kB]
#5 49.64 Get:185 http://http.kali.org/kali kali-rolling/main amd64 libtommath1 amd64 1.3.0-1+b2 [64.2 kB]
#5 49.65 Get:186 http://http.kali.org/kali kali-rolling/main amd64 libfbclient2 amd64 4.0.7.3271.ds6-1+b2 [839 kB]
#5 49.85 Get:188 http://kali.download/kali kali-rolling/main amd64 libdrm-common all 2.4.134-3 [7860 B]
#5 49.85 Get:189 http://kali.download/kali kali-rolling/main amd64 libdrm2 amd64 2.4.134-3 [38.5 kB]
#5 49.86 Get:190 http://kali.download/kali kali-rolling/main amd64 libva2 amd64 2.24.1-2 [83.5 kB]
#5 49.87 Get:191 http://kali.download/kali kali-rolling/main amd64 libva-drm2 amd64 2.24.1-2 [18.0 kB]
#5 49.88 Get:192 http://kali.download/kali kali-rolling/main amd64 libx11-xcb1 amd64 2:1.8.13-1 [250 kB]
#5 49.94 Get:194 http://http.kali.org/kali kali-rolling/main amd64 libxfixes3 amd64 1:6.0.0-2+b5 [20.3 kB]
#5 49.95 Get:196 http://http.kali.org/kali kali-rolling/main amd64 libvdpau1 amd64 1.5-4+b1 [26.1 kB]
#5 49.95 Get:197 http://kali.download/kali kali-rolling/main amd64 libvpl2 amd64 1:2.16.0-1 [135 kB]
#5 49.98 Get:199 http://http.kali.org/kali kali-rolling/main amd64 libavutil60 amd64 7:8.1.2-2+b3 [461 kB]
#5 50.09 Get:200 http://kali.download/kali kali-rolling/main amd64 libcodec2-1.2 amd64 1.2.0-5 [8195 kB]
#5 52.35 Get:202 http://kali.download/kali kali-rolling/main amd64 libmpg123-0t64 amd64 1.33.7-1 [154 kB]
#5 52.38 Get:203 http://kali.download/kali kali-rolling/main amd64 libmp3lame0 amd64 4.0-1 [289 kB]
#5 52.44 Get:204 http://kali.download/kali kali-rolling/main amd64 libopenjp2-7 amd64 2.5.4-1.1 [205 kB]
#5 52.47 Get:206 http://kali.download/kali kali-rolling/main amd64 librav1e0.8 amd64 0.8.1-11 [966 kB]
#5 52.71 Get:207 http://kali.download/kali kali-rolling/main amd64 libshine3 amd64 3.1.1-4 [22.9 kB]
#5 52.71 Get:208 http://http.kali.org/kali kali-rolling/main amd64 libsnappy1v5 amd64 1.2.2-2+b2 [29.0 kB]
#5 52.71 Get:209 http://http.kali.org/kali kali-rolling/main amd64 libspeex1 amd64 1.2.1-3+b2 [59.5 kB]
#5 52.73 Get:210 http://http.kali.org/kali kali-rolling/main amd64 libsvtav1enc4 amd64 4.1.0+dfsg-1 [2414 kB]
#5 53.73 Get:211 http://kali.download/kali kali-rolling/main amd64 libgomp1 amd64 16.2.0-1 [151 kB]
#5 53.77 Get:212 http://http.kali.org/kali kali-rolling/main amd64 libsoxr0 amd64 0.1.3-4.1+b1 [81.3 kB]
#5 53.79 Get:214 http://http.kali.org/kali kali-rolling/main amd64 libtheoradec2 amd64 1.2.0+dfsg-6+b2 [58.6 kB]
#5 53.80 Get:215 http://http.kali.org/kali kali-rolling/main amd64 libogg0 amd64 1.3.6-2+b1 [24.0 kB]
#5 53.82 Get:216 http://http.kali.org/kali kali-rolling/main amd64 libtheoraenc2 amd64 1.2.0+dfsg-6+b2 [117 kB]
#5 53.85 Get:217 http://kali.download/kali kali-rolling/main amd64 libtwolame0 amd64 0.4.0-3 [50.9 kB]
#5 53.86 Get:218 http://http.kali.org/kali kali-rolling/main amd64 libvorbis0a amd64 1.3.7-3+b2 [93.2 kB]
#5 53.88 Get:220 http://kali.download/kali kali-rolling/main amd64 libvpx12 amd64 1.16.0-3 [1172 kB]
#5 54.19 Get:221 http://http.kali.org/kali kali-rolling/main amd64 libwebp7 amd64 1.5.0-0.1+b2 [335 kB]
#5 54.32 Get:222 http://http.kali.org/kali kali-rolling/main amd64 libwebpmux3 amd64 1.5.0-0.1+b2 [126 kB]
#5 54.35 Get:223 http://http.kali.org/kali kali-rolling/main amd64 libx264-165 amd64 2:0.165.3223+git20250910.0480cb0-1 [555 kB]
#5 54.51 Get:225 http://kali.download/kali kali-rolling/main amd64 libx265-216 amd64 4.2-3 [1241 kB]
#5 54.88 Get:226 http://http.kali.org/kali kali-rolling/main amd64 libxvidcore4 amd64 2:1.3.7-3+b2 [249 kB]
#5 54.96 Get:227 http://kali.download/kali kali-rolling/main amd64 libzvbi-common all 0.2.45-1 [70.8 kB]
#5 54.97 Get:228 http://kali.download/kali kali-rolling/main amd64 libzvbi0t64 amd64 0.2.45-1 [289 kB]
#5 55.07 Get:230 http://http.kali.org/kali kali-rolling/main amd64 libswscale9 amd64 7:8.1.2-2+b3 [3159 kB]
#5 56.04 Get:231 http://http.kali.org/kali kali-rolling/main amd64 liburiparser1 amd64 1.0.1+dfsg-1 [57.3 kB]
#5 56.06 Get:232 http://http.kali.org/kali kali-rolling/main amd64 libwinpr3-3 amd64 3.31.0+dfsg-1 [418 kB]
#5 56.16 Get:233 http://http.kali.org/kali kali-rolling/main amd64 libxkbfile1 amd64 1:1.1.0-1+b5 [76.7 kB]
#5 56.25 Get:234 http://http.kali.org/kali kali-rolling/main amd64 libfreerdp3-3 amd64 3.31.0+dfsg-1 [790 kB]
#5 56.48 Get:235 http://kali.download/kali kali-rolling/main amd64 libgpg-error0 amd64 1.61-5 [93.1 kB]
#5 56.49 Get:237 http://kali.download/kali kali-rolling/main amd64 libidn12 amd64 1.44-1 [47.5 kB]
#5 56.50 Get:238 http://kali.download/kali kali-rolling/main amd64 libhashkit2t64 amd64 1.1.4-1.2 [18.3 kB]
#5 56.50 Get:239 http://kali.download/kali kali-rolling/main amd64 libmemcached11t64 amd64 1.1.4-1.2 [82.1 kB]
#5 56.53 Get:240 http://kali.download/kali kali-rolling/main amd64 libmongocrypt0 amd64 1.20.2-1 [1395 kB]
#5 56.94 Get:241 http://kali.download/kali kali-rolling/main amd64 libutf8proc3 amd64 2.11.3-2 [61.3 kB]
#5 56.95 Get:242 http://kali.download/kali kali-rolling/main amd64 libmongoc2-2 amd64 2.5.0-1 [420 kB]
#5 57.03 Get:243 http://kali.download/kali kali-rolling/main amd64 libpq5 amd64 18.6-3 [273 kB]
#5 57.09 Get:244 http://kali.download/kali kali-rolling/main amd64 libcbor0.10 amd64 0.10.2-2.2 [29.0 kB]
#5 57.10 Get:247 http://kali.download/kali kali-rolling/main amd64 libaprutil1t64 amd64 1.6.4-2 [93.3 kB]
#5 57.13 Get:249 http://http.kali.org/kali kali-rolling/main amd64 libsvn1 amd64 1.14.5-6+b1 [1432 kB]
#5 57.59 Get:250 http://http.kali.org/kali kali-rolling/main amd64 libsybdb5 amd64 1.5.5+ds-1+b2 [196 kB]
#5 57.64 Get:251 http://kali.download/kali kali-rolling/main amd64 hydra amd64 9.7-1 [281 kB]
#5 57.71 Get:252 http://http.kali.org/kali kali-rolling/main amd64 keyutils amd64 1.6.3-6+b2 [56.0 kB]
#5 57.73 Get:253 http://kali.download/kali kali-rolling/main amd64 libblas3 amd64 3.12.1-8 [206 kB]
#5 57.79 Get:255 http://kali.download/kali kali-rolling/main amd64 libevent-core-2.1-7t64 amd64 2.1.13-stable-1 [133 kB]
#5 57.83 Get:256 http://http.kali.org/kali kali-rolling/main amd64 perl-openssl-defaults amd64 7+b2 [6724 B]
#5 57.83 Get:257 http://http.kali.org/kali kali-rolling/main amd64 libnet-ssleay-perl amd64 1.96-1+b1 [344 kB]
#5 57.92 Get:259 http://kali.download/kali kali-rolling/main amd64 libjson-perl all 4.10000-1 [87.5 kB]
#5 57.95 Get:261 http://kali.download/kali kali-rolling/main amd64 liblua5.4-0 amd64 5.4.8-2 [148 kB]
#5 58.00 Get:262 http://http.kali.org/kali kali-rolling/main amd64 liblzf1 amd64 3.6-4+b4 [10.1 kB]
#5 58.00 Get:263 http://kali.download/kali kali-rolling/main amd64 libmagic-mgc amd64 1:5.47-4 [345 kB]
#5 58.10 Get:264 http://kali.download/kali kali-rolling/main amd64 libmagic1t64 amd64 1:5.47-4 [111 kB]
#5 58.12 Get:265 http://kali.download/kali kali-rolling/main amd64 libnfsidmap1 amd64 1:2.9.2-1 [55.5 kB]
#5 58.14 Get:266 http://http.kali.org/kali kali-rolling/main amd64 libnl-3-200 amd64 3.12.0-2+b1 [62.2 kB]
#5 58.16 Get:267 http://http.kali.org/kali kali-rolling/main amd64 libnl-genl-3-200 amd64 3.12.0-2+b1 [18.7 kB]
#5 58.17 Get:269 http://kali.download/kali kali-rolling/main amd64 libpcap0.8t64 amd64 1.10.6-2 [176 kB]
#5 58.26 Get:270 http://http.kali.org/kali kali-rolling/main amd64 pci.ids all 0.0~2026.07.21-1 [285 kB]
#5 58.34 Get:271 http://kali.download/kali kali-rolling/main amd64 libpci3 amd64 1:3.15.0-2 [76.9 kB]
#5 58.35 Get:272 http://kali.download/kali kali-rolling/main amd64 rubygems-integration all 1.20.1 [5160 B]
#5 58.35 Get:273 http://kali.download/kali kali-rolling/main amd64 ruby3.3 amd64 3.3.8-2.2 [829 kB]
#5 58.54 Get:275 http://http.kali.org/kali kali-rolling/main amd64 ruby amd64 1:3.3+b1 [6560 B]
#5 58.54 Get:276 http://kali.download/kali kali-rolling/main amd64 rake all 13.4.2-1 [65.4 kB]
#5 58.55 Get:277 http://kali.download/kali kali-rolling/main amd64 ruby-csv all 3.3.5-1 [42.3 kB]
#5 58.56 Get:280 http://kali.download/kali kali-rolling/main amd64 ruby-ruby2-keywords all 0.0.5-1 [4300 B]
#5 58.56 Get:281 http://kali.download/kali kali-rolling/main amd64 ruby-webrick all 1.9.2-2 [59.8 kB]
#5 58.59 Get:282 http://kali.download/kali kali-rolling/main amd64 ruby-xmlrpc all 0.3.3-2 [24.4 kB]
#5 58.59 Get:283 http://http.kali.org/kali kali-rolling/main amd64 libyaml-0-2 amd64 0.2.5-2+b1 [53.8 kB]
#5 58.60 Get:284 http://kali.download/kali kali-rolling/main amd64 libruby3.3 amd64 3.3.8-2.2 [6312 kB]
#5 60.23 Get:285 http://http.kali.org/kali kali-rolling/main amd64 libruby amd64 1:3.3+b1 [5440 B]
#5 60.23 Get:286 http://kali.download/kali kali-rolling/main amd64 libsensors-config all 1:3.6.2-2 [16.2 kB]
#5 60.25 Get:287 http://http.kali.org/kali kali-rolling/main amd64 libsensors5 amd64 1:3.6.2-2+b2 [37.2 kB]
#5 60.26 Get:289 http://http.kali.org/kali kali-rolling/main amd64 libsnmp45 amd64 5.9.5.2+dfsg-2.1+b2 [2633 kB]
#5 60.85 Get:290 http://kali.download/kali kali-rolling/main amd64 libwhisker2-perl all 2.5-1.3 [108 kB]
#5 60.86 Get:291 http://kali.download/kali kali-rolling/main amd64 libxml-namespacesupport-perl all 1.12-2 [15.1 kB]
#5 60.87 Get:292 http://kali.download/kali kali-rolling/main amd64 libxml-sax-base-perl all 1.09-3 [20.6 kB]
#5 60.87 Get:294 http://http.kali.org/kali kali-rolling/main amd64 libxml-libxml-perl amd64 2.0207+dfsg+really+2.0134-8+b1 [314 kB]
#5 60.95 Get:297 http://kali.download/kali kali-rolling/main amd64 nfs-common amd64 1:2.9.2-1 [264 kB]
#5 61.00 Get:298 http://kali.download/kali kali-rolling/non-free amd64 nikto all 1:2.6.1-0kali1 [334 kB]
#5 61.06 Get:299 http://http.kali.org/kali kali-rolling/non-free amd64 nmap-common all 7.99+dfsg-1kali1 [4698 kB]
#5 62.11 Get:300 http://http.kali.org/kali kali-rolling/non-free amd64 nmap amd64 7.99+dfsg-1kali1 [1987 kB]
#5 62.57 Get:302 http://kali.download/kali kali-rolling/main amd64 postgresql-client-18 amd64 18.6-3 [2154 kB]
#5 63.07 Get:303 http://http.kali.org/kali kali-rolling/main amd64 postgresql-client all 18+290 [7560 B]
#5 63.07 Get:304 http://kali.download/kali kali-rolling/main amd64 publicsuffix all 20260725.1419-1 [325 kB]
#5 63.15 Get:305 http://kali.download/kali kali-rolling/main amd64 python-is-python3 all 3.13.3-1 [3204 B]
#5 63.15 Get:306 http://kali.download/kali kali-rolling/main amd64 python3-magic all 2:0.4.27-6 [15.4 kB]
#5 63.15 Get:307 http://kali.download/kali kali-rolling/main amd64 redis-tools amd64 5:8.0.6-2 [1250 kB]
#5 63.70 Get:308 http://kali.download/kali kali-rolling/main amd64 ruby-public-suffix all 7.0.5-1 [17.2 kB]
#5 63.70 Get:309 http://kali.download/kali kali-rolling/main amd64 ruby-addressable all 2.9.0-1 [174 kB]
#5 63.72 Get:310 http://kali.download/kali kali-rolling/main amd64 ruby-ipaddress all 0.8.3-6 [28.5 kB]
#5 63.72 Get:311 http://http.kali.org/kali kali-rolling/main amd64 snmp amd64 5.9.5.2+dfsg-2.1+b2 [179 kB]
#5 63.74 Get:312 http://kali.download/kali kali-rolling/main amd64 sqlmap all 1.10.8-1 [7395 kB]
#5 65.22 Get:313 http://http.kali.org/kali kali-rolling/main amd64 telnet all 0.17+2.8-3 [44.9 kB]
#5 65.23 Get:314 http://kali.download/kali kali-rolling/main amd64 whatweb all 0.6.4-1 [2324 kB]
#5 65.89 Get:315 http://kali.download/kali kali-rolling/main amd64 whois amd64 5.6.6 [71.9 kB]
#5 66.05 debconf: unable to initialize frontend: Dialog
#5 66.05 debconf: (TERM is not set, so the dialog frontend is not usable.)
#5 66.05 debconf: falling back to frontend: Readline
#5 66.05 debconf: unable to initialize frontend: Readline
#5 66.05 debconf: (Can't locate Term/ReadLine.pm in @INC (you may need to install the Term::ReadLine module) (@INC entries checked: /etc/perl /usr/local/lib/x86_64-linux-gnu/perl/5.42.2 /usr/local/share/perl/5.42.2 /usr/lib/x86_64-linux-gnu/perl5/5.42 /usr/share/perl5 /usr/lib/x86_64-linux-gnu/perl-base /usr/lib/x86_64-linux-gnu/perl/5.42 /usr/share/perl/5.42 /usr/local/lib/site_perl) at /usr/share/perl5/Debconf/FrontEnd/Readline.pm line 8, <STDIN> line 315.)
#5 66.05 debconf: falling back to frontend: Teletype
#5 66.06 debconf: unable to initialize frontend: Teletype
#5 66.06 debconf: (This frontend requires a controlling tty.)
#5 66.06 debconf: falling back to frontend: Noninteractive
#5 70.30 Preconfiguring packages ...
#5 70.35 Fetched 190 MB in 54s (3491 kB/s)
#5 70.37 Selecting previously unselected package libexpat1:amd64.
#5 70.37 (Reading database ... (Reading database ... 5%(Reading database ... 10%(Reading database ... 15%(Reading database ... 20%(Reading database ... 25%(Reading database ... 30%(Reading database ... 35%(Reading database ... 40%(Reading database ... 45%(Reading database ... 50%(Reading database ... 55%(Reading database ... 60%(Reading database ... 65%(Reading database ... 70%(Reading database ... 75%(Reading database ... 80%(Reading database ... 85%(Reading database ... 90%(Reading database ... 95%(Reading database ... 100%(Reading database ... 5149 files and directories currently installed.)
#5 70.38 Preparing to unpack .../libexpat1_2.8.3-1_amd64.deb ...
#5 70.39 Unpacking libexpat1:amd64 (2.8.3-1) ...
#5 70.41 Selecting previously unselected package libpython3.14-minimal:amd64.
#5 70.41 Preparing to unpack .../libpython3.14-minimal_3.14.6-1_amd64.deb ...
#5 70.42 Unpacking libpython3.14-minimal:amd64 (3.14.6-1) ...
#5 70.47 Selecting previously unselected package python3.14-minimal.
#5 70.47 Preparing to unpack .../python3.14-minimal_3.14.6-1_amd64.deb ...
#5 70.48 Unpacking python3.14-minimal (3.14.6-1) ...
#5 70.57 Setting up libpython3.14-minimal:amd64 (3.14.6-1) ...
#5 70.59 Setting up libexpat1:amd64 (2.8.3-1) ...
#5 70.59 Setting up python3.14-minimal (3.14.6-1) ...
#5 71.10 Selecting previously unselected package python3-minimal.
#5 71.10 (Reading database ... (Reading database ... 5%(Reading database ... 10%(Reading database ... 15%(Reading database ... 20%(Reading database ... 25%(Reading database ... 30%(Reading database ... 35%(Reading database ... 40%(Reading database ... 45%(Reading database ... 50%(Reading database ... 55%(Reading database ... 60%(Reading database ... 65%(Reading database ... 70%(Reading database ... 75%(Reading database ... 80%(Reading database ... 85%(Reading database ... 90%(Reading database ... 95%(Reading database ... 100%(Reading database ... 5504 files and directories currently installed.)
#5 71.10 Preparing to unpack .../00-python3-minimal_3.14.6-1_amd64.deb ...
#5 71.10 Unpacking python3-minimal (3.14.6-1) ...
#5 71.12 Selecting previously unselected package media-types.
#5 71.12 Preparing to unpack .../01-media-types_14.0.0_all.deb ...
#5 71.13 Unpacking media-types (14.0.0) ...
#5 71.15 Selecting previously unselected package netbase.
#5 71.15 Preparing to unpack .../02-netbase_6.5_all.deb ...
#5 71.15 Unpacking netbase (6.5) ...
#5 71.17 Selecting previously unselected package libffi8:amd64.
#5 71.17 Preparing to unpack .../03-libffi8_3.7.1-2_amd64.deb ...
#5 71.17 Unpacking libffi8:amd64 (3.7.1-2) ...
#5 71.19 Selecting previously unselected package libncursesw6:amd64.
#5 71.19 Preparing to unpack .../04-libncursesw6_6.6+20260608-2_amd64.deb ...
#5 71.20 Unpacking libncursesw6:amd64 (6.6+20260608-2) ...
#5 71.22 Selecting previously unselected package readline-common.
#5 71.22 Preparing to unpack .../05-readline-common_8.3-4_all.deb ...
#5 71.22 Unpacking readline-common (8.3-4) ...
#5 71.24 Selecting previously unselected package libreadline8t64:amd64.
#5 71.24 Preparing to unpack .../06-libreadline8t64_8.3-4_amd64.deb ...
#5 71.25 Adding 'diversion of /lib/x86_64-linux-gnu/libhistory.so.8 to /lib/x86_64-linux-gnu/libhistory.so.8.usr-is-merged by libreadline8t64'
#5 71.25 Adding 'diversion of /lib/x86_64-linux-gnu/libhistory.so.8.2 to /lib/x86_64-linux-gnu/libhistory.so.8.2.usr-is-merged by libreadline8t64'
#5 71.26 Adding 'diversion of /lib/x86_64-linux-gnu/libreadline.so.8 to /lib/x86_64-linux-gnu/libreadline.so.8.usr-is-merged by libreadline8t64'
#5 71.26 Adding 'diversion of /lib/x86_64-linux-gnu/libreadline.so.8.2 to /lib/x86_64-linux-gnu/libreadline.so.8.2.usr-is-merged by libreadline8t64'
#5 71.26 Unpacking libreadline8t64:amd64 (8.3-4) ...
#5 71.29 Selecting previously unselected package libsqlite3-0:amd64.
#5 71.29 Preparing to unpack .../07-libsqlite3-0_3.53.4-2_amd64.deb ...
#5 71.29 Unpacking libsqlite3-0:amd64 (3.53.4-2) ...
#5 71.33 Selecting previously unselected package libpython3.14-stdlib:amd64.
#5 71.33 Preparing to unpack .../08-libpython3.14-stdlib_3.14.6-1_amd64.deb ...
#5 71.33 Unpacking libpython3.14-stdlib:amd64 (3.14.6-1) ...
#5 71.43 Selecting previously unselected package python3.14.
#5 71.43 Preparing to unpack .../09-python3.14_3.14.6-1_amd64.deb ...
#5 71.43 Unpacking python3.14 (3.14.6-1) ...
#5 71.45 Selecting previously unselected package libpython3-stdlib:amd64.
#5 71.45 Preparing to unpack .../10-libpython3-stdlib_3.14.6-1_amd64.deb ...
#5 71.45 Unpacking libpython3-stdlib:amd64 (3.14.6-1) ...
#5 71.47 Setting up python3-minimal (3.14.6-1) ...
#5 71.57 Selecting previously unselected package python3.
#5 71.57 (Reading database ... (Reading database ... 5%(Reading database ... 10%(Reading database ... 15%(Reading database ... 20%(Reading database ... 25%(Reading database ... 30%(Reading database ... 35%(Reading database ... 40%(Reading database ... 45%(Reading database ... 50%(Reading database ... 55%(Reading database ... 60%(Reading database ... 65%(Reading database ... 70%(Reading database ... 75%(Reading database ... 80%(Reading database ... 85%(Reading database ... 90%(Reading database ... 95%(Reading database ... 100%(Reading database ... 6031 files and directories currently installed.)
#5 71.58 Preparing to unpack .../00-python3_3.14.6-1_amd64.deb ...
#5 71.58 Unpacking python3 (3.14.6-1) ...
#5 71.60 Selecting previously unselected package libkrb5support0:amd64.
#5 71.60 Preparing to unpack .../01-libkrb5support0_1.22.1-3_amd64.deb ...
#5 71.60 Unpacking libkrb5support0:amd64 (1.22.1-3) ...
#5 71.62 Selecting previously unselected package libcom-err2:amd64.
#5 71.62 Preparing to unpack .../02-libcom-err2_1.47.4-1+b1_amd64.deb ...
#5 71.63 Unpacking libcom-err2:amd64 (1.47.4-1+b1) ...
#5 71.65 Selecting previously unselected package libk5crypto3:amd64.
#5 71.65 Preparing to unpack .../03-libk5crypto3_1.22.1-3_amd64.deb ...
#5 71.65 Unpacking libk5crypto3:amd64 (1.22.1-3) ...
#5 71.67 Selecting previously unselected package libkeyutils1:amd64.
#5 71.67 Preparing to unpack .../04-libkeyutils1_1.6.3-6+b2_amd64.deb ...
#5 71.68 Unpacking libkeyutils1:amd64 (1.6.3-6+b2) ...
#5 71.69 Selecting previously unselected package libkrb5-3:amd64.
#5 71.69 Preparing to unpack .../05-libkrb5-3_1.22.1-3_amd64.deb ...
#5 71.70 Unpacking libkrb5-3:amd64 (1.22.1-3) ...
#5 71.73 Selecting previously unselected package libgssapi-krb5-2:amd64.
#5 71.73 Preparing to unpack .../06-libgssapi-krb5-2_1.22.1-3_amd64.deb ...
#5 71.73 Unpacking libgssapi-krb5-2:amd64 (1.22.1-3) ...
#5 71.75 Selecting previously unselected package libtirpc-common.
#5 71.75 Preparing to unpack .../07-libtirpc-common_1.3.7+ds-1_all.deb ...
#5 71.76 Unpacking libtirpc-common (1.3.7+ds-1) ...
#5 71.78 Selecting previously unselected package libtirpc3t64:amd64.
#5 71.78 Preparing to unpack .../08-libtirpc3t64_1.3.7+ds-1_amd64.deb ...
#5 71.78 Adding 'diversion of /lib/x86_64-linux-gnu/libtirpc.so.3 to /lib/x86_64-linux-gnu/libtirpc.so.3.usr-is-merged by libtirpc3t64'
#5 71.79 Adding 'diversion of /lib/x86_64-linux-gnu/libtirpc.so.3.0.0 to /lib/x86_64-linux-gnu/libtirpc.so.3.0.0.usr-is-merged by libtirpc3t64'
#5 71.79 Unpacking libtirpc3t64:amd64 (1.3.7+ds-1) ...
#5 71.81 Selecting previously unselected package libwrap0:amd64.
#5 71.81 Preparing to unpack .../09-libwrap0_7.6.q-37_amd64.deb ...
#5 71.82 Unpacking libwrap0:amd64 (7.6.q-37) ...
#5 71.84 Selecting previously unselected package adduser.
#5 71.84 Preparing to unpack .../10-adduser_3.158_all.deb ...
#5 71.84 Unpacking adduser (3.158) ...
#5 71.87 Setting up adduser (3.158) ...
#5 71.92 Selecting previously unselected package rpcbind.
#5 71.92 (Reading database ... (Reading database ... 5%(Reading database ... 10%(Reading database ... 15%(Reading database ... 20%(Reading database ... 25%(Reading database ... 30%(Reading database ... 35%(Reading database ... 40%(Reading database ... 45%(Reading database ... 50%(Reading database ... 55%(Reading database ... 60%(Reading database ... 65%(Reading database ... 70%(Reading database ... 75%(Reading database ... 80%(Reading database ... 85%(Reading database ... 90%(Reading database ... 95%(Reading database ... 100%(Reading database ... 6219 files and directories currently installed.)
#5 71.92 Preparing to unpack .../000-rpcbind_1.2.7-1_amd64.deb ...
#5 71.92 Unpacking rpcbind (1.2.7-1) ...
#5 71.94 Selecting previously unselected package libproc2-1:amd64.
#5 71.94 Preparing to unpack .../001-libproc2-1_2%3a4.0.6-3_amd64.deb ...
#5 71.95 Unpacking libproc2-1:amd64 (2:4.0.6-3) ...
#5 71.97 Selecting previously unselected package procps.
#5 71.97 Preparing to unpack .../002-procps_2%3a4.0.6-3_amd64.deb ...
#5 71.98 Unpacking procps (2:4.0.6-3) ...
#5 72.03 Selecting previously unselected package sensible-utils.
#5 72.03 Preparing to unpack .../003-sensible-utils_0.0.26_all.deb ...
#5 72.03 Unpacking sensible-utils (0.0.26) ...
#5 72.05 Selecting previously unselected package libfstrm0:amd64.
#5 72.05 Preparing to unpack .../004-libfstrm0_0.6.1-1+b4_amd64.deb ...
#5 72.05 Unpacking libfstrm0:amd64 (0.6.1-1+b4) ...
#5 72.07 Selecting previously unselected package libjemalloc2:amd64.
#5 72.07 Preparing to unpack .../005-libjemalloc2_5.3.1-2_amd64.deb ...
#5 72.08 Unpacking libjemalloc2:amd64 (5.3.1-2) ...
#5 72.10 Selecting previously unselected package libjson-c5:amd64.
#5 72.10 Preparing to unpack .../006-libjson-c5_0.19+ds-1_amd64.deb ...
#5 72.11 Unpacking libjson-c5:amd64 (0.19+ds-1) ...
#5 72.13 Selecting previously unselected package liblmdb0:amd64.
#5 72.13 Preparing to unpack .../007-liblmdb0_0.9.35-1_amd64.deb ...
#5 72.13 Unpacking liblmdb0:amd64 (0.9.35-1) ...
#5 72.15 Selecting previously unselected package libmaxminddb0:amd64.
#5 72.15 Preparing to unpack .../008-libmaxminddb0_1.13.3-1_amd64.deb ...
#5 72.15 Unpacking libmaxminddb0:amd64 (1.13.3-1) ...
#5 72.17 Selecting previously unselected package libnghttp2-14:amd64.
#5 72.17 Preparing to unpack .../009-libnghttp2-14_1.70.0-1_amd64.deb ...
#5 72.18 Unpacking libnghttp2-14:amd64 (1.70.0-1) ...
#5 72.20 Selecting previously unselected package libprotobuf-c1:amd64.
#5 72.20 Preparing to unpack .../010-libprotobuf-c1_1.5.1-1+b2_amd64.deb ...
#5 72.20 Unpacking libprotobuf-c1:amd64 (1.5.1-1+b2) ...
#5 72.23 Selecting previously unselected package liburcu8t64:amd64.
#5 72.23 Preparing to unpack .../011-liburcu8t64_0.15.6-1+b1_amd64.deb ...
#5 72.23 Unpacking liburcu8t64:amd64 (0.15.6-1+b1) ...
#5 72.25 Selecting previously unselected package libuv1t64:amd64.
#5 72.25 Preparing to unpack .../012-libuv1t64_1.52.1-4_amd64.deb ...
#5 72.25 Unpacking libuv1t64:amd64 (1.52.1-4) ...
#5 72.28 Selecting previously unselected package libxml2-16:amd64.
#5 72.28 Preparing to unpack .../013-libxml2-16_2.15.3+dfsg-1+b1_amd64.deb ...
#5 72.28 Unpacking libxml2-16:amd64 (2.15.3+dfsg-1+b1) ...
#5 72.32 Selecting previously unselected package bind9-libs:amd64.
#5 72.32 Preparing to unpack .../014-bind9-libs_1%3a9.20.27-1_amd64.deb ...
#5 72.33 Unpacking bind9-libs:amd64 (1:9.20.27-1) ...
#5 72.39 Selecting previously unselected package libunistring5:amd64.
#5 72.39 Preparing to unpack .../015-libunistring5_1.4.2-1_amd64.deb ...
#5 72.39 Unpacking libunistring5:amd64 (1.4.2-1) ...
#5 72.43 Selecting previously unselected package libidn2-0:amd64.
#5 72.43 Preparing to unpack .../016-libidn2-0_2.3.8-5_amd64.deb ...
#5 72.44 Unpacking libidn2-0:amd64 (2.3.8-5) ...
#5 72.47 Selecting previously unselected package bind9-host.
#5 72.47 Preparing to unpack .../017-bind9-host_1%3a9.20.27-1_amd64.deb ...
#5 72.47 Unpacking bind9-host (1:9.20.27-1) ...
#5 72.49 Selecting previously unselected package libedit2:amd64.
#5 72.49 Preparing to unpack .../018-libedit2_3.1-20260512-1_amd64.deb ...
#5 72.50 Unpacking libedit2:amd64 (3.1-20260512-1) ...
#5 72.52 Selecting previously unselected package bind9-dnsutils.
#5 72.52 Preparing to unpack .../019-bind9-dnsutils_1%3a9.20.27-1_amd64.deb ...
#5 72.52 Unpacking bind9-dnsutils (1:9.20.27-1) ...
#5 72.54 Selecting previously unselected package openssl.
#5 72.54 Preparing to unpack .../020-openssl_3.6.3-1_amd64.deb ...
#5 72.55 Unpacking openssl (3.6.3-1) ...
#5 72.61 Selecting previously unselected package ca-certificates.
#5 72.61 Preparing to unpack .../021-ca-certificates_20260601_all.deb ...
#5 72.62 Unpacking ca-certificates (20260601) ...
#5 72.65 Selecting previously unselected package inetutils-telnet.
#5 72.65 Preparing to unpack .../022-inetutils-telnet_2%3a2.8-3_amd64.deb ...
#5 72.65 Unpacking inetutils-telnet (2:2.8-3) ...
#5 72.67 Selecting previously unselected package netcat-traditional.
#5 72.67 Preparing to unpack .../023-netcat-traditional_1.10-50.1_amd64.deb ...
#5 72.68 Unpacking netcat-traditional (1.10-50.1) ...
#5 72.70 Selecting previously unselected package perl-modules-5.42.
#5 72.70 Preparing to unpack .../024-perl-modules-5.42_5.42.2-3_all.deb ...
#5 72.70 Unpacking perl-modules-5.42 (5.42.2-3) ...
#5 72.88 Selecting previously unselected package libgdbm6t64:amd64.
#5 72.88 Preparing to unpack .../025-libgdbm6t64_1.26-1+b2_amd64.deb ...
#5 72.88 Unpacking libgdbm6t64:amd64 (1.26-1+b2) ...
#5 72.91 Selecting previously unselected package libgdbm-compat4t64:amd64.
#5 72.91 Preparing to unpack .../026-libgdbm-compat4t64_1.26-1+b2_amd64.deb ...
#5 72.91 Unpacking libgdbm-compat4t64:amd64 (1.26-1+b2) ...
#5 72.93 Selecting previously unselected package libperl5.42:amd64.
#5 72.93 Preparing to unpack .../027-libperl5.42_5.42.2-3_amd64.deb ...
#5 72.93 Unpacking libperl5.42:amd64 (5.42.2-3) ...
#5 73.11 Selecting previously unselected package perl.
#5 73.11 Preparing to unpack .../028-perl_5.42.2-3_amd64.deb ...
#5 73.11 Unpacking perl (5.42.2-3) ...
#5 73.14 Selecting previously unselected package libtext-charwidth-perl:amd64.
#5 73.14 Preparing to unpack .../029-libtext-charwidth-perl_0.04-12+b1_amd64.deb ...
#5 73.14 Unpacking libtext-charwidth-perl:amd64 (0.04-12+b1) ...
#5 73.16 Selecting previously unselected package libtext-wrapi18n-perl.
#5 73.16 Preparing to unpack .../030-libtext-wrapi18n-perl_0.06-11_all.deb ...
#5 73.16 Unpacking libtext-wrapi18n-perl (0.06-11) ...
#5 73.18 Selecting previously unselected package ucf.
#5 73.18 Preparing to unpack .../031-ucf_3.0056_all.deb ...
#5 73.18 Moving old data out of the way
#5 73.19 Unpacking ucf (3.0056) ...
#5 73.21 Selecting previously unselected package libcap2:amd64.
#5 73.21 Preparing to unpack .../032-libcap2_1%3a2.78-1+b1_amd64.deb ...
#5 73.21 Unpacking libcap2:amd64 (1:2.78-1+b1) ...
#5 73.23 Selecting previously unselected package bubblewrap.
#5 73.23 Preparing to unpack .../033-bubblewrap_0.11.2-2_amd64.deb ...
#5 73.23 Unpacking bubblewrap (0.11.2-2) ...
#5 73.25 Selecting previously unselected package libnghttp3-9:amd64.
#5 73.26 Preparing to unpack .../034-libnghttp3-9_1.17.0-1_amd64.deb ...
#5 73.26 Unpacking libnghttp3-9:amd64 (1.17.0-1) ...
#5 73.28 Selecting previously unselected package libngtcp2-16:amd64.
#5 73.28 Preparing to unpack .../035-libngtcp2-16_1.24.0-1_amd64.deb ...
#5 73.28 Unpacking libngtcp2-16:amd64 (1.24.0-1) ...
#5 73.30 Selecting previously unselected package libbrotli1:amd64.
#5 73.31 Preparing to unpack .../036-libbrotli1_1.2.0-4+b1_amd64.deb ...
#5 73.31 Unpacking libbrotli1:amd64 (1.2.0-4+b1) ...
#5 73.33 Selecting previously unselected package libsasl2-modules-db:amd64.
#5 73.33 Preparing to unpack .../037-libsasl2-modules-db_2.1.28+dfsg1-11_amd64.deb ...
#5 73.34 Unpacking libsasl2-modules-db:amd64 (2.1.28+dfsg1-11) ...
#5 73.35 Selecting previously unselected package libsasl2-2:amd64.
#5 73.35 Preparing to unpack .../038-libsasl2-2_2.1.28+dfsg1-11_amd64.deb ...
#5 73.36 Unpacking libsasl2-2:amd64 (2.1.28+dfsg1-11) ...
#5 73.38 Selecting previously unselected package libldap2:amd64.
#5 73.38 Preparing to unpack .../039-libldap2_2.6.14+dfsg-1_amd64.deb ...
#5 73.38 Unpacking libldap2:amd64 (2.6.14+dfsg-1) ...
#5 73.41 Selecting previously unselected package libngtcp2-crypto-ossl0:amd64.
#5 73.41 Preparing to unpack .../040-libngtcp2-crypto-ossl0_1.24.0-1_amd64.deb ...
#5 73.41 Unpacking libngtcp2-crypto-ossl0:amd64 (1.24.0-1) ...
#5 73.43 Selecting previously unselected package libpsl5t64:amd64.
#5 73.43 Preparing to unpack .../041-libpsl5t64_0.23.3-1_amd64.deb ...
#5 73.44 Unpacking libpsl5t64:amd64 (0.23.3-1) ...
#5 73.46 Selecting previously unselected package libssh2-1t64:amd64.
#5 73.46 Preparing to unpack .../042-libssh2-1t64_1.11.1-6_amd64.deb ...
#5 73.46 Unpacking libssh2-1t64:amd64 (1.11.1-6) ...
#5 73.49 Selecting previously unselected package libcurl4t64:amd64.
#5 73.49 Preparing to unpack .../043-libcurl4t64_8.21.0-2_amd64.deb ...
#5 73.49 Unpacking libcurl4t64:amd64 (8.21.0-2) ...
#5 73.52 Selecting previously unselected package curl.
#5 73.52 Preparing to unpack .../044-curl_8.21.0-2_amd64.deb ...
#5 73.53 Unpacking curl (8.21.0-2) ...
#5 73.55 Selecting previously unselected package mysql-common.
#5 73.56 Preparing to unpack .../045-mysql-common_5.8+1.1.1_all.deb ...
#5 73.56 Unpacking mysql-common (5.8+1.1.1) ...
#5 73.59 Selecting previously unselected package mariadb-common.
#5 73.59 Preparing to unpack .../046-mariadb-common_1%3a11.8.8-1_all.deb ...
#5 73.59 Unpacking mariadb-common (1:11.8.8-1) ...
#5 73.61 Selecting previously unselected package libmariadb3:amd64.
#5 73.61 Preparing to unpack .../047-libmariadb3_1%3a11.8.8-1_amd64.deb ...
#5 73.62 Unpacking libmariadb3:amd64 (1:11.8.8-1) ...
#5 73.64 Selecting previously unselected package libncurses6:amd64.
#5 73.64 Preparing to unpack .../048-libncurses6_6.6+20260608-2_amd64.deb ...
#5 73.64 Unpacking libncurses6:amd64 (6.6+20260608-2) ...
#5 73.66 Selecting previously unselected package mariadb-client-core.
#5 73.67 Preparing to unpack .../049-mariadb-client-core_1%3a11.8.8-1_amd64.deb ...
#5 73.67 Unpacking mariadb-client-core (1:11.8.8-1) ...
#5 73.76 Selecting previously unselected package libpcre2-posix3:amd64.
#5 73.76 Preparing to unpack .../050-libpcre2-posix3_10.46-1+b2_amd64.deb ...
#5 73.76 Unpacking libpcre2-posix3:amd64 (10.46-1+b2) ...
#5 73.78 Selecting previously unselected package mariadb-client.
#5 73.78 Preparing to unpack .../051-mariadb-client_1%3a11.8.8-1_amd64.deb ...
#5 73.78 Unpacking mariadb-client (1:11.8.8-1) ...
#5 74.02 Selecting previously unselected package mariadb-client-compat.
#5 74.02 Preparing to unpack .../052-mariadb-client-compat_1%3a11.8.8-1_all.deb ...
#5 74.03 Unpacking mariadb-client-compat (1:11.8.8-1) ...
#5 74.05 Selecting previously unselected package default-mysql-client.
#5 74.05 Preparing to unpack .../053-default-mysql-client_1.1.1_all.deb ...
#5 74.05 Unpacking default-mysql-client (1.1.1) ...
#5 74.07 Selecting previously unselected package samba-common.
#5 74.07 Preparing to unpack .../054-samba-common_2%3a4.24.5+dfsg-1_all.deb ...
#5 74.08 Unpacking samba-common (2:4.24.5+dfsg-1) ...
#5 74.10 Selecting previously unselected package libavahi-common-data:amd64.
#5 74.10 Preparing to unpack .../055-libavahi-common-data_0.8-18_amd64.deb ...
#5 74.10 Unpacking libavahi-common-data:amd64 (0.8-18) ...
#5 74.14 Selecting previously unselected package libavahi-common3:amd64.
#5 74.14 Preparing to unpack .../056-libavahi-common3_0.8-18_amd64.deb ...
#5 74.14 Unpacking libavahi-common3:amd64 (0.8-18) ...
#5 74.16 Selecting previously unselected package libdbus-1-3:amd64.
#5 74.16 Preparing to unpack .../057-libdbus-1-3_1.16.2-5+b1_amd64.deb ...
#5 74.16 Unpacking libdbus-1-3:amd64 (1.16.2-5+b1) ...
#5 74.19 Selecting previously unselected package libavahi-client3:amd64.
#5 74.19 Preparing to unpack .../058-libavahi-client3_0.8-18_amd64.deb ...
#5 74.19 Unpacking libavahi-client3:amd64 (0.8-18) ...
#5 74.21 Selecting previously unselected package libp11-kit0:amd64.
#5 74.21 Preparing to unpack .../059-libp11-kit0_0.26.5-1_amd64.deb ...
#5 74.21 Unpacking libp11-kit0:amd64 (0.26.5-1) ...
#5 74.25 Selecting previously unselected package libtasn1-6:amd64.
#5 74.25 Preparing to unpack .../060-libtasn1-6_4.21.0-2+b1_amd64.deb ...
#5 74.25 Unpacking libtasn1-6:amd64 (4.21.0-2+b1) ...
#5 74.27 Selecting previously unselected package libgnutls30t64:amd64.
#5 74.27 Preparing to unpack .../061-libgnutls30t64_3.8.13-1_amd64.deb ...
#5 74.27 Unpacking libgnutls30t64:amd64 (3.8.13-1) ...
#5 74.33 Selecting previously unselected package libcups2t64:amd64.
#5 74.33 Preparing to unpack .../062-libcups2t64_2.4.18-1_amd64.deb ...
#5 74.33 Unpacking libcups2t64:amd64 (2.4.18-1) ...
#5 74.36 Selecting previously unselected package libjansson4:amd64.
#5 74.36 Preparing to unpack .../063-libjansson4_2.15.1-1_amd64.deb ...
#5 74.36 Unpacking libjansson4:amd64 (2.15.1-1) ...
#5 74.38 Selecting previously unselected package libicu78:amd64.
#5 74.38 Preparing to unpack .../064-libicu78_78.3-2_amd64.deb ...
#5 74.39 Unpacking libicu78:amd64 (78.3-2) ...
#5 74.64 Selecting previously unselected package libtalloc2:amd64.
#5 74.64 Preparing to unpack .../065-libtalloc2_2%3a2.4.4+samba4.24.5+dfsg-1_amd64.deb ...
#5 74.64 Unpacking libtalloc2:amd64 (2:2.4.4+samba4.24.5+dfsg-1) ...
#5 74.66 Selecting previously unselected package libtdb1:amd64.
#5 74.67 Preparing to unpack .../066-libtdb1_2%3a1.4.15+samba4.24.5+dfsg-1_amd64.deb ...
#5 74.67 Unpacking libtdb1:amd64 (2:1.4.15+samba4.24.5+dfsg-1) ...
#5 74.69 Selecting previously unselected package libtevent0t64:amd64.
#5 74.69 Preparing to unpack .../067-libtevent0t64_2%3a0.17.1+samba4.24.5+dfsg-1_amd64.deb ...
#5 74.69 Unpacking libtevent0t64:amd64 (2:0.17.1+samba4.24.5+dfsg-1) ...
#5 74.72 Selecting previously unselected package libldb2:amd64.
#5 74.72 Preparing to unpack .../068-libldb2_2%3a2.11.0+samba4.24.5+dfsg-1_amd64.deb ...
#5 74.72 Unpacking libldb2:amd64 (2:2.11.0+samba4.24.5+dfsg-1) ...
#5 74.75 Selecting previously unselected package libngtcp2-crypto-gnutls8:amd64.
#5 74.75 Preparing to unpack .../069-libngtcp2-crypto-gnutls8_1.24.0-1_amd64.deb ...
#5 74.75 Unpacking libngtcp2-crypto-gnutls8:amd64 (1.24.0-1) ...
#5 74.77 Selecting previously unselected package libpopt0:amd64.
#5 74.77 Preparing to unpack .../070-libpopt0_1.19+dfsg-2+b2_amd64.deb ...
#5 74.77 Unpacking libpopt0:amd64 (1.19+dfsg-2+b2) ...
#5 74.80 Selecting previously unselected package libwbclient0:amd64.
#5 74.80 Preparing to unpack .../071-libwbclient0_2%3a4.24.5+dfsg-1_amd64.deb ...
#5 74.81 Unpacking libwbclient0:amd64 (2:4.24.5+dfsg-1) ...
#5 74.83 Selecting previously unselected package samba-libs:amd64.
#5 74.83 Preparing to unpack .../072-samba-libs_2%3a4.24.5+dfsg-1_amd64.deb ...
#5 74.83 Unpacking samba-libs:amd64 (2:4.24.5+dfsg-1) ...
#5 75.03 Selecting previously unselected package samba-common-bin.
#5 75.03 Preparing to unpack .../073-samba-common-bin_2%3a4.24.5+dfsg-1_amd64.deb ...
#5 75.04 Unpacking samba-common-bin (2:4.24.5+dfsg-1) ...
#5 75.10 Selecting previously unselected package liburing2:amd64.
#5 75.10 Preparing to unpack .../074-liburing2_2.15-1_amd64.deb ...
#5 75.10 Unpacking liburing2:amd64 (2.15-1) ...
#5 75.13 Selecting previously unselected package samba.
#5 75.13 Preparing to unpack .../075-samba_2%3a4.24.5+dfsg-1_amd64.deb ...
#5 75.14 Unpacking samba (2:4.24.5+dfsg-1) ...
#5 75.20 Selecting previously unselected package libarchive13t64:amd64.
#5 75.20 Preparing to unpack .../076-libarchive13t64_3.8.9-1_amd64.deb ...
#5 75.20 Unpacking libarchive13t64:amd64 (3.8.9-1) ...
#5 75.23 Selecting previously unselected package libsmbclient0:amd64.
#5 75.23 Preparing to unpack .../077-libsmbclient0_2%3a4.24.5+dfsg-1_amd64.deb ...
#5 75.24 Unpacking libsmbclient0:amd64 (2:4.24.5+dfsg-1) ...
#5 75.25 Selecting previously unselected package smbclient.
#5 75.26 Preparing to unpack .../078-smbclient_2%3a4.24.5+dfsg-1_amd64.deb ...
#5 75.26 Unpacking smbclient (2:4.24.5+dfsg-1) ...
#5 75.29 Selecting previously unselected package python3-charset-normalizer.
#5 75.29 Preparing to unpack .../079-python3-charset-normalizer_3.4.7-2_amd64.deb ...
#5 75.30 Unpacking python3-charset-normalizer (3.4.7-2) ...
#5 75.32 Selecting previously unselected package python3-blinker.
#5 75.32 Preparing to unpack .../080-python3-blinker_1.9.0-2_all.deb ...
#5 75.33 Unpacking python3-blinker (1.9.0-2) ...
#5 75.35 Selecting previously unselected package python3-click.
#5 75.35 Preparing to unpack .../081-python3-click_8.3.3-2_all.deb ...
#5 75.35 Unpacking python3-click (8.3.3-2) ...
#5 75.37 Selecting previously unselected package python3-itsdangerous.
#5 75.37 Preparing to unpack .../082-python3-itsdangerous_2.2.0-3_all.deb ...
#5 75.38 Unpacking python3-itsdangerous (2.2.0-3) ...
#5 75.40 Selecting previously unselected package python3-markupsafe.
#5 75.40 Preparing to unpack .../083-python3-markupsafe_3.0.3-2+b1_amd64.deb ...
#5 75.40 Unpacking python3-markupsafe (3.0.3-2+b1) ...
#5 75.43 Selecting previously unselected package python3-jinja2.
#5 75.43 Preparing to unpack .../084-python3-jinja2_3.1.6-3_all.deb ...
#5 75.43 Unpacking python3-jinja2 (3.1.6-3) ...
#5 75.46 Selecting previously unselected package python3-werkzeug.
#5 75.46 Preparing to unpack .../085-python3-werkzeug_3.1.8-1_all.deb ...
#5 75.46 Unpacking python3-werkzeug (3.1.8-1) ...
#5 75.49 Selecting previously unselected package python3-flask.
#5 75.49 Preparing to unpack .../086-python3-flask_3.1.3-4_all.deb ...
#5 75.49 Unpacking python3-flask (3.1.3-4) ...
#5 75.52 Selecting previously unselected package python3-pyasn1.
#5 75.52 Preparing to unpack .../087-python3-pyasn1_0.6.4-1_all.deb ...
#5 75.52 Unpacking python3-pyasn1 (0.6.4-1) ...
#5 75.55 Selecting previously unselected package python3-ldap3.
#5 75.55 Preparing to unpack .../088-python3-ldap3_2.9.1-2_all.deb ...
#5 75.55 Unpacking python3-ldap3 (2.9.1-2) ...
#5 75.58 Selecting previously unselected package python3-dnspython.
#5 75.59 Preparing to unpack .../089-python3-dnspython_2.8.0-5_all.deb ...
#5 75.59 Unpacking python3-dnspython (2.8.0-5) ...
#5 75.62 Selecting previously unselected package python3-ldapdomaindump.
#5 75.62 Preparing to unpack .../090-python3-ldapdomaindump_0.9.4-2_all.deb ...
#5 75.63 Unpacking python3-ldapdomaindump (0.9.4-2) ...
#5 75.65 Selecting previously unselected package python3-bcrypt.
#5 75.65 Preparing to unpack .../091-python3-bcrypt_5.0.0-6_amd64.deb ...
#5 75.65 Unpacking python3-bcrypt (5.0.0-6) ...
#5 75.68 Selecting previously unselected package python3-cffi-backend:amd64.
#5 75.68 Preparing to unpack .../092-python3-cffi-backend_2.1.1-1_amd64.deb ...
#5 75.68 Unpacking python3-cffi-backend:amd64 (2.1.1-1) ...
#5 75.70 Selecting previously unselected package python3-cryptography.
#5 75.71 Preparing to unpack .../093-python3-cryptography_47.0.0-1_amd64.deb ...
#5 75.71 Unpacking python3-cryptography (47.0.0-1) ...
#5 75.78 Selecting previously unselected package python3-openssl.
#5 75.78 Preparing to unpack .../094-python3-openssl_26.2.0-1_all.deb ...
#5 75.78 Unpacking python3-openssl (26.2.0-1) ...
#5 75.80 Selecting previously unselected package python3-pyasn1-modules.
#5 75.80 Preparing to unpack .../095-python3-pyasn1-modules_0.4.1-2_all.deb ...
#5 75.81 Unpacking python3-pyasn1-modules (0.4.1-2) ...
#5 75.83 Selecting previously unselected package python3-pycryptodome.
#5 75.84 Preparing to unpack .../096-python3-pycryptodome_3.20.0+dfsg-3_amd64.deb ...
#5 75.84 Unpacking python3-pycryptodome (3.20.0+dfsg-3) ...
#5 75.92 Selecting previously unselected package python3-six.
#5 75.92 Preparing to unpack .../097-python3-six_1.17.0-3_all.deb ...
#5 75.93 Unpacking python3-six (1.17.0-3) ...
#5 75.95 Selecting previously unselected package python3-impacket.
#5 75.95 Preparing to unpack .../098-python3-impacket_0.13.0+git20251120-9c2d8b6-0kali1_all.deb ...
#5 75.95 Unpacking python3-impacket (0.13.0+git20251120-9c2d8b6-0kali1) ...
#5 76.01 Selecting previously unselected package polenum.
#5 76.01 Preparing to unpack .../099-polenum_1.7-1_all.deb ...
#5 76.02 Unpacking polenum (1.7-1) ...
#5 76.03 Selecting previously unselected package ldap-utils.
#5 76.03 Preparing to unpack .../100-ldap-utils_2.6.14+dfsg-1_amd64.deb ...
#5 76.04 Unpacking ldap-utils (2.6.14+dfsg-1) ...
#5 76.06 Selecting previously unselected package enum4linux.
#5 76.06 Preparing to unpack .../101-enum4linux_0.9.1-0kali2_all.deb ...
#5 76.06 Unpacking enum4linux (0.9.1-0kali2) ...
#5 76.08 Selecting previously unselected package libxml2-utils.
#5 76.08 Preparing to unpack .../102-libxml2-utils_2.15.3+dfsg-1+b1_amd64.deb ...
#5 76.09 Unpacking libxml2-utils (2.15.3+dfsg-1+b1) ...
#5 76.15 Selecting previously unselected package exploitdb.
#5 76.15 Preparing to unpack .../103-exploitdb_20260826-0kali1_all.deb ...
#5 76.15 Unpacking exploitdb (20260826-0kali1) ...
#5 79.46 Selecting previously unselected package finger.
#5 79.46 Preparing to unpack .../104-finger_0.17-17_amd64.deb ...
#5 79.47 Unpacking finger (0.17-17) ...
#5 79.49 Selecting previously unselected package firebird4.0-common-doc.
#5 79.49 Preparing to unpack .../105-firebird4.0-common-doc_4.0.7.3271.ds6-1_all.deb ...
#5 79.49 Unpacking firebird4.0-common-doc (4.0.7.3271.ds6-1) ...
#5 79.52 Selecting previously unselected package firebird4.0-common.
#5 79.53 Preparing to unpack .../106-firebird4.0-common_4.0.7.3271.ds6-1_all.deb ...
#5 79.53 Unpacking firebird4.0-common (4.0.7.3271.ds6-1) ...
#5 79.56 Selecting previously unselected package libpng16-16t64:amd64.
#5 79.56 Preparing to unpack .../107-libpng16-16t64_1.6.58-1_amd64.deb ...
#5 79.57 Unpacking libpng16-16t64:amd64 (1.6.58-1) ...
#5 79.59 Selecting previously unselected package libfreetype6:amd64.
#5 79.60 Preparing to unpack .../108-libfreetype6_2.14.3+dfsg-2_amd64.deb ...
#5 79.60 Unpacking libfreetype6:amd64 (2.14.3+dfsg-2) ...
#5 79.63 Selecting previously unselected package fonts-dejavu-mono.
#5 79.64 Preparing to unpack .../109-fonts-dejavu-mono_2.37-9_all.deb ...
#5 79.64 Unpacking fonts-dejavu-mono (2.37-9) ...
#5 79.68 Selecting previously unselected package fonts-dejavu-core.
#5 79.68 Preparing to unpack .../110-fonts-dejavu-core_2.37-9_all.deb ...
#5 79.69 Unpacking fonts-dejavu-core (2.37-9) ...
#5 79.75 Selecting previously unselected package fontconfig-config.
#5 79.75 Preparing to unpack .../111-fontconfig-config_2.17.1-5_amd64.deb ...
#5 79.75 Unpacking fontconfig-config (2.17.1-5) ...
#5 79.78 Selecting previously unselected package libfontconfig1:amd64.
#5 79.79 Preparing to unpack .../112-libfontconfig1_2.17.1-5_amd64.deb ...
#5 79.79 Unpacking libfontconfig1:amd64 (2.17.1-5) ...
#5 79.82 Selecting previously unselected package fontconfig.
#5 79.82 Preparing to unpack .../113-fontconfig_2.17.1-5_amd64.deb ...
#5 79.82 Unpacking fontconfig (2.17.1-5) ...
#5 79.85 Selecting previously unselected package freetds-common.
#5 79.85 Preparing to unpack .../114-freetds-common_1.5.5+ds-1_all.deb ...
#5 79.85 Unpacking freetds-common (1.5.5+ds-1) ...
#5 79.88 Selecting previously unselected package tnftp.
#5 79.88 Preparing to unpack .../115-tnftp_20260211-2_amd64.deb ...
#5 79.88 Unpacking tnftp (20260211-2) ...
#5 79.91 Selecting previously unselected package ftp.
#5 79.91 Preparing to unpack .../116-ftp_20260211-2_all.deb ...
#5 79.91 Unpacking ftp (20260211-2) ...
#5 79.95 Selecting previously unselected package libpixman-1-0:amd64.
#5 79.95 Preparing to unpack .../117-libpixman-1-0_0.46.4-1+b2_amd64.deb ...
#5 79.95 Unpacking libpixman-1-0:amd64 (0.46.4-1+b2) ...
#5 79.98 Selecting previously unselected package libxau6:amd64.
#5 79.99 Preparing to unpack .../118-libxau6_1%3a1.0.11-1+b2_amd64.deb ...
#5 79.99 Unpacking libxau6:amd64 (1:1.0.11-1+b2) ...
#5 80.01 Selecting previously unselected package libxdmcp6:amd64.
#5 80.02 Preparing to unpack .../119-libxdmcp6_1%3a1.1.5-2+b1_amd64.deb ...
#5 80.02 Unpacking libxdmcp6:amd64 (1:1.1.5-2+b1) ...
#5 80.04 Selecting previously unselected package libxcb1:amd64.
#5 80.05 Preparing to unpack .../120-libxcb1_1.17.0-2+b2_amd64.deb ...
#5 80.05 Unpacking libxcb1:amd64 (1.17.0-2+b2) ...
#5 80.07 Selecting previously unselected package libx11-data.
#5 80.08 Preparing to unpack .../121-libx11-data_2%3a1.8.13-1_all.deb ...
#5 80.08 Unpacking libx11-data (2:1.8.13-1) ...
#5 80.13 Selecting previously unselected package libx11-6:amd64.
#5 80.13 Preparing to unpack .../122-libx11-6_2%3a1.8.13-1_amd64.deb ...
#5 80.14 Unpacking libx11-6:amd64 (2:1.8.13-1) ...
#5 80.18 Selecting previously unselected package libxcb-render0:amd64.
#5 80.18 Preparing to unpack .../123-libxcb-render0_1.17.0-2+b2_amd64.deb ...
#5 80.19 Unpacking libxcb-render0:amd64 (1.17.0-2+b2) ...
#5 80.21 Selecting previously unselected package libxcb-shm0:amd64.
#5 80.22 Preparing to unpack .../124-libxcb-shm0_1.17.0-2+b2_amd64.deb ...
#5 80.22 Unpacking libxcb-shm0:amd64 (1.17.0-2+b2) ...
#5 80.24 Selecting previously unselected package libxext6:amd64.
#5 80.25 Preparing to unpack .../125-libxext6_2%3a1.3.4-1+b4_amd64.deb ...
#5 80.25 Unpacking libxext6:amd64 (2:1.3.4-1+b4) ...
#5 80.27 Selecting previously unselected package libxrender1:amd64.
#5 80.28 Preparing to unpack .../126-libxrender1_1%3a0.9.12-1+b2_amd64.deb ...
#5 80.28 Unpacking libxrender1:amd64 (1:0.9.12-1+b2) ...
#5 80.30 Selecting previously unselected package libcairo2:amd64.
#5 80.31 Preparing to unpack .../127-libcairo2_1.18.4-3+b1_amd64.deb ...
#5 80.31 Unpacking libcairo2:amd64 (1.18.4-3+b1) ...
#5 80.35 Selecting previously unselected package libatomic1:amd64.
#5 80.35 Preparing to unpack .../128-libatomic1_16.2.0-1_amd64.deb ...
#5 80.35 Unpacking libatomic1:amd64 (16.2.0-1) ...
#5 80.38 Selecting previously unselected package libglib2.0-0t64:amd64.
#5 80.38 Preparing to unpack .../129-libglib2.0-0t64_2.88.3-2_amd64.deb ...
#5 80.39 Unpacking libglib2.0-0t64:amd64 (2.88.3-2) ...
#5 80.46 Selecting previously unselected package libsharpyuv0:amd64.
#5 80.46 Preparing to unpack .../130-libsharpyuv0_1.5.0-0.1+b2_amd64.deb ...
#5 80.46 Unpacking libsharpyuv0:amd64 (1.5.0-0.1+b2) ...
#5 80.49 Selecting previously unselected package libde265-0:amd64.
#5 80.49 Preparing to unpack .../131-libde265-0_1.1.1-1_amd64.deb ...
#5 80.50 Unpacking libde265-0:amd64 (1.1.1-1) ...
#5 80.52 Selecting previously unselected package libheif-plugin-libde265:amd64.
#5 80.52 Preparing to unpack .../132-libheif-plugin-libde265_1.23.2-1_amd64.deb ...
#5 80.53 Unpacking libheif-plugin-libde265:amd64 (1.23.2-1) ...
#5 80.55 Selecting previously unselected package libdav1d7:amd64.
#5 80.56 Preparing to unpack .../133-libdav1d7_1.5.4-1_amd64.deb ...
#5 80.56 Unpacking libdav1d7:amd64 (1.5.4-1) ...
#5 80.60 Selecting previously unselected package libheif-plugin-dav1d:amd64.
#5 80.60 Preparing to unpack .../134-libheif-plugin-dav1d_1.23.2-1_amd64.deb ...
#5 80.60 Unpacking libheif-plugin-dav1d:amd64 (1.23.2-1) ...
#5 80.62 Selecting previously unselected package libheif1:amd64.
#5 80.63 Preparing to unpack .../135-libheif1_1.23.2-1_amd64.deb ...
#5 80.63 Unpacking libheif1:amd64 (1.23.2-1) ...
#5 80.68 Selecting previously unselected package libhwy1t64:amd64.
#5 80.68 Preparing to unpack .../136-libhwy1t64_1.3.0-5.1_amd64.deb ...
#5 80.69 Unpacking libhwy1t64:amd64 (1.3.0-5.1) ...
#5 80.74 Selecting previously unselected package liblcms2-2:amd64.
#5 80.74 Preparing to unpack .../137-liblcms2-2_2.19.1-1_amd64.deb ...
#5 80.74 Unpacking liblcms2-2:amd64 (2.19.1-1) ...
#5 80.77 Selecting previously unselected package libjxl0.11:amd64.
#5 80.78 Preparing to unpack .../138-libjxl0.11_0.11.2-5_amd64.deb ...
#5 80.78 Unpacking libjxl0.11:amd64 (0.11.2-5) ...
#5 80.93 Selecting previously unselected package libcairo-gobject2:amd64.
#5 80.94 Preparing to unpack .../139-libcairo-gobject2_1.18.4-3+b1_amd64.deb ...
#5 80.94 Unpacking libcairo-gobject2:amd64 (1.18.4-3+b1) ...
#5 80.97 Selecting previously unselected package libglycin-2-0:amd64.
#5 80.97 Preparing to unpack .../140-libglycin-2-0_2.1.5+ds-2_amd64.deb ...
#5 80.97 Unpacking libglycin-2-0:amd64 (2.1.5+ds-2) ...
#5 81.04 Selecting previously unselected package glycin-thumbnailers.
#5 81.04 Preparing to unpack .../141-glycin-thumbnailers_2.1.5+ds-2_amd64.deb ...
#5 81.04 Unpacking glycin-thumbnailers (2.1.5+ds-2) ...
#5 81.07 Selecting previously unselected package libgdk-pixbuf2.0-common.
#5 81.07 Preparing to unpack .../142-libgdk-pixbuf2.0-common_2.44.7+dfsg-1_all.deb ...
#5 81.07 Unpacking libgdk-pixbuf2.0-common (2.44.7+dfsg-1) ...
#5 81.14 Selecting previously unselected package shared-mime-info.
#5 81.14 Preparing to unpack .../143-shared-mime-info_2.4-5+b3_amd64.deb ...
#5 81.15 Unpacking shared-mime-info (2.4-5+b3) ...
#5 81.20 Selecting previously unselected package libgdk-pixbuf-2.0-0:amd64.
#5 81.21 Preparing to unpack .../144-libgdk-pixbuf-2.0-0_2.44.7+dfsg-1_amd64.deb ...
#5 81.21 Unpacking libgdk-pixbuf-2.0-0:amd64 (2.44.7+dfsg-1) ...
#5 81.24 Selecting previously unselected package libfribidi0:amd64.
#5 81.24 Preparing to unpack .../145-libfribidi0_1.0.16-5+b1_amd64.deb ...
#5 81.24 Unpacking libfribidi0:amd64 (1.0.16-5+b1) ...
#5 81.27 Selecting previously unselected package libgraphite2-3:amd64.
#5 81.27 Preparing to unpack .../146-libgraphite2-3_1.3.15-2_amd64.deb ...
#5 81.27 Unpacking libgraphite2-3:amd64 (1.3.15-2) ...
#5 81.30 Selecting previously unselected package libharfbuzz0b:amd64.
#5 81.30 Preparing to unpack .../147-libharfbuzz0b_12.3.2-2+b2_amd64.deb ...
#5 81.30 Unpacking libharfbuzz0b:amd64 (12.3.2-2+b2) ...
#5 81.34 Selecting previously unselected package libthai-data.
#5 81.34 Preparing to unpack .../148-libthai-data_0.1.30-3_all.deb ...
#5 81.35 Unpacking libthai-data (0.1.30-3) ...
#5 81.37 Selecting previously unselected package libdatrie1:amd64.
#5 81.38 Preparing to unpack .../149-libdatrie1_0.2.14-2_amd64.deb ...
#5 81.38 Unpacking libdatrie1:amd64 (0.2.14-2) ...
#5 81.41 Selecting previously unselected package libthai0:amd64.
#5 81.41 Preparing to unpack .../150-libthai0_0.1.30-3_amd64.deb ...
#5 81.41 Unpacking libthai0:amd64 (0.1.30-3) ...
#5 81.44 Selecting previously unselected package libpango-1.0-0:amd64.
#5 81.44 Preparing to unpack .../151-libpango-1.0-0_1.58.0-1_amd64.deb ...
#5 81.44 Unpacking libpango-1.0-0:amd64 (1.58.0-1) ...
#5 81.47 Selecting previously unselected package libpangoft2-1.0-0:amd64.
#5 81.47 Preparing to unpack .../152-libpangoft2-1.0-0_1.58.0-1_amd64.deb ...
#5 81.48 Unpacking libpangoft2-1.0-0:amd64 (1.58.0-1) ...
#5 81.50 Selecting previously unselected package libpangocairo-1.0-0:amd64.
#5 81.50 Preparing to unpack .../153-libpangocairo-1.0-0_1.58.0-1_amd64.deb ...
#5 81.51 Unpacking libpangocairo-1.0-0:amd64 (1.58.0-1) ...
#5 81.53 Selecting previously unselected package librsvg2-2:amd64.
#5 81.53 Preparing to unpack .../154-librsvg2-2_2.62.1+dfsg-1_amd64.deb ...
#5 81.54 Unpacking librsvg2-2:amd64 (2.62.1+dfsg-1) ...
#5 81.61 Selecting previously unselected package glycin-loaders.
#5 81.61 Preparing to unpack .../155-glycin-loaders_2.1.5+ds-2_amd64.deb ...
#5 81.62 Unpacking glycin-loaders (2.1.5+ds-2) ...
#5 81.73 Selecting previously unselected package gobuster.
#5 81.73 Preparing to unpack .../156-gobuster_3.8.2-1_amd64.deb ...
#5 81.74 Unpacking gobuster (3.8.2-1) ...
#5 81.85 Selecting previously unselected package libapr1t64:amd64.
#5 81.85 Preparing to unpack .../157-libapr1t64_1.7.6-3+b1_amd64.deb ...
#5 81.86 Unpacking libapr1t64:amd64 (1.7.6-3+b1) ...
#5 81.88 Selecting previously unselected package libbson2-2.
#5 81.89 Preparing to unpack .../158-libbson2-2_2.5.0-1_amd64.deb ...
#5 81.89 Unpacking libbson2-2 (2.5.0-1) ...
#5 81.92 Selecting previously unselected package libtommath1:amd64.
#5 81.92 Preparing to unpack .../159-libtommath1_1.3.0-1+b2_amd64.deb ...
#5 81.92 Unpacking libtommath1:amd64 (1.3.0-1+b2) ...
#5 81.95 Selecting previously unselected package libfbclient2:amd64.
#5 81.95 Preparing to unpack .../160-libfbclient2_4.0.7.3271.ds6-1+b2_amd64.deb ...
#5 81.96 Unpacking libfbclient2:amd64 (4.0.7.3271.ds6-1+b2) ...
#5 82.01 Selecting previously unselected package libaom3:amd64.
#5 82.01 Preparing to unpack .../161-libaom3_3.14.1-1_amd64.deb ...
#5 82.01 Unpacking libaom3:amd64 (3.14.1-1) ...
#5 82.09 Selecting previously unselected package libdrm-common.
#5 82.09 Preparing to unpack .../162-libdrm-common_2.4.134-3_all.deb ...
#5 82.09 Unpacking libdrm-common (2.4.134-3) ...
#5 82.12 Selecting previously unselected package libdrm2:amd64.
#5 82.12 Preparing to unpack .../163-libdrm2_2.4.134-3_amd64.deb ...
#5 82.12 Unpacking libdrm2:amd64 (2.4.134-3) ...
#5 82.15 Selecting previously unselected package libva2:amd64.
#5 82.15 Preparing to unpack .../164-libva2_2.24.1-2_amd64.deb ...
#5 82.15 Unpacking libva2:amd64 (2.24.1-2) ...
#5 82.18 Selecting previously unselected package libva-drm2:amd64.
#5 82.18 Preparing to unpack .../165-libva-drm2_2.24.1-2_amd64.deb ...
#5 82.18 Unpacking libva-drm2:amd64 (2.24.1-2) ...
#5 82.21 Selecting previously unselected package libx11-xcb1:amd64.
#5 82.21 Preparing to unpack .../166-libx11-xcb1_2%3a1.8.13-1_amd64.deb ...
#5 82.21 Unpacking libx11-xcb1:amd64 (2:1.8.13-1) ...
#5 82.24 Selecting previously unselected package libxcb-dri3-0:amd64.
#5 82.24 Preparing to unpack .../167-libxcb-dri3-0_1.17.0-2+b2_amd64.deb ...
#5 82.25 Unpacking libxcb-dri3-0:amd64 (1.17.0-2+b2) ...
#5 82.28 Selecting previously unselected package libxfixes3:amd64.
#5 82.28 Preparing to unpack .../168-libxfixes3_1%3a6.0.0-2+b5_amd64.deb ...
#5 82.28 Unpacking libxfixes3:amd64 (1:6.0.0-2+b5) ...
#5 82.31 Selecting previously unselected package libva-x11-2:amd64.
#5 82.31 Preparing to unpack .../169-libva-x11-2_2.24.1-2_amd64.deb ...
#5 82.31 Unpacking libva-x11-2:amd64 (2.24.1-2) ...
#5 82.34 Selecting previously unselected package libvdpau1:amd64.
#5 82.34 Preparing to unpack .../170-libvdpau1_1.5-4+b1_amd64.deb ...
#5 82.34 Unpacking libvdpau1:amd64 (1.5-4+b1) ...
#5 82.37 Selecting previously unselected package libvpl2.
#5 82.37 Preparing to unpack .../171-libvpl2_1%3a2.16.0-1_amd64.deb ...
#5 82.37 Unpacking libvpl2 (1:2.16.0-1) ...
#5 82.40 Selecting previously unselected package ocl-icd-libopencl1:amd64.
#5 82.41 Preparing to unpack .../172-ocl-icd-libopencl1_2.3.4-1+b1_amd64.deb ...
#5 82.41 Unpacking ocl-icd-libopencl1:amd64 (2.3.4-1+b1) ...
#5 82.43 Selecting previously unselected package libavutil60:amd64.
#5 82.44 Preparing to unpack .../173-libavutil60_7%3a8.1.2-2+b3_amd64.deb ...
#5 82.44 Unpacking libavutil60:amd64 (7:8.1.2-2+b3) ...
#5 82.48 Selecting previously unselected package libcodec2-1.2:amd64.
#5 82.48 Preparing to unpack .../174-libcodec2-1.2_1.2.0-5_amd64.deb ...
#5 82.48 Unpacking libcodec2-1.2:amd64 (1.2.0-5) ...
#5 82.71 Selecting previously unselected package libgsm1:amd64.
#5 82.72 Preparing to unpack .../175-libgsm1_1.0.24-1_amd64.deb ...
#5 82.72 Unpacking libgsm1:amd64 (1.0.24-1) ...
#5 82.75 Selecting previously unselected package libmpg123-0t64:amd64.
#5 82.75 Preparing to unpack .../176-libmpg123-0t64_1.33.7-1_amd64.deb ...
#5 82.75 Unpacking libmpg123-0t64:amd64 (1.33.7-1) ...
#5 82.78 Selecting previously unselected package libmp3lame0:amd64.
#5 82.78 Preparing to unpack .../177-libmp3lame0_4.0-1_amd64.deb ...
#5 82.78 Unpacking libmp3lame0:amd64 (4.0-1) ...
#5 82.82 Selecting previously unselected package libopenjp2-7:amd64.
#5 82.82 Preparing to unpack .../178-libopenjp2-7_2.5.4-1.1_amd64.deb ...
#5 82.82 Unpacking libopenjp2-7:amd64 (2.5.4-1.1) ...
#5 82.85 Selecting previously unselected package libopus0:amd64.
#5 82.86 Preparing to unpack .../179-libopus0_1.6.1-1+b1_amd64.deb ...
#5 82.86 Unpacking libopus0:amd64 (1.6.1-1+b1) ...
#5 82.97 Selecting previously unselected package librav1e0.8:amd64.
#5 82.98 Preparing to unpack .../180-librav1e0.8_0.8.1-11_amd64.deb ...
#5 82.98 Unpacking librav1e0.8:amd64 (0.8.1-11) ...
#5 83.04 Selecting previously unselected package libshine3:amd64.
#5 83.04 Preparing to unpack .../181-libshine3_3.1.1-4_amd64.deb ...
#5 83.04 Unpacking libshine3:amd64 (3.1.1-4) ...
#5 83.06 Selecting previously unselected package libsnappy1v5:amd64.
#5 83.06 Preparing to unpack .../182-libsnappy1v5_1.2.2-2+b2_amd64.deb ...
#5 83.07 Unpacking libsnappy1v5:amd64 (1.2.2-2+b2) ...
#5 83.09 Selecting previously unselected package libspeex1:amd64.
#5 83.09 Preparing to unpack .../183-libspeex1_1.2.1-3+b2_amd64.deb ...
#5 83.09 Unpacking libspeex1:amd64 (1.2.1-3+b2) ...
#5 83.12 Selecting previously unselected package libsvtav1enc4:amd64.
#5 83.12 Preparing to unpack .../184-libsvtav1enc4_4.1.0+dfsg-1_amd64.deb ...
#5 83.12 Unpacking libsvtav1enc4:amd64 (4.1.0+dfsg-1) ...
#5 83.22 Selecting previously unselected package libgomp1:amd64.
#5 83.22 Preparing to unpack .../185-libgomp1_16.2.0-1_amd64.deb ...
#5 83.22 Unpacking libgomp1:amd64 (16.2.0-1) ...
#5 83.25 Selecting previously unselected package libsoxr0:amd64.
#5 83.26 Preparing to unpack .../186-libsoxr0_0.1.3-4.1+b1_amd64.deb ...
#5 83.26 Unpacking libsoxr0:amd64 (0.1.3-4.1+b1) ...
#5 83.28 Selecting previously unselected package libswresample6:amd64.
#5 83.29 Preparing to unpack .../187-libswresample6_7%3a8.1.2-2+b3_amd64.deb ...
#5 83.29 Unpacking libswresample6:amd64 (7:8.1.2-2+b3) ...
#5 83.32 Selecting previously unselected package libtheoradec2:amd64.
#5 83.32 Preparing to unpack .../188-libtheoradec2_1.2.0+dfsg-6+b2_amd64.deb ...
#5 83.33 Unpacking libtheoradec2:amd64 (1.2.0+dfsg-6+b2) ...
#5 83.35 Selecting previously unselected package libogg0:amd64.
#5 83.36 Preparing to unpack .../189-libogg0_1.3.6-2+b1_amd64.deb ...
#5 83.36 Unpacking libogg0:amd64 (1.3.6-2+b1) ...
#5 83.38 Selecting previously unselected package libtheoraenc2:amd64.
#5 83.39 Preparing to unpack .../190-libtheoraenc2_1.2.0+dfsg-6+b2_amd64.deb ...
#5 83.39 Unpacking libtheoraenc2:amd64 (1.2.0+dfsg-6+b2) ...
#5 83.42 Selecting previously unselected package libtwolame0:amd64.
#5 83.42 Preparing to unpack .../191-libtwolame0_0.4.0-3_amd64.deb ...
#5 83.43 Unpacking libtwolame0:amd64 (0.4.0-3) ...
#5 83.45 Selecting previously unselected package libvorbis0a:amd64.
#5 83.46 Preparing to unpack .../192-libvorbis0a_1.3.7-3+b2_amd64.deb ...
#5 83.46 Unpacking libvorbis0a:amd64 (1.3.7-3+b2) ...
#5 83.49 Selecting previously unselected package libvorbisenc2:amd64.
#5 83.49 Preparing to unpack .../193-libvorbisenc2_1.3.7-3+b2_amd64.deb ...
#5 83.49 Unpacking libvorbisenc2:amd64 (1.3.7-3+b2) ...
#5 83.52 Selecting previously unselected package libvpx12:amd64.
#5 83.52 Preparing to unpack .../194-libvpx12_1.16.0-3_amd64.deb ...
#5 83.53 Unpacking libvpx12:amd64 (1.16.0-3) ...
#5 83.58 Selecting previously unselected package libwebp7:amd64.
#5 83.59 Preparing to unpack .../195-libwebp7_1.5.0-0.1+b2_amd64.deb ...
#5 83.59 Unpacking libwebp7:amd64 (1.5.0-0.1+b2) ...
#5 83.62 Selecting previously unselected package libwebpmux3:amd64.
#5 83.63 Preparing to unpack .../196-libwebpmux3_1.5.0-0.1+b2_amd64.deb ...
#5 83.63 Unpacking libwebpmux3:amd64 (1.5.0-0.1+b2) ...
#5 83.65 Selecting previously unselected package libx264-165:amd64.
#5 83.66 Preparing to unpack .../197-libx264-165_2%3a0.165.3223+git20250910.0480cb0-1_amd64.deb ...
#5 83.66 Unpacking libx264-165:amd64 (2:0.165.3223+git20250910.0480cb0-1) ...
#5 83.70 Selecting previously unselected package libnuma1:amd64.
#5 83.70 Preparing to unpack .../198-libnuma1_2.0.19-1+b2_amd64.deb ...
#5 83.71 Unpacking libnuma1:amd64 (2.0.19-1+b2) ...
#5 83.73 Selecting previously unselected package libx265-216:amd64.
#5 83.73 Preparing to unpack .../199-libx265-216_4.2-3_amd64.deb ...
#5 83.74 Unpacking libx265-216:amd64 (4.2-3) ...
#5 83.82 Selecting previously unselected package libxvidcore4:amd64.
#5 83.82 Preparing to unpack .../200-libxvidcore4_2%3a1.3.7-3+b2_amd64.deb ...
#5 83.82 Unpacking libxvidcore4:amd64 (2:1.3.7-3+b2) ...
#5 83.85 Selecting previously unselected package libzvbi-common.
#5 83.85 Preparing to unpack .../201-libzvbi-common_0.2.45-1_all.deb ...
#5 83.85 Unpacking libzvbi-common (0.2.45-1) ...
#5 83.88 Selecting previously unselected package libzvbi0t64:amd64.
#5 83.88 Preparing to unpack .../202-libzvbi0t64_0.2.45-1_amd64.deb ...
#5 83.88 Unpacking libzvbi0t64:amd64 (0.2.45-1) ...
#5 83.92 Selecting previously unselected package libavcodec62:amd64.
#5 83.92 Preparing to unpack .../203-libavcodec62_7%3a8.1.2-2+b3_amd64.deb ...
#5 83.92 Unpacking libavcodec62:amd64 (7:8.1.2-2+b3) ...
#5 84.15 Selecting previously unselected package libswscale9:amd64.
#5 84.15 Preparing to unpack .../204-libswscale9_7%3a8.1.2-2+b3_amd64.deb ...
#5 84.16 Unpacking libswscale9:amd64 (7:8.1.2-2+b3) ...
#5 84.27 Selecting previously unselected package liburiparser1:amd64.
#5 84.28 Preparing to unpack .../205-liburiparser1_1.0.1+dfsg-1_amd64.deb ...
#5 84.28 Unpacking liburiparser1:amd64 (1.0.1+dfsg-1) ...
#5 84.30 Selecting previously unselected package libwinpr3-3:amd64.
#5 84.31 Preparing to unpack .../206-libwinpr3-3_3.31.0+dfsg-1_amd64.deb ...
#5 84.31 Unpacking libwinpr3-3:amd64 (3.31.0+dfsg-1) ...
#5 84.34 Selecting previously unselected package libxkbfile1:amd64.
#5 84.35 Preparing to unpack .../207-libxkbfile1_1%3a1.1.0-1+b5_amd64.deb ...
#5 84.35 Unpacking libxkbfile1:amd64 (1:1.1.0-1+b5) ...
#5 84.38 Selecting previously unselected package libfreerdp3-3:amd64.
#5 84.38 Preparing to unpack .../208-libfreerdp3-3_3.31.0+dfsg-1_amd64.deb ...
#5 84.39 Unpacking libfreerdp3-3:amd64 (3.31.0+dfsg-1) ...
#5 84.43 Selecting previously unselected package libgpg-error0:amd64.
#5 84.44 Preparing to unpack .../209-libgpg-error0_1.61-5_amd64.deb ...
#5 84.44 Unpacking libgpg-error0:amd64 (1.61-5) ...
#5 84.46 Selecting previously unselected package libgcrypt20:amd64.
#5 84.47 Preparing to unpack .../210-libgcrypt20_1.12.2-1_amd64.deb ...
#5 84.47 Unpacking libgcrypt20:amd64 (1.12.2-1) ...
#5 84.51 Selecting previously unselected package libidn12:amd64.
#5 84.52 Preparing to unpack .../211-libidn12_1.44-1_amd64.deb ...
#5 84.52 Unpacking libidn12:amd64 (1.44-1) ...
#5 84.54 Selecting previously unselected package libhashkit2t64:amd64.
#5 84.55 Preparing to unpack .../212-libhashkit2t64_1.1.4-1.2_amd64.deb ...
#5 84.55 Unpacking libhashkit2t64:amd64 (1.1.4-1.2) ...
#5 84.57 Selecting previously unselected package libmemcached11t64:amd64.
#5 84.58 Preparing to unpack .../213-libmemcached11t64_1.1.4-1.2_amd64.deb ...
#5 84.58 Unpacking libmemcached11t64:amd64 (1.1.4-1.2) ...
#5 84.61 Selecting previously unselected package libmongocrypt0:amd64.
#5 84.61 Preparing to unpack .../214-libmongocrypt0_1.20.2-1_amd64.deb ...
#5 84.61 Unpacking libmongocrypt0:amd64 (1.20.2-1) ...
#5 84.66 Selecting previously unselected package libutf8proc3:amd64.
#5 84.67 Preparing to unpack .../215-libutf8proc3_2.11.3-2_amd64.deb ...
#5 84.67 Unpacking libutf8proc3:amd64 (2.11.3-2) ...
#5 84.70 Selecting previously unselected package libmongoc2-2.
#5 84.70 Preparing to unpack .../216-libmongoc2-2_2.5.0-1_amd64.deb ...
#5 84.70 Unpacking libmongoc2-2 (2.5.0-1) ...
#5 84.74 Selecting previously unselected package libpq5:amd64.
#5 84.74 Preparing to unpack .../217-libpq5_18.6-3_amd64.deb ...
#5 84.74 Unpacking libpq5:amd64 (18.6-3) ...
#5 84.78 Selecting previously unselected package libcbor0.10:amd64.
#5 84.78 Preparing to unpack .../218-libcbor0.10_0.10.2-2.2_amd64.deb ...
#5 84.79 Unpacking libcbor0.10:amd64 (0.10.2-2.2) ...
#5 84.81 Selecting previously unselected package libfido2-1:amd64.
#5 84.81 Preparing to unpack .../219-libfido2-1_1.17.0-2_amd64.deb ...
#5 84.82 Unpacking libfido2-1:amd64 (1.17.0-2) ...
#5 84.84 Selecting previously unselected package libssh-4:amd64.
#5 84.85 Preparing to unpack .../220-libssh-4_0.12.2-1_amd64.deb ...
#5 84.85 Unpacking libssh-4:amd64 (0.12.2-1) ...
#5 84.88 Selecting previously unselected package libaprutil1t64:amd64.
#5 84.88 Preparing to unpack .../221-libaprutil1t64_1.6.4-2_amd64.deb ...
#5 84.89 Unpacking libaprutil1t64:amd64 (1.6.4-2) ...
#5 84.91 Selecting previously unselected package libserf-1-1:amd64.
#5 84.92 Preparing to unpack .../222-libserf-1-1_1.3.10-4_amd64.deb ...
#5 84.92 Unpacking libserf-1-1:amd64 (1.3.10-4) ...
#5 84.95 Selecting previously unselected package libsvn1:amd64.
#5 84.95 Preparing to unpack .../223-libsvn1_1.14.5-6+b1_amd64.deb ...
#5 84.95 Unpacking libsvn1:amd64 (1.14.5-6+b1) ...
#5 85.02 Selecting previously unselected package libsybdb5:amd64.
#5 85.03 Preparing to unpack .../224-libsybdb5_1.5.5+ds-1+b2_amd64.deb ...
#5 85.03 Unpacking libsybdb5:amd64 (1.5.5+ds-1+b2) ...
#5 85.06 Selecting previously unselected package hydra.
#5 85.06 Preparing to unpack .../225-hydra_9.7-1_amd64.deb ...
#5 85.06 Unpacking hydra (9.7-1) ...
#5 85.09 Selecting previously unselected package keyutils.
#5 85.10 Preparing to unpack .../226-keyutils_1.6.3-6+b2_amd64.deb ...
#5 85.10 Unpacking keyutils (1.6.3-6+b2) ...
#5 85.12 Selecting previously unselected package libblas3:amd64.
#5 85.13 Preparing to unpack .../227-libblas3_3.12.1-8_amd64.deb ...
#5 85.13 Unpacking libblas3:amd64 (3.12.1-8) ...
#5 85.16 Selecting previously unselected package libdigest-perl-md5-perl.
#5 85.16 Preparing to unpack .../228-libdigest-perl-md5-perl_1.91-1_all.deb ...
#5 85.17 Unpacking libdigest-perl-md5-perl (1.91-1) ...
#5 85.19 Selecting previously unselected package libevent-core-2.1-7t64:amd64.
#5 85.19 Preparing to unpack .../229-libevent-core-2.1-7t64_2.1.13-stable-1_amd64.deb ...
#5 85.19 Unpacking libevent-core-2.1-7t64:amd64 (2.1.13-stable-1) ...
#5 85.22 Selecting previously unselected package perl-openssl-defaults:amd64.
#5 85.22 Preparing to unpack .../230-perl-openssl-defaults_7+b2_amd64.deb ...
#5 85.22 Unpacking perl-openssl-defaults:amd64 (7+b2) ...
#5 85.24 Selecting previously unselected package libnet-ssleay-perl:amd64.
#5 85.25 Preparing to unpack .../231-libnet-ssleay-perl_1.96-1+b1_amd64.deb ...
#5 85.25 Unpacking libnet-ssleay-perl:amd64 (1.96-1+b1) ...
#5 85.28 Selecting previously unselected package libio-socket-ssl-perl.
#5 85.28 Preparing to unpack .../232-libio-socket-ssl-perl_2.099-1_all.deb ...
#5 85.29 Unpacking libio-socket-ssl-perl (2.099-1) ...
#5 85.31 Selecting previously unselected package libjson-perl.
#5 85.31 Preparing to unpack .../233-libjson-perl_4.10000-1_all.deb ...
#5 85.32 Unpacking libjson-perl (4.10000-1) ...
#5 85.34 Selecting previously unselected package liblinear4:amd64.
#5 85.34 Preparing to unpack .../234-liblinear4_2.3.0+dfsg-5+b3_amd64.deb ...
#5 85.35 Unpacking liblinear4:amd64 (2.3.0+dfsg-5+b3) ...
#5 85.37 Selecting previously unselected package liblua5.4-0:amd64.
#5 85.38 Preparing to unpack .../235-liblua5.4-0_5.4.8-2_amd64.deb ...
#5 85.38 Unpacking liblua5.4-0:amd64 (5.4.8-2) ...
#5 85.41 Selecting previously unselected package liblzf1:amd64.
#5 85.41 Preparing to unpack .../236-liblzf1_3.6-4+b4_amd64.deb ...
#5 85.41 Unpacking liblzf1:amd64 (3.6-4+b4) ...
#5 85.43 Selecting previously unselected package libmagic-mgc.
#5 85.43 Preparing to unpack .../237-libmagic-mgc_1%3a5.47-4_amd64.deb ...
#5 85.44 Unpacking libmagic-mgc (1:5.47-4) ...
#5 85.49 Selecting previously unselected package libmagic1t64:amd64.
#5 85.49 Preparing to unpack .../238-libmagic1t64_1%3a5.47-4_amd64.deb ...
#5 85.50 Unpacking libmagic1t64:amd64 (1:5.47-4) ...
#5 85.52 Selecting previously unselected package libnfsidmap1:amd64.
#5 85.53 Preparing to unpack .../239-libnfsidmap1_1%3a2.9.2-1_amd64.deb ...
#5 85.53 Unpacking libnfsidmap1:amd64 (1:2.9.2-1) ...
#5 85.55 Selecting previously unselected package libnl-3-200:amd64.
#5 85.56 Preparing to unpack .../240-libnl-3-200_3.12.0-2+b1_amd64.deb ...
#5 85.56 Unpacking libnl-3-200:amd64 (3.12.0-2+b1) ...
#5 85.58 Selecting previously unselected package libnl-genl-3-200:amd64.
#5 85.59 Preparing to unpack .../241-libnl-genl-3-200_3.12.0-2+b1_amd64.deb ...
#5 85.59 Unpacking libnl-genl-3-200:amd64 (3.12.0-2+b1) ...
#5 85.62 Selecting previously unselected package libnl-route-3-200:amd64.
#5 85.62 Preparing to unpack .../242-libnl-route-3-200_3.12.0-2+b1_amd64.deb ...
#5 85.62 Unpacking libnl-route-3-200:amd64 (3.12.0-2+b1) ...
#5 85.65 Selecting previously unselected package libpcap0.8t64:amd64.
#5 85.65 Preparing to unpack .../243-libpcap0.8t64_1.10.6-2_amd64.deb ...
#5 85.66 Unpacking libpcap0.8t64:amd64 (1.10.6-2) ...
#5 85.68 Selecting previously unselected package pci.ids.
#5 85.68 Preparing to unpack .../244-pci.ids_0.0~2026.07.21-1_all.deb ...
#5 85.69 Unpacking pci.ids (0.0~2026.07.21-1) ...
#5 85.72 Selecting previously unselected package libpci3:amd64.
#5 85.72 Preparing to unpack .../245-libpci3_1%3a3.15.0-2_amd64.deb ...
#5 85.72 Unpacking libpci3:amd64 (1:3.15.0-2) ...
#5 85.75 Selecting previously unselected package rubygems-integration.
#5 85.75 Preparing to unpack .../246-rubygems-integration_1.20.1_all.deb ...
#5 85.75 Unpacking rubygems-integration (1.20.1) ...
#5 85.77 Selecting previously unselected package ruby3.3.
#5 85.78 Preparing to unpack .../247-ruby3.3_3.3.8-2.2_amd64.deb ...
#5 85.78 Unpacking ruby3.3 (3.3.8-2.2) ...
#5 85.80 Selecting previously unselected package ruby-rubygems.
#5 85.81 Preparing to unpack .../248-ruby-rubygems_4.0.18-1_all.deb ...
#5 85.81 Unpacking ruby-rubygems (4.0.18-1) ...
#5 85.86 Selecting previously unselected package ruby.
#5 85.86 Preparing to unpack .../249-ruby_1%3a3.3+b1_amd64.deb ...
#5 85.86 Unpacking ruby (1:3.3+b1) ...
#5 85.88 Selecting previously unselected package rake.
#5 85.89 Preparing to unpack .../250-rake_13.4.2-1_all.deb ...
#5 85.89 Unpacking rake (13.4.2-1) ...
#5 85.92 Selecting previously unselected package ruby-csv.
#5 85.93 Preparing to unpack .../251-ruby-csv_3.3.5-1_all.deb ...
#5 85.93 Unpacking ruby-csv (3.3.5-1) ...
#5 85.95 Selecting previously unselected package ruby-did-you-mean.
#5 85.95 Preparing to unpack .../252-ruby-did-you-mean_2.0.0-1_all.deb ...
#5 85.96 Unpacking ruby-did-you-mean (2.0.0-1) ...
#5 85.98 Selecting previously unselected package ruby-net-telnet.
#5 85.98 Preparing to unpack .../253-ruby-net-telnet_0.2.0-1_all.deb ...
#5 85.98 Unpacking ruby-net-telnet (0.2.0-1) ...
#5 86.01 Selecting previously unselected package ruby-ruby2-keywords.
#5 86.01 Preparing to unpack .../254-ruby-ruby2-keywords_0.0.5-1_all.deb ...
#5 86.01 Unpacking ruby-ruby2-keywords (0.0.5-1) ...
#5 86.03 Selecting previously unselected package ruby-webrick.
#5 86.04 Preparing to unpack .../255-ruby-webrick_1.9.2-2_all.deb ...
#5 86.04 Unpacking ruby-webrick (1.9.2-2) ...
#5 86.06 Selecting previously unselected package ruby-xmlrpc.
#5 86.07 Preparing to unpack .../256-ruby-xmlrpc_0.3.3-2_all.deb ...
#5 86.07 Unpacking ruby-xmlrpc (0.3.3-2) ...
#5 86.09 Selecting previously unselected package libyaml-0-2:amd64.
#5 86.09 Preparing to unpack .../257-libyaml-0-2_0.2.5-2+b1_amd64.deb ...
#5 86.10 Unpacking libyaml-0-2:amd64 (0.2.5-2+b1) ...
#5 86.12 Selecting previously unselected package libruby3.3:amd64.
#5 86.13 Preparing to unpack .../258-libruby3.3_3.3.8-2.2_amd64.deb ...
#5 86.13 Unpacking libruby3.3:amd64 (3.3.8-2.2) ...
#5 86.42 Selecting previously unselected package libruby:amd64.
#5 86.42 Preparing to unpack .../259-libruby_1%3a3.3+b1_amd64.deb ...
#5 86.43 Unpacking libruby:amd64 (1:3.3+b1) ...
#5 86.45 Selecting previously unselected package libsensors-config.
#5 86.45 Preparing to unpack .../260-libsensors-config_1%3a3.6.2-2_all.deb ...
#5 86.45 Unpacking libsensors-config (1:3.6.2-2) ...
#5 86.47 Selecting previously unselected package libsensors5:amd64.
#5 86.48 Preparing to unpack .../261-libsensors5_1%3a3.6.2-2+b2_amd64.deb ...
#5 86.48 Unpacking libsensors5:amd64 (1:3.6.2-2+b2) ...
#5 86.50 Selecting previously unselected package libsnmp-base.
#5 86.51 Preparing to unpack .../262-libsnmp-base_5.9.5.2+dfsg-2.1_all.deb ...
#5 86.51 Unpacking libsnmp-base (5.9.5.2+dfsg-2.1) ...
#5 86.55 Selecting previously unselected package libsnmp45:amd64.
#5 86.55 Preparing to unpack .../263-libsnmp45_5.9.5.2+dfsg-2.1+b2_amd64.deb ...
#5 86.55 Unpacking libsnmp45:amd64 (5.9.5.2+dfsg-2.1+b2) ...
#5 86.62 Selecting previously unselected package libwhisker2-perl.
#5 86.62 Preparing to unpack .../264-libwhisker2-perl_2.5-1.3_all.deb ...
#5 86.62 Unpacking libwhisker2-perl (2.5-1.3) ...
#5 86.64 Selecting previously unselected package libxml-namespacesupport-perl.
#5 86.65 Preparing to unpack .../265-libxml-namespacesupport-perl_1.12-2_all.deb ...
#5 86.65 Unpacking libxml-namespacesupport-perl (1.12-2) ...
#5 86.67 Selecting previously unselected package libxml-sax-base-perl.
#5 86.67 Preparing to unpack .../266-libxml-sax-base-perl_1.09-3_all.deb ...
#5 86.68 Unpacking libxml-sax-base-perl (1.09-3) ...
#5 86.70 Selecting previously unselected package libxml-sax-perl.
#5 86.71 Preparing to unpack .../267-libxml-sax-perl_1.02+dfsg-5_all.deb ...
#5 86.71 Unpacking libxml-sax-perl (1.02+dfsg-5) ...
#5 86.74 Selecting previously unselected package libxml-libxml-perl.
#5 86.74 Preparing to unpack .../268-libxml-libxml-perl_2.0207+dfsg+really+2.0134-8+b1_amd64.deb ...
#5 86.74 Unpacking libxml-libxml-perl (2.0207+dfsg+really+2.0134-8+b1) ...
#5 86.78 Selecting previously unselected package libxml-writer-perl.
#5 86.78 Preparing to unpack .../269-libxml-writer-perl_0.900-2_all.deb ...
#5 86.78 Unpacking libxml-writer-perl (0.900-2) ...
#5 86.80 Selecting previously unselected package nbtscan.
#5 86.81 Preparing to unpack .../270-nbtscan_1.7.2-3_amd64.deb ...
#5 86.81 Unpacking nbtscan (1.7.2-3) ...
#5 86.84 Selecting previously unselected package nfs-common.
#5 86.84 Preparing to unpack .../271-nfs-common_1%3a2.9.2-1_amd64.deb ...
#5 86.85 Unpacking nfs-common (1:2.9.2-1) ...
#5 86.88 Selecting previously unselected package nikto.
#5 86.88 Preparing to unpack .../272-nikto_1%3a2.6.1-0kali1_all.deb ...
#5 86.88 Unpacking nikto (1:2.6.1-0kali1) ...
#5 86.92 Selecting previously unselected package nmap-common.
#5 86.92 Preparing to unpack .../273-nmap-common_7.99+dfsg-1kali1_all.deb ...
#5 86.92 Unpacking nmap-common (7.99+dfsg-1kali1) ...
#5 87.12 Selecting previously unselected package nmap.
#5 87.12 Preparing to unpack .../274-nmap_7.99+dfsg-1kali1_amd64.deb ...
#5 87.13 Unpacking nmap (7.99+dfsg-1kali1) ...
#5 87.20 Selecting previously unselected package postgresql-client-common.
#5 87.20 Preparing to unpack .../275-postgresql-client-common_290_all.deb ...
#5 87.21 Unpacking postgresql-client-common (290) ...
#5 87.24 Selecting previously unselected package postgresql-client-18.
#5 87.24 Preparing to unpack .../276-postgresql-client-18_18.6-3_amd64.deb ...
#5 87.24 Unpacking postgresql-client-18 (18.6-3) ...
#5 87.33 Selecting previously unselected package postgresql-client.
#5 87.33 Preparing to unpack .../277-postgresql-client_18+290_all.deb ...
#5 87.34 Unpacking postgresql-client (18+290) ...
#5 87.36 Selecting previously unselected package publicsuffix.
#5 87.36 Preparing to unpack .../278-publicsuffix_20260725.1419-1_all.deb ...
#5 87.36 Unpacking publicsuffix (20260725.1419-1) ...
#5 87.39 Selecting previously unselected package python-is-python3.
#5 87.39 Preparing to unpack .../279-python-is-python3_3.13.3-1_all.deb ...
#5 87.40 Unpacking python-is-python3 (3.13.3-1) ...
#5 87.42 Selecting previously unselected package python3-magic.
#5 87.42 Preparing to unpack .../280-python3-magic_2%3a0.4.27-6_all.deb ...
#5 87.43 Unpacking python3-magic (2:0.4.27-6) ...
#5 87.49 Selecting previously unselected package redis-tools.
#5 87.50 Preparing to unpack .../281-redis-tools_5%3a8.0.6-2_amd64.deb ...
#5 87.50 Unpacking redis-tools (5:8.0.6-2) ...
#5 87.56 Selecting previously unselected package ruby-public-suffix.
#5 87.57 Preparing to unpack .../282-ruby-public-suffix_7.0.5-1_all.deb ...
#5 87.57 Unpacking ruby-public-suffix (7.0.5-1) ...
#5 87.59 Selecting previously unselected package ruby-addressable.
#5 87.60 Preparing to unpack .../283-ruby-addressable_2.9.0-1_all.deb ...
#5 87.60 Unpacking ruby-addressable (2.9.0-1) ...
#5 87.63 Selecting previously unselected package ruby-ipaddress.
#5 87.63 Preparing to unpack .../284-ruby-ipaddress_0.8.3-6_all.deb ...
#5 87.63 Unpacking ruby-ipaddress (0.8.3-6) ...
#5 87.66 Selecting previously unselected package snmp.
#5 87.66 Preparing to unpack .../285-snmp_5.9.5.2+dfsg-2.1+b2_amd64.deb ...
#5 87.67 Unpacking snmp (5.9.5.2+dfsg-2.1+b2) ...
#5 87.69 Selecting previously unselected package sqlmap.
#5 87.70 Preparing to unpack .../286-sqlmap_1.10.8-1_all.deb ...
#5 87.70 Unpacking sqlmap (1.10.8-1) ...
#5 87.82 Selecting previously unselected package telnet.
#5 87.82 Preparing to unpack .../287-telnet_0.17+2.8-3_all.deb ...
#5 87.83 Unpacking telnet (0.17+2.8-3) ...
#5 87.85 Selecting previously unselected package whatweb.
#5 87.86 Preparing to unpack .../288-whatweb_0.6.4-1_all.deb ...
#5 87.86 Unpacking whatweb (0.6.4-1) ...
#5 88.08 Selecting previously unselected package whois.
#5 88.08 Preparing to unpack .../289-whois_5.6.6_amd64.deb ...
#5 88.09 Unpacking whois (5.6.6) ...
#5 88.12 Setting up libhwy1t64:amd64 (1.3.0-5.1) ...
#5 88.13 Setting up media-types (14.0.0) ...
#5 88.14 Setting up liblmdb0:amd64 (0.9.35-1) ...
#5 88.15 Setting up libgraphite2-3:amd64 (1.3.15-2) ...
#5 88.15 Setting up liblcms2-2:amd64 (2.19.1-1) ...
#5 88.16 Setting up libpixman-1-0:amd64 (0.46.4-1+b2) ...
#5 88.17 Setting up libtext-charwidth-perl:amd64 (0.04-12+b1) ...
#5 88.17 Setting up libsharpyuv0:amd64 (1.5.0-0.1+b2) ...
#5 88.18 Setting up liburcu8t64:amd64 (0.15.6-1+b1) ...
#5 88.19 Setting up libaom3:amd64 (3.14.1-1) ...
#5 88.19 Setting up mysql-common (5.8+1.1.1) ...
#5 88.21 update-alternatives: using /etc/mysql/my.cnf.fallback to provide /etc/mysql/my.cnf (my.cnf) in auto mode
#5 88.21 Setting up libxau6:amd64 (1:1.0.11-1+b2) ...
#5 88.22 Setting up libxdmcp6:amd64 (1:1.1.5-2+b1) ...
#5 88.23 Setting up libkeyutils1:amd64 (1.6.3-6+b2) ...
#5 88.23 Setting up pci.ids (0.0~2026.07.21-1) ...
#5 88.24 Setting up libxcb1:amd64 (1.17.0-2+b2) ...
#5 88.25 Setting up ruby-ruby2-keywords (0.0.5-1) ...
#5 88.25 Setting up libogg0:amd64 (1.3.6-2+b1) ...
#5 88.26 Setting up libspeex1:amd64 (1.2.1-3+b2) ...
#5 88.26 Setting up libgdbm6t64:amd64 (1.26-1+b2) ...
#5 88.27 Setting up libshine3:amd64 (3.1.1-4) ...
#5 88.28 Setting up libvpl2 (1:2.16.0-1) ...
#5 88.29 Setting up libtwolame0:amd64 (0.4.0-3) ...
#5 88.29 Setting up libgpg-error0:amd64 (1.61-5) ...
#5 88.30 Setting up netcat-traditional (1.10-50.1) ...
#5 88.31 update-alternatives: using /bin/nc.traditional to provide /bin/nc (nc) in auto mode
#5 88.31 Setting up libdatrie1:amd64 (0.2.14-2) ...
#5 88.32 Setting up libgdbm-compat4t64:amd64 (1.26-1+b2) ...
#5 88.32 Setting up finger (0.17-17) ...
#5 88.33 Setting up libmagic-mgc (1:5.47-4) ...
#5 88.34 Setting up libutf8proc3:amd64 (2.11.3-2) ...
#5 88.34 Setting up libgsm1:amd64 (1.0.24-1) ...
#5 88.35 Setting up libxcb-render0:amd64 (1.17.0-2+b2) ...
#5 88.35 Setting up libcbor0.10:amd64 (0.10.2-2.2) ...
#5 88.36 Setting up libx264-165:amd64 (2:0.165.3223+git20250910.0480cb0-1) ...
#5 88.37 Setting up libtommath1:amd64 (1.3.0-1+b2) ...
#5 88.37 Setting up libyaml-0-2:amd64 (0.2.5-2+b1) ...
#5 88.38 Setting up libxml2-16:amd64 (2.15.3+dfsg-1+b1) ...
#5 88.39 Setting up libsnmp-base (5.9.5.2+dfsg-2.1) ...
#5 88.39 Setting up libtdb1:amd64 (2:1.4.15+samba4.24.5+dfsg-1) ...
#5 88.40 Setting up libtirpc-common (1.3.7+ds-1) ...
#5 88.41 Setting up libcodec2-1.2:amd64 (1.2.0-5) ...
#5 88.42 Setting up libmaxminddb0:amd64 (1.13.3-1) ...
#5 88.42 Setting up libbrotli1:amd64 (1.2.0-4+b1) ...
#5 88.43 Setting up libfstrm0:amd64 (0.6.1-1+b4) ...
#5 88.44 Setting up libedit2:amd64 (3.1-20260512-1) ...
#5 88.44 Setting up libsqlite3-0:amd64 (3.53.4-2) ...
#5 88.45 Setting up libgdk-pixbuf2.0-common (2.44.7+dfsg-1) ...
#5 88.46 Setting up libuv1t64:amd64 (1.52.1-4) ...
#5 88.46 Setting up libmagic1t64:amd64 (1:5.47-4) ...
#5 88.47 Setting up libsensors-config (1:3.6.2-2) ...
#5 88.48 Setting up libnghttp2-14:amd64 (1.70.0-1) ...
#5 88.49 Setting up perl-openssl-defaults:amd64 (7+b2) ...
#5 88.50 Setting up libgcrypt20:amd64 (1.12.2-1) ...
#5 88.50 Setting up firebird4.0-common-doc (4.0.7.3271.ds6-1) ...
#5 88.51 Setting up libxcb-shm0:amd64 (1.17.0-2+b2) ...
#5 88.52 Setting up libcom-err2:amd64 (1.47.4-1+b1) ...
#5 88.52 Setting up libjemalloc2:amd64 (5.3.1-2) ...
#5 88.53 Setting up libmpg123-0t64:amd64 (1.33.7-1) ...
#5 88.54 Setting up libgomp1:amd64 (16.2.0-1) ...
#5 88.54 Setting up libxvidcore4:amd64 (2:1.3.7-3+b2) ...
#5 88.55 Setting up libtext-wrapi18n-perl (0.06-11) ...
#5 88.56 Setting up libprotobuf-c1:amd64 (1.5.1-1+b2) ...
#5 88.56 Setting up libwbclient0:amd64 (2:4.24.5+dfsg-1) ...
#5 88.57 Setting up libcap2:amd64 (1:2.78-1+b1) ...
#5 88.58 Setting up libtheoraenc2:amd64 (1.2.0+dfsg-6+b2) ...
#5 88.58 Setting up libjansson4:amd64 (2.15.1-1) ...
#5 88.59 Setting up libsnappy1v5:amd64 (1.2.2-2+b2) ...
#5 88.59 Setting up libkrb5support0:amd64 (1.22.1-3) ...
#5 88.60 Setting up librav1e0.8:amd64 (0.8.1-11) ...
#5 88.61 Setting up libsasl2-modules-db:amd64 (2.1.28+dfsg1-11) ...
#5 88.61 Setting up libicu78:amd64 (78.3-2) ...
#5 88.62 Setting up libtalloc2:amd64 (2:2.4.4+samba4.24.5+dfsg-1) ...
#5 88.63 Setting up mariadb-common (1:11.8.8-1) ...
#5 88.63 update-alternatives: using /etc/mysql/mariadb.cnf to provide /etc/mysql/my.cnf (my.cnf) in auto mode
#5 88.64 Setting up libvpx12:amd64 (1.16.0-3) ...
#5 88.65 Setting up libblas3:amd64 (3.12.1-8) ...
#5 88.66 update-alternatives: using /usr/lib/x86_64-linux-gnu/blas/libblas.so.3 to provide /usr/lib/x86_64-linux-gnu/libblas.so.3 (libblas.so.3-x86_64-linux-gnu) in auto mode
#5 88.66 Setting up libva2:amd64 (2.24.1-2) ...
#5 88.67 Setting up libproc2-1:amd64 (2:4.0.6-3) ...
#5 88.67 Setting up libwrap0:amd64 (7.6.q-37) ...
#5 88.68 Setting up libx11-data (2:1.8.13-1) ...
#5 88.69 Setting up libavahi-common-data:amd64 (0.8-18) ...
#5 88.70 Setting up libncurses6:amd64 (6.6+20260608-2) ...
#5 88.71 Setting up libdbus-1-3:amd64 (1.16.2-5+b1) ...
#5 88.72 Setting up ruby-net-telnet (0.2.0-1) ...
#5 88.72 Setting up liblzf1:amd64 (3.6-4+b4) ...
#5 88.73 Setting up libfribidi0:amd64 (1.0.16-5+b1) ...
#5 88.73 Setting up libopus0:amd64 (1.6.1-1+b1) ...
#5 88.74 Setting up ruby-csv (3.3.5-1) ...
#5 88.75 Setting up libunistring5:amd64 (1.4.2-1) ...
#5 88.75 Setting up fonts-dejavu-mono (2.37-9) ...
#5 88.77 Setting up libpng16-16t64:amd64 (1.6.58-1) ...
#5 88.78 Setting up libatomic1:amd64 (16.2.0-1) ...
#5 88.78 Setting up libvorbis0a:amd64 (1.3.7-3+b2) ...
#5 88.79 Setting up libidn12:amd64 (1.44-1) ...
#5 88.80 Setting up libmariadb3:amd64 (1:11.8.8-1) ...
#5 88.80 Setting up fonts-dejavu-core (2.37-9) ...
#5 88.84 Setting up libsensors5:amd64 (1:3.6.2-2+b2) ...
#5 88.85 Setting up libncursesw6:amd64 (6.6+20260608-2) ...
#5 88.85 Setting up libk5crypto3:amd64 (1.22.1-3) ...
#5 88.86 Setting up libsvtav1enc4:amd64 (4.1.0+dfsg-1) ...
#5 88.86 Setting up libsasl2-2:amd64 (2.1.28+dfsg1-11) ...
#5 88.87 Setting up libnghttp3-9:amd64 (1.17.0-1) ...
#5 88.88 Setting up nbtscan (1.7.2-3) ...
#5 88.88 Setting up libwebp7:amd64 (1.5.0-0.1+b2) ...
#5 88.89 Setting up ruby-webrick (1.9.2-2) ...
#5 88.90 Setting up libpci3:amd64 (1:3.15.0-2) ...
#5 88.90 Setting up liburiparser1:amd64 (1.0.1+dfsg-1) ...
#5 88.91 Setting up libffi8:amd64 (3.7.1-2) ...
#5 88.92 Setting up libnuma1:amd64 (2.0.19-1+b2) ...
#5 88.92 Setting up libpcre2-posix3:amd64 (10.46-1+b2) ...
#5 88.93 Setting up keyutils (1.6.3-6+b2) ...
#5 88.94 Setting up ruby-ipaddress (0.8.3-6) ...
#5 88.95 Setting up nmap-common (7.99+dfsg-1kali1) ...
#5 88.96 Setting up libdav1d7:amd64 (1.5.4-1) ...
#5 88.96 Setting up sensible-utils (0.0.26) ...
#5 88.97 Setting up ocl-icd-libopencl1:amd64 (2.3.4-1+b1) ...
#5 88.98 Setting up procps (2:4.0.6-3) ...
#5 89.00 Setting up libapr1t64:amd64 (1.7.6-3+b1) ...
#5 89.01 Setting up libnl-3-200:amd64 (3.12.0-2+b1) ...
#5 89.02 Setting up libhashkit2t64:amd64 (1.1.4-1.2) ...
#5 89.03 Setting up libtasn1-6:amd64 (4.21.0-2+b1) ...
#5 89.03 Setting up liblua5.4-0:amd64 (5.4.8-2) ...
#5 89.04 Setting up libopenjp2-7:amd64 (2.5.4-1.1) ...
#5 89.05 Setting up libpcap0.8t64:amd64 (1.10.6-2) ...
#5 89.05 Setting up libx11-6:amd64 (2:1.8.13-1) ...
#5 89.06 Setting up libthai-data (0.1.30-3) ...
#5 89.07 Setting up netbase (6.5) ...
#5 89.09 Setting up libngtcp2-16:amd64 (1.24.0-1) ...
#5 89.10 Setting up libx265-216:amd64 (4.2-3) ...
#5 89.10 Setting up libkrb5-3:amd64 (1.22.1-3) ...
#5 89.11 Setting up libevent-core-2.1-7t64:amd64 (2.1.13-stable-1) ...
#5 89.12 Setting up libxkbfile1:amd64 (1:1.1.0-1+b5) ...
#5 89.12 Setting up tnftp (20260211-2) ...
#5 89.13 update-alternatives: using /usr/bin/tnftp to provide /usr/bin/ftp (ftp) in auto mode
#5 89.14 Setting up libssh2-1t64:amd64 (1.11.1-6) ...
#5 89.14 Setting up freetds-common (1.5.5+ds-1) ...
#5 89.15 Setting up ruby-did-you-mean (2.0.0-1) ...
#5 89.16 Setting up liburing2:amd64 (2.15-1) ...
#5 89.17 Setting up gobuster (3.8.2-1) ...
#5 89.17 Setting up perl-modules-5.42 (5.42.2-3) ...
#5 89.18 Setting up libfido2-1:amd64 (1.17.0-2) ...
#5 89.19 Setting up libde265-0:amd64 (1.1.1-1) ...
#5 89.20 Setting up openssl (3.6.3-1) ...
#5 89.21 Setting up libwebpmux3:amd64 (1.5.0-0.1+b2) ...
#5 89.21 Setting up libdrm-common (2.4.134-3) ...
#5 89.22 Setting up libarchive13t64:amd64 (3.8.9-1) ...
#5 89.23 Setting up libjxl0.11:amd64 (0.11.2-5) ...
#5 89.24 Setting up libjson-c5:amd64 (0.19+ds-1) ...
#5 89.25 Setting up readline-common (8.3-4) ...
#5 89.26 Setting up ruby-xmlrpc (0.3.3-2) ...
#5 89.26 Setting up publicsuffix (20260725.1419-1) ...
#5 89.27 Setting up libldap2:amd64 (2.6.14+dfsg-1) ...
#5 89.28 Setting up libbson2-2 (2.5.0-1) ...
#5 89.29 Setting up libzvbi-common (0.2.45-1) ...
#5 89.29 Setting up libmp3lame0:amd64 (4.0-1) ...
#5 89.30 Setting up libtevent0t64:amd64 (2:0.17.1+samba4.24.5+dfsg-1) ...
#5 89.31 Setting up libvorbisenc2:amd64 (1.3.7-3+b2) ...
#5 89.32 Setting up libpopt0:amd64 (1.19+dfsg-2+b2) ...
#5 89.32 Setting up libmongocrypt0:amd64 (1.20.2-1) ...
#5 89.34 Setting up libwinpr3-3:amd64 (3.31.0+dfsg-1) ...
#5 89.35 Setting up bubblewrap (0.11.2-2) ...
#5 89.36 Setting up libxcb-dri3-0:amd64 (1.17.0-2+b2) ...
#5 89.37 Setting up libaprutil1t64:amd64 (1.6.4-2) ...
#5 89.37 Setting up libx11-xcb1:amd64 (2:1.8.13-1) ...
#5 89.38 Setting up libnfsidmap1:amd64 (1:2.9.2-1) ...
#5 89.39 Setting up libmongoc2-2 (2.5.0-1) ...
#5 89.40 Setting up libzvbi0t64:amd64 (0.2.45-1) ...
#5 89.41 Setting up libxrender1:amd64 (1:0.9.12-1+b2) ...
#5 89.41 Setting up libsoxr0:amd64 (0.1.3-4.1+b1) ...
#5 89.42 Setting up fontconfig-config (2.17.1-5) ...
#5 89.47 debconf: unable to initialize frontend: Dialog
#5 89.47 debconf: (TERM is not set, so the dialog frontend is not usable.)
#5 89.47 debconf: falling back to frontend: Readline
#5 89.48 debconf: unable to initialize frontend: Readline
#5 89.48 debconf: (This frontend requires a controlling tty.)
#5 89.48 debconf: falling back to frontend: Teletype
#5 89.48 debconf: unable to initialize frontend: Teletype
#5 89.48 debconf: (This frontend requires a controlling tty.)
#5 89.48 debconf: falling back to frontend: Noninteractive
#5 89.51 Setting up ruby-public-suffix (7.0.5-1) ...
#5 89.51 Setting up libavahi-common3:amd64 (0.8-18) ...
#5 89.52 Setting up inetutils-telnet (2:2.8-3) ...
#5 89.53 update-alternatives: using /usr/bin/inetutils-telnet to provide /usr/bin/telnet (telnet) in auto mode
#5 89.53 Setting up libxext6:amd64 (2:1.3.4-1+b4) ...
#5 89.54 Setting up libmemcached11t64:amd64 (1.1.4-1.2) ...
#5 89.55 Setting up libidn2-0:amd64 (2.3.8-5) ...
#5 89.56 Setting up libperl5.42:amd64 (5.42.2-3) ...
#5 89.57 Setting up ldap-utils (2.6.14+dfsg-1) ...
#5 89.57 Setting up liblinear4:amd64 (2.3.0+dfsg-5+b3) ...
#5 89.58 Setting up libnl-route-3-200:amd64 (3.12.0-2+b1) ...
#5 89.59 Setting up mariadb-client-core (1:11.8.8-1) ...
#5 89.60 Setting up libthai0:amd64 (0.1.30-3) ...
#5 89.60 Setting up ca-certificates (20260601) ...
#5 89.64 debconf: unable to initialize frontend: Dialog
#5 89.64 debconf: (TERM is not set, so the dialog frontend is not usable.)
#5 89.64 debconf: falling back to frontend: Readline
#5 89.65 debconf: unable to initialize frontend: Readline
#5 89.65 debconf: (This frontend requires a controlling tty.)
#5 89.65 debconf: falling back to frontend: Teletype
#5 89.65 debconf: unable to initialize frontend: Teletype
#5 89.65 debconf: (This frontend requires a controlling tty.)
#5 89.65 debconf: falling back to frontend: Noninteractive
#5 89.95 Updating certificates in /etc/ssl/certs...
#5 90.35 121 added, 0 removed; done.
#5 90.37 Setting up perl (5.42.2-3) ...
#5 90.39 Setting up libglib2.0-0t64:amd64 (2.88.3-2) ...
#5 90.40 No schema files found: doing nothing.
#5 90.40 Setting up libfreetype6:amd64 (2.14.3+dfsg-2) ...
#5 90.41 Setting up libxfixes3:amd64 (1:6.0.0-2+b5) ...
#5 90.42 Setting up redis-tools (5:8.0.6-2) ...
#5 90.50 Setting up libxml-writer-perl (0.900-2) ...
#5 90.51 Setting up shared-mime-info (2.4-5+b3) ...
#5 91.87 Setting up libp11-kit0:amd64 (0.26.5-1) ...
#5 91.88 Setting up libgssapi-krb5-2:amd64 (1.22.1-3) ...
#5 91.89 Setting up firebird4.0-common (4.0.7.3271.ds6-1) ...
#5 91.93 Configuring /etc/firebird/4.0/service-port.conf to use port 3050
#5 91.95 Setting up ftp (20260211-2) ...
#5 91.96 Setting up ucf (3.0056) ...
#5 91.97 Setting up libngtcp2-crypto-ossl0:amd64 (1.24.0-1) ...
#5 91.97 Setting up libssh-4:amd64 (0.12.2-1) ...
#5 91.98 Setting up libreadline8t64:amd64 (8.3-4) ...
#5 91.99 Setting up libdrm2:amd64 (2.4.134-3) ...
#5 91.99 Setting up libva-drm2:amd64 (2.24.1-2) ...
#5 92.00 Setting up libvdpau1:amd64 (1.5-4+b1) ...
#5 92.01 Setting up libnl-genl-3-200:amd64 (3.12.0-2+b1) ...
#5 92.02 Setting up libjson-perl (4.10000-1) ...
#5 92.02 Setting up libharfbuzz0b:amd64 (12.3.2-2+b2) ...
#5 92.03 Setting up libsnmp45:amd64 (5.9.5.2+dfsg-2.1+b2) ...
#5 92.04 Setting up libfontconfig1:amd64 (2.17.1-5) ...
#5 92.04 Setting up libxml2-utils (2.15.3+dfsg-1+b1) ...
#5 92.05 Setting up libldb2:amd64 (2:2.11.0+samba4.24.5+dfsg-1) ...
#5 92.06 Setting up libva-x11-2:amd64 (2.24.1-2) ...
#5 92.06 Setting up libavahi-client3:amd64 (0.8-18) ...
#5 92.07 Setting up libnet-ssleay-perl:amd64 (1.96-1+b1) ...
#5 92.08 Setting up libgnutls30t64:amd64 (3.8.13-1) ...
#5 92.08 Setting up postgresql-client-common (290) ...
#5 92.10 Setting up ruby-addressable (2.9.0-1) ...
#5 92.10 Setting up fontconfig (2.17.1-5) ...
#5 92.11 Regenerating fonts cache... done.
#5 94.12 Setting up telnet (0.17+2.8-3) ...
#5 94.13 Setting up mariadb-client (1:11.8.8-1) ...
#5 94.14 Setting up whois (5.6.6) ...
#5 94.15 Setting up bind9-libs:amd64 (1:9.20.27-1) ...
#5 94.16 Setting up libtirpc3t64:amd64 (1.3.7+ds-1) ...
#5 94.16 Setting up libavutil60:amd64 (7:8.1.2-2+b3) ...
#5 94.17 Setting up libpython3.14-stdlib:amd64 (3.14.6-1) ...
#5 94.17 Setting up mariadb-client-compat (1:11.8.8-1) ...
#5 94.18 Setting up libpango-1.0-0:amd64 (1.58.0-1) ...
#5 94.19 Setting up libserf-1-1:amd64 (1.3.10-4) ...
#5 94.19 Setting up libpsl5t64:amd64 (0.23.3-1) ...
#5 94.20 Setting up libpq5:amd64 (18.6-3) ...
#5 94.21 Setting up libxml-namespacesupport-perl (1.12-2) ...
#5 94.22 Setting up libsybdb5:amd64 (1.5.5+ds-1+b2) ...
#5 94.22 Setting up rpcbind (1.2.7-1) ...
#5 94.28 update-rc.d: As per Kali policy, rpcbind init script is left disabled.
#5 94.30 invoke-rc.d: could not determine current runlevel
#5 94.30 invoke-rc.d: policy-rc.d denied execution of start.
#5 94.42 Setting up snmp (5.9.5.2+dfsg-2.1+b2) ...
#5 94.43 Setting up rubygems-integration (1.20.1) ...
#5 94.44 Setting up libwhisker2-perl (2.5-1.3) ...
#5 94.45 Setting up samba-common (2:4.24.5+dfsg-1) ...
#5 94.51 debconf: unable to initialize frontend: Dialog
#5 94.51 debconf: (TERM is not set, so the dialog frontend is not usable.)
#5 94.51 debconf: falling back to frontend: Readline
#5 94.51 debconf: unable to initialize frontend: Readline
#5 94.51 debconf: (This frontend requires a controlling tty.)
#5 94.51 debconf: falling back to frontend: Teletype
#5 94.52 debconf: unable to initialize frontend: Teletype
#5 94.52 debconf: (This frontend requires a controlling tty.)
#5 94.52 debconf: falling back to frontend: Noninteractive
#5 94.55 Creating config file /etc/samba/smb.conf with new version
#5 94.58 Setting up nmap (7.99+dfsg-1kali1) ...
#5 94.59 Setting up libfbclient2:amd64 (4.0.7.3271.ds6-1+b2) ...
#5 94.61 Setting up libcairo2:amd64 (1.18.4-3+b1) ...
#5 94.61 Setting up nfs-common (1:2.9.2-1) ...
#5 94.68 debconf: unable to initialize frontend: Dialog
#5 94.68 debconf: (TERM is not set, so the dialog frontend is not usable.)
#5 94.68 debconf: falling back to frontend: Readline
#5 94.69 debconf: unable to initialize frontend: Readline
#5 94.69 debconf: (This frontend requires a controlling tty.)
#5 94.69 debconf: falling back to frontend: Teletype
#5 94.69 debconf: unable to initialize frontend: Teletype
#5 94.69 debconf: (This frontend requires a controlling tty.)
#5 94.69 debconf: falling back to frontend: Noninteractive
#5 94.71 Creating config file /etc/idmapd.conf with new version
#5 94.77 debconf: unable to initialize frontend: Dialog
#5 94.77 debconf: (TERM is not set, so the dialog frontend is not usable.)
#5 94.77 debconf: falling back to frontend: Readline
#5 94.78 debconf: unable to initialize frontend: Readline
#5 94.78 debconf: (This frontend requires a controlling tty.)
#5 94.78 debconf: falling back to frontend: Teletype
#5 94.78 debconf: unable to initialize frontend: Teletype
#5 94.78 debconf: (This frontend requires a controlling tty.)
#5 94.78 debconf: falling back to frontend: Noninteractive
#5 94.87 debconf: unable to initialize frontend: Dialog
#5 94.87 debconf: (TERM is not set, so the dialog frontend is not usable.)
#5 94.87 debconf: falling back to frontend: Readline
#5 94.87 debconf: unable to initialize frontend: Readline
#5 94.87 debconf: (This frontend requires a controlling tty.)
#5 94.87 debconf: falling back to frontend: Teletype
#5 94.87 debconf: unable to initialize frontend: Teletype
#5 94.87 debconf: (This frontend requires a controlling tty.)
#5 94.87 debconf: falling back to frontend: Noninteractive
#5 94.90 Creating config file /etc/nfs.conf with new version
#5 94.96 update-rc.d: As per Kali policy, nfs-common init script is left disabled.
#5 94.97 invoke-rc.d: could not determine current runlevel
#5 94.97 invoke-rc.d: policy-rc.d denied execution of start.
#5 95.03 Setting up libdigest-perl-md5-perl (1.91-1) ...
#5 95.04 Setting up libtheoradec2:amd64 (1.2.0+dfsg-6+b2) ...
#5 95.05 Setting up libxml-sax-base-perl (1.09-3) ...
#5 95.06 Setting up libswscale9:amd64 (7:8.1.2-2+b3) ...
#5 95.06 Setting up libswresample6:amd64 (7:8.1.2-2+b3) ...
#5 95.07 Setting up libcairo-gobject2:amd64 (1.18.4-3+b1) ...
#5 95.08 Setting up exploitdb (20260826-0kali1) ...
#5 95.09 Setting up python3.14 (3.14.6-1) ...
#5 95.60 Setting up libpangoft2-1.0-0:amd64 (1.58.0-1) ...
#5 95.60 Setting up libsvn1:amd64 (1.14.5-6+b1) ...
#5 95.61 Setting up bind9-host (1:9.20.27-1) ...
#5 95.62 Setting up libcups2t64:amd64 (2.4.18-1) ...
#5 95.62 Setting up libio-socket-ssl-perl (2.099-1) ...
#5 95.63 Setting up libngtcp2-crypto-gnutls8:amd64 (1.24.0-1) ...
#5 95.64 Setting up libpangocairo-1.0-0:amd64 (1.58.0-1) ...
#5 95.64 Setting up libpython3-stdlib:amd64 (3.14.6-1) ...
#5 95.65 Setting up default-mysql-client (1.1.1) ...
#5 95.66 Setting up postgresql-client-18 (18.6-3) ...
#5 95.91 update-alternatives: using /usr/share/postgresql/18/man/man1/psql.1.gz to provide /usr/share/man/man1/psql.1.gz (psql.1.gz) in auto mode
#5 95.93 Setting up libcurl4t64:amd64 (8.21.0-2) ...
#5 95.94 Setting up samba-libs:amd64 (2:4.24.5+dfsg-1) ...
#5 95.95 Setting up python3 (3.14.6-1) ...
#5 95.96 running python rtupdate hooks for python3.14...
#5 96.59 running python post-rtupdate hooks for python3.14...
#5 96.66 Setting up python3-click (8.3.3-2) ...
#5 96.76 Setting up python3-markupsafe (3.0.3-2+b1) ...
#5 96.83 Setting up libxml-sax-perl (1.02+dfsg-5) ...
#5 96.86 update-perl-sax-parsers: Registering Perl SAX parser XML::SAX::PurePerl with priority 10...
#5 96.89 update-perl-sax-parsers: Updating overall Perl SAX parser modules info file...
#5 96.94 debconf: unable to initialize frontend: Dialog
#5 96.94 debconf: (TERM is not set, so the dialog frontend is not usable.)
#5 96.94 debconf: falling back to frontend: Readline
#5 96.95 debconf: unable to initialize frontend: Readline
#5 96.95 debconf: (This frontend requires a controlling tty.)
#5 96.95 debconf: falling back to frontend: Teletype
#5 96.95 debconf: unable to initialize frontend: Teletype
#5 96.95 debconf: (This frontend requires a controlling tty.)
#5 96.95 debconf: falling back to frontend: Noninteractive
#5 96.97 Creating config file /etc/perl/XML/SAX/ParserDetails.ini with new version
#5 96.99 Setting up python3-six (1.17.0-3) ...
#5 97.06 Setting up python3-jinja2 (3.1.6-3) ...
#5 97.18 Setting up python3-werkzeug (3.1.8-1) ...
#5 97.31 Setting up libxml-libxml-perl (2.0207+dfsg+really+2.0134-8+b1) ...
#5 97.33 update-perl-sax-parsers: Registering Perl SAX parser XML::LibXML::SAX::Parser with priority 50...
#5 97.37 update-perl-sax-parsers: Registering Perl SAX parser XML::LibXML::SAX with priority 50...
#5 97.40 update-perl-sax-parsers: Updating overall Perl SAX parser modules info file...
#5 97.45 debconf: unable to initialize frontend: Dialog
#5 97.45 debconf: (TERM is not set, so the dialog frontend is not usable.)
#5 97.45 debconf: falling back to frontend: Readline
#5 97.46 debconf: unable to initialize frontend: Readline
#5 97.46 debconf: (This frontend requires a controlling tty.)
#5 97.46 debconf: falling back to frontend: Teletype
#5 97.46 debconf: unable to initialize frontend: Teletype
#5 97.46 debconf: (This frontend requires a controlling tty.)
#5 97.46 debconf: falling back to frontend: Noninteractive
#5 97.48 Replacing config file /etc/perl/XML/SAX/ParserDetails.ini with new version
#5 97.50 Setting up samba-common-bin (2:4.24.5+dfsg-1) ...
#5 97.51 Setting up python3-dnspython (2.8.0-5) ...
#5 97.68 Setting up python3-pyasn1 (0.6.4-1) ...
#5 97.78 Setting up curl (8.21.0-2) ...
#5 97.79 Setting up nikto (1:2.6.1-0kali1) ...
#5 97.80 Setting up bind9-dnsutils (1:9.20.27-1) ...
#5 97.81 Setting up python3-magic (2:0.4.27-6) ...
#5 97.88 Setting up libsmbclient0:amd64 (2:4.24.5+dfsg-1) ...
#5 97.89 Setting up python-is-python3 (3.13.3-1) ...
#5 97.89 Setting up python3-cffi-backend:amd64 (2.1.1-1) ...
#5 97.90 Setting up samba (2:4.24.5+dfsg-1) ...
#5 97.93 update-rc.d: We have no instructions for the smbd init script.
#5 97.93 update-rc.d: It looks like a network service, we disable it.
#5 97.94 invoke-rc.d: could not determine current runlevel
#5 97.94 invoke-rc.d: policy-rc.d denied execution of start.
#5 97.95 update-rc.d: We have no instructions for the nmbd init script.
#5 97.95 update-rc.d: It looks like a network service, we disable it.
#5 98.10 Setting up python3-blinker (1.9.0-2) ...
#5 98.17 Setting up postgresql-client (18+290) ...
#5 98.17 Setting up python3-charset-normalizer (3.4.7-2) ...
#5 98.25 Setting up python3-pycryptodome (3.20.0+dfsg-3) ...
#5 98.51 Setting up python3-bcrypt (5.0.0-6) ...
#5 98.58 Setting up sqlmap (1.10.8-1) ...
#5 98.67 Setting up python3-itsdangerous (2.2.0-3) ...
#5 98.74 Setting up python3-ldap3 (2.9.1-2) ...
#5 98.90 Setting up python3-pyasn1-modules (0.4.1-2) ...
#5 99.05 Setting up python3-cryptography (47.0.0-1) ...
#5 99.17 Setting up smbclient (2:4.24.5+dfsg-1) ...
#5 99.18 Setting up python3-ldapdomaindump (0.9.4-2) ...
#5 99.25 Setting up python3-openssl (26.2.0-1) ...
#5 99.33 Setting up python3-flask (3.1.3-4) ...
#5 99.43 Setting up python3-impacket (0.13.0+git20251120-9c2d8b6-0kali1) ...
#5 99.82 /usr/lib/python3/dist-packages/impacket/mssql/version.py:182: SyntaxWarning: 'return' in a 'finally' block
#5 99.82   return string
#5 99.94 Setting up polenum (1.7-1) ...
#5 99.95 Setting up enum4linux (0.9.1-0kali2) ...
#5 99.95 Setting up libheif-plugin-libde265:amd64 (1.23.2-1) ...
#5 99.96 Setting up libheif1:amd64 (1.23.2-1) ...
#5 99.97 Setting up glycin-thumbnailers (2.1.5+ds-2) ...
#5 99.98 Setting up ruby3.3 (3.3.8-2.2) ...
#5 99.98 Setting up libheif-plugin-dav1d:amd64 (1.23.2-1) ...
#5 99.99 Setting up glycin-loaders (2.1.5+ds-2) ...
#5 100.00 Setting up libglycin-2-0:amd64 (2.1.5+ds-2) ...
#5 100.0 Setting up libruby:amd64 (1:3.3+b1) ...
#5 100.0 Setting up ruby (1:3.3+b1) ...
#5 100.0 Setting up rake (13.4.2-1) ...
#5 100.0 Setting up libgdk-pixbuf-2.0-0:amd64 (2.44.7+dfsg-1) ...
#5 100.0 Setting up libruby3.3:amd64 (3.3.8-2.2) ...
#5 100.0 Setting up whatweb (0.6.4-1) ...
#5 100.0 Setting up ruby-rubygems (4.0.18-1) ...
#5 100.1 Setting up librsvg2-2:amd64 (2.62.1+dfsg-1) ...
#5 100.1 Setting up libavcodec62:amd64 (7:8.1.2-2+b3) ...
#5 100.1 Setting up libfreerdp3-3:amd64 (3.31.0+dfsg-1) ...
#5 100.1 Setting up hydra (9.7-1) ...
#5 100.1 Processing triggers for libc-bin (2.42-17) ...
#5 100.1 Processing triggers for ca-certificates (20260601) ...
#5 100.1 Updating certificates in /etc/ssl/certs...
#5 100.4 0 added, 0 removed; done.
#5 100.4 Running hooks in /etc/ca-certificates/update.d...
#5 100.4 done.
#5 DONE 100.9s

#6 [kali 3/4] RUN searchsploit -u || true
#6 0.364 [i] Updating via apt package management (Expect weekly-ish updates): exploitdb
#6 0.364 
#6 0.364 /usr/bin/searchsploit: line 187: sudo: command not found
#6 0.364 
#6 0.364 [-] Issue with apt update (Please check network connectivity & apt SourcesList values)
#6 0.364 /usr/bin/searchsploit: line 189: sudo: command not found
#6 0.365 
#6 0.365 [*] apt update finished
#6 0.365 
#6 0.365 [-] Issue with apt upgrade
#6 0.376 [i] Updating via Git (Expect daily updates): exploitdb-papers ~ /usr/share/exploitdb-papers
#6 0.376 
#6 0.379 
#6 0.379 [-] Nothing here (/usr/share/exploitdb-papers). Starting fresh...
#6 0.379 /usr/bin/searchsploit: line 227: sudo: command not found
#6 0.380 /usr/bin/searchsploit: line 232: git: command not found
#6 0.380 
#6 0.380 [-] Missing Git remote upstream (https://gitlab.com/exploit-database/exploitdb-papers.git)
#6 0.380 /usr/bin/searchsploit: line 235: sudo: command not found
#6 0.381 /usr/bin/searchsploit: line 237: sudo: command not found
#6 0.382 /usr/bin/searchsploit: line 242: sudo: command not found
#6 0.382 /usr/bin/searchsploit: line 245: git: command not found
#6 0.383 
#6 0.383 [i] Git pull'ing
#6 0.384 /usr/bin/searchsploit: line 250: sudo: command not found
#6 0.384 
#6 0.384 [-] Git conflict
#6 0.384 /usr/bin/searchsploit: line 255: git: command not found
#6 0.385 /usr/bin/searchsploit: line 256: sudo: command not found
#6 0.385 /usr/bin/searchsploit: line 257: git: command not found
#6 0.385 /usr/bin/searchsploit: line 258: sudo: command not found
#6 0.386 
#6 0.386 [*] Git update finished
#6 0.386 [i] Path: /usr/share/exploitdb-papers/
#6 DONE 0.4s

#7 [kali 4/4] WORKDIR /opt/argus-ai
#7 DONE 0.0s

#8 [kali] exporting to image
#8 exporting layers
#8 exporting layers 18.2s done
#8 exporting manifest sha256:9c3abdfe3bdac01346f7d8659ff16914877c103b3451caf12b893c6d7678028a done
#8 exporting config sha256:c1872e7e69220aa8e9de9ec6bd5c009bb47139386f2b4eb4da27afd258679543 done
#8 exporting attestation manifest sha256:e2b91e1c0e96b1506416461428d811410b48342114d981a69effc3248846c02e 0.0s done
#8 exporting manifest list sha256:0b6eb9a2ee7f1797cd063327ecb15e711c4819c27b44d85a8bc8accdb039c072 done
#8 naming to docker.io/library/argus-metasploitable-lab-kali:latest done
#8 unpacking to docker.io/library/argus-metasploitable-lab-kali:latest
#8 unpacking to docker.io/library/argus-metasploitable-lab-kali:latest 6.6s done
#8 DONE 24.9s

#9 [kali] resolving provenance for metadata file
#9 DONE 0.0s
 kali  Built
 Network argus-metasploitable-lab_pentestlab  Creating
 Network argus-metasploitable-lab_pentestlab  Created
 Container argus-metasploitable-lab-target-m-1  Creating
 Container argus-metasploitable-lab-target-m-1  Created
 Container argus-metasploitable-lab-kali-1  Creating
 Container argus-metasploitable-lab-kali-1  Created
 Container argus-metasploitable-lab-target-m-1  Starting
 Container argus-metasploitable-lab-target-m-1  Started
 Container argus-metasploitable-lab-kali-1  Starting
 Container argus-metasploitable-lab-kali-1  Started
EXIT=0
